images,masks
cropped_00000041_3840_2880.png,cropped_00000041_3840_2880_mask.png
cropped_00000041_1920_960.png,cropped_00000041_1920_960_mask.png
cropped_00000041_1920_2400.png,cropped_00000041_1920_2400_mask.png
cropped_00000041_2880_480.png,cropped_00000041_2880_480_mask.png
cropped_00000041_480_2400.png,cropped_00000041_480_2400_mask.png
cropped_00000041_2400_2400.png,cropped_00000041_2400_2400_mask.png
cropped_00000041_3360_1920.png,cropped_00000041_3360_1920_mask.png
cropped_00000041_960_960.png,cropped_00000041_960_960_mask.png
cropped_00000041_1440_1920.png,cropped_00000041_1440_1920_mask.png
cropped_00000041_480_1440.png,cropped_00000041_480_1440_mask.png
cropped_00000041_3840_0.png,cropped_00000041_3840_0_mask.png
cropped_00000041_3840_960.png,cropped_00000041_3840_960_mask.png
cropped_00000041_0_1440.png,cropped_00000041_0_1440_mask.png
cropped_00000041_480_960.png,cropped_00000041_480_960_mask.png
cropped_00000041_480_480.png,cropped_00000041_480_480_mask.png
cropped_00000041_1920_1440.png,cropped_00000041_1920_1440_mask.png
cropped_00000041_3360_960.png,cropped_00000041_3360_960_mask.png
cropped_00000041_3360_2880.png,cropped_00000041_3360_2880_mask.png
cropped_00000041_2400_1920.png,cropped_00000041_2400_1920_mask.png
cropped_00000041_0_480.png,cropped_00000041_0_480_mask.png
cropped_00000041_1920_1920.png,cropped_00000041_1920_1920_mask.png
cropped_0010_label_FCjmsocM_3840_2880.png,cropped_0010_label_FCjmsocM_3840_2880_mask.png
cropped_0010_label_FCjmsocM_1440_480.png,cropped_0010_label_FCjmsocM_1440_480_mask.png
cropped_0010_label_FCjmsocM_1440_1920.png,cropped_0010_label_FCjmsocM_1440_1920_mask.png
cropped_0010_label_FCjmsocM_1440_960.png,cropped_0010_label_FCjmsocM_1440_960_mask.png
cropped_0010_label_FCjmsocM_2880_0.png,cropped_0010_label_FCjmsocM_2880_0_mask.png
cropped_0010_label_FCjmsocM_480_480.png,cropped_0010_label_FCjmsocM_480_480_mask.png
cropped_0010_label_FCjmsocM_1920_0.png,cropped_0010_label_FCjmsocM_1920_0_mask.png
cropped_0010_label_FCjmsocM_1920_480.png,cropped_0010_label_FCjmsocM_1920_480_mask.png
cropped_0010_label_FCjmsocM_2880_480.png,cropped_0010_label_FCjmsocM_2880_480_mask.png
cropped_0010_label_FCjmsocM_0_1920.png,cropped_0010_label_FCjmsocM_0_1920_mask.png
cropped_0010_label_FCjmsocM_960_0.png,cropped_0010_label_FCjmsocM_960_0_mask.png
cropped_0010_label_FCjmsocM_0_2880.png,cropped_0010_label_FCjmsocM_0_2880_mask.png
cropped_0010_label_FCjmsocM_480_0.png,cropped_0010_label_FCjmsocM_480_0_mask.png
cropped_0010_label_FCjmsocM_1440_1440.png,cropped_0010_label_FCjmsocM_1440_1440_mask.png
cropped_0010_label_FCjmsocM_3840_480.png,cropped_0010_label_FCjmsocM_3840_480_mask.png
cropped_0010_label_FCjmsocM_2400_0.png,cropped_0010_label_FCjmsocM_2400_0_mask.png
cropped_0010_label_FCjmsocM_0_960.png,cropped_0010_label_FCjmsocM_0_960_mask.png
cropped_0010_label_FCjmsocM_960_480.png,cropped_0010_label_FCjmsocM_960_480_mask.png
cropped_0010_label_FCjmsocM_1920_960.png,cropped_0010_label_FCjmsocM_1920_960_mask.png
cropped_0010_label_FCjmsocM_960_1920.png,cropped_0010_label_FCjmsocM_960_1920_mask.png
cropped_0010_label_FCjmsocM_0_480.png,cropped_0010_label_FCjmsocM_0_480_mask.png
cropped_0010_label_FCjmsocM_3840_1440.png,cropped_0010_label_FCjmsocM_3840_1440_mask.png
cropped_0010_label_FCjmsocM_2400_480.png,cropped_0010_label_FCjmsocM_2400_480_mask.png
cropped_0010_label_FCjmsocM_1440_0.png,cropped_0010_label_FCjmsocM_1440_0_mask.png
cropped_0010_label_FCjmsocM_480_960.png,cropped_0010_label_FCjmsocM_480_960_mask.png
cropped_0010_label_FCjmsocM_3360_0.png,cropped_0010_label_FCjmsocM_3360_0_mask.png
cropped_0010_label_FCjmsocM_1440_2400.png,cropped_0010_label_FCjmsocM_1440_2400_mask.png
cropped_0002_label_BRxm2MyU_1920_2880.png,cropped_0002_label_BRxm2MyU_1920_2880_mask.png
cropped_0002_label_BRxm2MyU_2880_1920.png,cropped_0002_label_BRxm2MyU_2880_1920_mask.png
cropped_0002_label_BRxm2MyU_1920_0.png,cropped_0002_label_BRxm2MyU_1920_0_mask.png
cropped_0002_label_BRxm2MyU_960_0.png,cropped_0002_label_BRxm2MyU_960_0_mask.png
cropped_0002_label_BRxm2MyU_3840_960.png,cropped_0002_label_BRxm2MyU_3840_960_mask.png
cropped_0002_label_BRxm2MyU_960_1920.png,cropped_0002_label_BRxm2MyU_960_1920_mask.png
cropped_0002_label_BRxm2MyU_3360_960.png,cropped_0002_label_BRxm2MyU_3360_960_mask.png
cropped_0002_label_BRxm2MyU_2400_1440.png,cropped_0002_label_BRxm2MyU_2400_1440_mask.png
cropped_0002_label_BRxm2MyU_3360_0.png,cropped_0002_label_BRxm2MyU_3360_0_mask.png
cropped_0002_label_BRxm2MyU_0_0.png,cropped_0002_label_BRxm2MyU_0_0_mask.png
cropped_0002_label_BRxm2MyU_2880_1440.png,cropped_0002_label_BRxm2MyU_2880_1440_mask.png
cropped_0002_label_BRxm2MyU_1440_2880.png,cropped_0002_label_BRxm2MyU_1440_2880_mask.png
cropped_0002_label_BRxm2MyU_3360_480.png,cropped_0002_label_BRxm2MyU_3360_480_mask.png
cropped_0002_label_BRxm2MyU_3360_2880.png,cropped_0002_label_BRxm2MyU_3360_2880_mask.png
cropped_0002_label_BRxm2MyU_1920_2400.png,cropped_0002_label_BRxm2MyU_1920_2400_mask.png
cropped_0002_label_BRxm2MyU_1920_960.png,cropped_0002_label_BRxm2MyU_1920_960_mask.png
cropped_0002_label_BRxm2MyU_2400_2880.png,cropped_0002_label_BRxm2MyU_2400_2880_mask.png
cropped_0002_label_BRxm2MyU_960_2880.png,cropped_0002_label_BRxm2MyU_960_2880_mask.png
cropped_0002_label_BRxm2MyU_3840_480.png,cropped_0002_label_BRxm2MyU_3840_480_mask.png
cropped_0002_label_BRxm2MyU_480_0.png,cropped_0002_label_BRxm2MyU_480_0_mask.png
cropped_0002_label_BRxm2MyU_480_480.png,cropped_0002_label_BRxm2MyU_480_480_mask.png
cropped_0002_label_BRxm2MyU_3360_1440.png,cropped_0002_label_BRxm2MyU_3360_1440_mask.png
cropped_0002_label_BRxm2MyU_480_2880.png,cropped_0002_label_BRxm2MyU_480_2880_mask.png
cropped_0002_label_BRxm2MyU_2400_2400.png,cropped_0002_label_BRxm2MyU_2400_2400_mask.png
cropped_0002_label_BRxm2MyU_0_1440.png,cropped_0002_label_BRxm2MyU_0_1440_mask.png
cropped_0002_label_BRxm2MyU_0_1920.png,cropped_0002_label_BRxm2MyU_0_1920_mask.png
cropped_0002_label_BRxm2MyU_2400_1920.png,cropped_0002_label_BRxm2MyU_2400_1920_mask.png
cropped_0002_label_BRxm2MyU_1920_1920.png,cropped_0002_label_BRxm2MyU_1920_1920_mask.png
cropped_0002_label_BRxm2MyU_1440_2400.png,cropped_0002_label_BRxm2MyU_1440_2400_mask.png
cropped_00000023_2_1440_960.png,cropped_00000023_2_1440_960_mask.png
cropped_00000023_2_480_2880.png,cropped_00000023_2_480_2880_mask.png
cropped_00000023_2_3360_2880.png,cropped_00000023_2_3360_2880_mask.png
cropped_00000023_2_1440_1920.png,cropped_00000023_2_1440_1920_mask.png
cropped_00000023_2_3840_1920.png,cropped_00000023_2_3840_1920_mask.png
cropped_00000023_2_960_0.png,cropped_00000023_2_960_0_mask.png
cropped_00000023_2_2880_0.png,cropped_00000023_2_2880_0_mask.png
cropped_00000023_2_1920_2400.png,cropped_00000023_2_1920_2400_mask.png
cropped_00000023_2_1920_0.png,cropped_00000023_2_1920_0_mask.png
cropped_00000023_2_1440_2880.png,cropped_00000023_2_1440_2880_mask.png
cropped_00000023_2_2880_1920.png,cropped_00000023_2_2880_1920_mask.png
cropped_00000023_2_2400_480.png,cropped_00000023_2_2400_480_mask.png
cropped_00000023_2_480_2400.png,cropped_00000023_2_480_2400_mask.png
cropped_00000023_2_960_2880.png,cropped_00000023_2_960_2880_mask.png
cropped_00000023_2_2880_2880.png,cropped_00000023_2_2880_2880_mask.png
cropped_0003_label_lY40XnMe_960_1440.png,cropped_0003_label_lY40XnMe_960_1440_mask.png
cropped_0003_label_lY40XnMe_2400_960.png,cropped_0003_label_lY40XnMe_2400_960_mask.png
cropped_0003_label_lY40XnMe_480_0.png,cropped_0003_label_lY40XnMe_480_0_mask.png
cropped_0003_label_lY40XnMe_3360_1920.png,cropped_0003_label_lY40XnMe_3360_1920_mask.png
cropped_0003_label_lY40XnMe_1440_1920.png,cropped_0003_label_lY40XnMe_1440_1920_mask.png
cropped_0003_label_lY40XnMe_1920_1440.png,cropped_0003_label_lY40XnMe_1920_1440_mask.png
cropped_0003_label_lY40XnMe_1920_480.png,cropped_0003_label_lY40XnMe_1920_480_mask.png
cropped_0003_label_lY40XnMe_960_1920.png,cropped_0003_label_lY40XnMe_960_1920_mask.png
cropped_0003_label_lY40XnMe_3840_0.png,cropped_0003_label_lY40XnMe_3840_0_mask.png
cropped_0003_label_lY40XnMe_1920_1920.png,cropped_0003_label_lY40XnMe_1920_1920_mask.png
cropped_0003_label_lY40XnMe_3840_2880.png,cropped_0003_label_lY40XnMe_3840_2880_mask.png
cropped_0003_label_lY40XnMe_1920_960.png,cropped_0003_label_lY40XnMe_1920_960_mask.png
cropped_0003_label_lY40XnMe_2880_960.png,cropped_0003_label_lY40XnMe_2880_960_mask.png
cropped_0003_label_lY40XnMe_480_1920.png,cropped_0003_label_lY40XnMe_480_1920_mask.png
cropped_0003_label_lY40XnMe_2880_0.png,cropped_0003_label_lY40XnMe_2880_0_mask.png
cropped_0003_label_lY40XnMe_0_1920.png,cropped_0003_label_lY40XnMe_0_1920_mask.png
cropped_0003_label_lY40XnMe_1920_2880.png,cropped_0003_label_lY40XnMe_1920_2880_mask.png
cropped_0003_label_lY40XnMe_1440_1440.png,cropped_0003_label_lY40XnMe_1440_1440_mask.png
cropped_0003_label_lY40XnMe_2400_1440.png,cropped_0003_label_lY40XnMe_2400_1440_mask.png
cropped_0003_label_lY40XnMe_0_0.png,cropped_0003_label_lY40XnMe_0_0_mask.png
cropped_0003_label_lY40XnMe_2880_2880.png,cropped_0003_label_lY40XnMe_2880_2880_mask.png
cropped_0003_label_lY40XnMe_480_2400.png,cropped_0003_label_lY40XnMe_480_2400_mask.png
cropped_0008_label_l26civYo_480_1440.png,cropped_0008_label_l26civYo_480_1440_mask.png
cropped_0008_label_l26civYo_480_0.png,cropped_0008_label_l26civYo_480_0_mask.png
cropped_0008_label_l26civYo_1920_960.png,cropped_0008_label_l26civYo_1920_960_mask.png
cropped_0008_label_l26civYo_2400_0.png,cropped_0008_label_l26civYo_2400_0_mask.png
cropped_0008_label_l26civYo_2400_2400.png,cropped_0008_label_l26civYo_2400_2400_mask.png
cropped_0008_label_l26civYo_0_480.png,cropped_0008_label_l26civYo_0_480_mask.png
cropped_0008_label_l26civYo_1920_2400.png,cropped_0008_label_l26civYo_1920_2400_mask.png
cropped_0008_label_l26civYo_480_480.png,cropped_0008_label_l26civYo_480_480_mask.png
cropped_0008_label_l26civYo_3360_960.png,cropped_0008_label_l26civYo_3360_960_mask.png
cropped_0008_label_l26civYo_0_1440.png,cropped_0008_label_l26civYo_0_1440_mask.png
cropped_0008_label_l26civYo_2400_1440.png,cropped_0008_label_l26civYo_2400_1440_mask.png
cropped_0008_label_l26civYo_960_0.png,cropped_0008_label_l26civYo_960_0_mask.png
cropped_0008_label_l26civYo_1440_960.png,cropped_0008_label_l26civYo_1440_960_mask.png
cropped_0008_label_l26civYo_3360_2400.png,cropped_0008_label_l26civYo_3360_2400_mask.png
cropped_0008_label_l26civYo_0_0.png,cropped_0008_label_l26civYo_0_0_mask.png
cropped_0008_label_l26civYo_3840_1920.png,cropped_0008_label_l26civYo_3840_1920_mask.png
cropped_0008_label_l26civYo_0_1920.png,cropped_0008_label_l26civYo_0_1920_mask.png
cropped_0008_label_l26civYo_1920_480.png,cropped_0008_label_l26civYo_1920_480_mask.png
cropped_0008_label_l26civYo_960_2400.png,cropped_0008_label_l26civYo_960_2400_mask.png
cropped_0008_label_l26civYo_3840_0.png,cropped_0008_label_l26civYo_3840_0_mask.png
cropped_0008_label_l26civYo_1920_0.png,cropped_0008_label_l26civYo_1920_0_mask.png
cropped_0019_label_QbCmZ2ce_480_960.png,cropped_0019_label_QbCmZ2ce_480_960_mask.png
cropped_0019_label_QbCmZ2ce_2400_2880.png,cropped_0019_label_QbCmZ2ce_2400_2880_mask.png
cropped_0019_label_QbCmZ2ce_1440_480.png,cropped_0019_label_QbCmZ2ce_1440_480_mask.png
cropped_0019_label_QbCmZ2ce_2400_960.png,cropped_0019_label_QbCmZ2ce_2400_960_mask.png
cropped_0019_label_QbCmZ2ce_960_960.png,cropped_0019_label_QbCmZ2ce_960_960_mask.png
cropped_0019_label_QbCmZ2ce_3840_480.png,cropped_0019_label_QbCmZ2ce_3840_480_mask.png
cropped_0019_label_QbCmZ2ce_2880_1440.png,cropped_0019_label_QbCmZ2ce_2880_1440_mask.png
cropped_0019_label_QbCmZ2ce_3360_2880.png,cropped_0019_label_QbCmZ2ce_3360_2880_mask.png
cropped_0019_label_QbCmZ2ce_2400_1440.png,cropped_0019_label_QbCmZ2ce_2400_1440_mask.png
cropped_0019_label_QbCmZ2ce_960_0.png,cropped_0019_label_QbCmZ2ce_960_0_mask.png
cropped_0019_label_QbCmZ2ce_480_2400.png,cropped_0019_label_QbCmZ2ce_480_2400_mask.png
cropped_0019_label_QbCmZ2ce_3840_960.png,cropped_0019_label_QbCmZ2ce_3840_960_mask.png
cropped_0019_label_QbCmZ2ce_3360_2400.png,cropped_0019_label_QbCmZ2ce_3360_2400_mask.png
cropped_0010_label_tALCG3Yy_960_480.png,cropped_0010_label_tALCG3Yy_960_480_mask.png
cropped_0010_label_tALCG3Yy_2400_1920.png,cropped_0010_label_tALCG3Yy_2400_1920_mask.png
cropped_0010_label_tALCG3Yy_1920_960.png,cropped_0010_label_tALCG3Yy_1920_960_mask.png
cropped_0010_label_tALCG3Yy_480_2880.png,cropped_0010_label_tALCG3Yy_480_2880_mask.png
cropped_0010_label_tALCG3Yy_3840_1920.png,cropped_0010_label_tALCG3Yy_3840_1920_mask.png
cropped_0010_label_tALCG3Yy_0_1920.png,cropped_0010_label_tALCG3Yy_0_1920_mask.png
cropped_0010_label_tALCG3Yy_960_2400.png,cropped_0010_label_tALCG3Yy_960_2400_mask.png
cropped_0010_label_tALCG3Yy_2400_2400.png,cropped_0010_label_tALCG3Yy_2400_2400_mask.png
cropped_0010_label_tALCG3Yy_2880_1920.png,cropped_0010_label_tALCG3Yy_2880_1920_mask.png
cropped_0010_label_tALCG3Yy_3840_960.png,cropped_0010_label_tALCG3Yy_3840_960_mask.png
cropped_0010_label_tALCG3Yy_2880_2880.png,cropped_0010_label_tALCG3Yy_2880_2880_mask.png
cropped_0010_label_tALCG3Yy_960_2880.png,cropped_0010_label_tALCG3Yy_960_2880_mask.png
cropped_0010_label_tALCG3Yy_1920_1440.png,cropped_0010_label_tALCG3Yy_1920_1440_mask.png
cropped_0010_label_tALCG3Yy_2400_960.png,cropped_0010_label_tALCG3Yy_2400_960_mask.png
cropped_0010_label_tALCG3Yy_960_0.png,cropped_0010_label_tALCG3Yy_960_0_mask.png
cropped_0010_label_tALCG3Yy_2880_1440.png,cropped_0010_label_tALCG3Yy_2880_1440_mask.png
cropped_0010_label_tALCG3Yy_0_1440.png,cropped_0010_label_tALCG3Yy_0_1440_mask.png
cropped_0004_label_s2HioE5t_1920_1440.png,cropped_0004_label_s2HioE5t_1920_1440_mask.png
cropped_0004_label_s2HioE5t_3360_2400.png,cropped_0004_label_s2HioE5t_3360_2400_mask.png
cropped_0004_label_s2HioE5t_2880_1440.png,cropped_0004_label_s2HioE5t_2880_1440_mask.png
cropped_0004_label_s2HioE5t_3360_480.png,cropped_0004_label_s2HioE5t_3360_480_mask.png
cropped_0004_label_s2HioE5t_2400_480.png,cropped_0004_label_s2HioE5t_2400_480_mask.png
cropped_0004_label_s2HioE5t_1440_1440.png,cropped_0004_label_s2HioE5t_1440_1440_mask.png
cropped_0004_label_s2HioE5t_960_1920.png,cropped_0004_label_s2HioE5t_960_1920_mask.png
cropped_0004_label_s2HioE5t_3840_1920.png,cropped_0004_label_s2HioE5t_3840_1920_mask.png
cropped_0004_label_s2HioE5t_0_1440.png,cropped_0004_label_s2HioE5t_0_1440_mask.png
cropped_0004_label_s2HioE5t_960_960.png,cropped_0004_label_s2HioE5t_960_960_mask.png
cropped_0004_label_s2HioE5t_3360_0.png,cropped_0004_label_s2HioE5t_3360_0_mask.png
cropped_0004_label_s2HioE5t_1440_2880.png,cropped_0004_label_s2HioE5t_1440_2880_mask.png
cropped_0004_label_s2HioE5t_480_0.png,cropped_0004_label_s2HioE5t_480_0_mask.png
cropped_0004_label_s2HioE5t_480_480.png,cropped_0004_label_s2HioE5t_480_480_mask.png
cropped_0004_label_s2HioE5t_3360_1440.png,cropped_0004_label_s2HioE5t_3360_1440_mask.png
cropped_0004_label_s2HioE5t_960_1440.png,cropped_0004_label_s2HioE5t_960_1440_mask.png
cropped_0004_label_s2HioE5t_0_2400.png,cropped_0004_label_s2HioE5t_0_2400_mask.png
cropped_0004_label_s2HioE5t_1440_2400.png,cropped_0004_label_s2HioE5t_1440_2400_mask.png
cropped_0004_label_s2HioE5t_2880_0.png,cropped_0004_label_s2HioE5t_2880_0_mask.png
cropped_0009_label_XP0UKXUr_2400_1920.png,cropped_0009_label_XP0UKXUr_2400_1920_mask.png
cropped_0009_label_XP0UKXUr_960_2400.png,cropped_0009_label_XP0UKXUr_960_2400_mask.png
cropped_0009_label_XP0UKXUr_960_2880.png,cropped_0009_label_XP0UKXUr_960_2880_mask.png
cropped_0009_label_XP0UKXUr_2400_1440.png,cropped_0009_label_XP0UKXUr_2400_1440_mask.png
cropped_0009_label_XP0UKXUr_2880_960.png,cropped_0009_label_XP0UKXUr_2880_960_mask.png
cropped_0009_label_XP0UKXUr_2880_2400.png,cropped_0009_label_XP0UKXUr_2880_2400_mask.png
cropped_0009_label_XP0UKXUr_0_960.png,cropped_0009_label_XP0UKXUr_0_960_mask.png
cropped_0009_label_XP0UKXUr_480_0.png,cropped_0009_label_XP0UKXUr_480_0_mask.png
cropped_0009_label_XP0UKXUr_2880_2880.png,cropped_0009_label_XP0UKXUr_2880_2880_mask.png
cropped_0009_label_XP0UKXUr_480_2400.png,cropped_0009_label_XP0UKXUr_480_2400_mask.png
cropped_0009_label_XP0UKXUr_3840_2400.png,cropped_0009_label_XP0UKXUr_3840_2400_mask.png
cropped_0009_label_XP0UKXUr_1440_480.png,cropped_0009_label_XP0UKXUr_1440_480_mask.png
cropped_00000010_960_2880.png,cropped_00000010_960_2880_mask.png
cropped_00000010_2880_0.png,cropped_00000010_2880_0_mask.png
cropped_00000010_480_1440.png,cropped_00000010_480_1440_mask.png
cropped_00000010_1920_1440.png,cropped_00000010_1920_1440_mask.png
cropped_00000010_480_960.png,cropped_00000010_480_960_mask.png
cropped_00000010_0_2880.png,cropped_00000010_0_2880_mask.png
cropped_00000010_1440_960.png,cropped_00000010_1440_960_mask.png
cropped_00000010_1920_0.png,cropped_00000010_1920_0_mask.png
cropped_00000010_2400_480.png,cropped_00000010_2400_480_mask.png
cropped_00000010_2400_960.png,cropped_00000010_2400_960_mask.png
cropped_00000010_1920_960.png,cropped_00000010_1920_960_mask.png
cropped_00000010_1920_2880.png,cropped_00000010_1920_2880_mask.png
cropped_00000010_960_0.png,cropped_00000010_960_0_mask.png
cropped_00000010_3840_2880.png,cropped_00000010_3840_2880_mask.png
cropped_00000010_3840_2400.png,cropped_00000010_3840_2400_mask.png
cropped_00000010_1440_0.png,cropped_00000010_1440_0_mask.png
cropped_00000010_2880_2400.png,cropped_00000010_2880_2400_mask.png
cropped_00000010_3840_1440.png,cropped_00000010_3840_1440_mask.png
cropped_00000010_3360_2880.png,cropped_00000010_3360_2880_mask.png
cropped_00000010_1440_1440.png,cropped_00000010_1440_1440_mask.png
cropped_00000005_7_1920_2880.png,cropped_00000005_7_1920_2880_mask.png
cropped_00000005_7_1440_0.png,cropped_00000005_7_1440_0_mask.png
cropped_00000005_7_480_0.png,cropped_00000005_7_480_0_mask.png
cropped_00000005_7_960_480.png,cropped_00000005_7_960_480_mask.png
cropped_00000005_7_2400_2400.png,cropped_00000005_7_2400_2400_mask.png
cropped_00000005_7_1920_960.png,cropped_00000005_7_1920_960_mask.png
cropped_00000005_7_1440_960.png,cropped_00000005_7_1440_960_mask.png
cropped_00000005_7_2400_480.png,cropped_00000005_7_2400_480_mask.png
cropped_00000005_7_2400_960.png,cropped_00000005_7_2400_960_mask.png
cropped_00000005_7_960_0.png,cropped_00000005_7_960_0_mask.png
cropped_00000005_7_960_960.png,cropped_00000005_7_960_960_mask.png
cropped_00000005_7_1920_0.png,cropped_00000005_7_1920_0_mask.png
cropped_00000005_7_480_1440.png,cropped_00000005_7_480_1440_mask.png
cropped_00000005_7_1920_480.png,cropped_00000005_7_1920_480_mask.png
cropped_00000005_7_2880_480.png,cropped_00000005_7_2880_480_mask.png
cropped_00000005_7_480_960.png,cropped_00000005_7_480_960_mask.png
cropped_00000005_7_2400_1920.png,cropped_00000005_7_2400_1920_mask.png
cropped_00000005_7_480_480.png,cropped_00000005_7_480_480_mask.png
cropped_00000005_7_3360_1440.png,cropped_00000005_7_3360_1440_mask.png
cropped_00000005_7_2880_0.png,cropped_00000005_7_2880_0_mask.png
cropped_00000005_7_960_1440.png,cropped_00000005_7_960_1440_mask.png
cropped_0014_label_Z4lINfjt_1440_2880.png,cropped_0014_label_Z4lINfjt_1440_2880_mask.png
cropped_0014_label_Z4lINfjt_1440_1920.png,cropped_0014_label_Z4lINfjt_1440_1920_mask.png
cropped_0014_label_Z4lINfjt_0_1920.png,cropped_0014_label_Z4lINfjt_0_1920_mask.png
cropped_0014_label_Z4lINfjt_2400_480.png,cropped_0014_label_Z4lINfjt_2400_480_mask.png
cropped_0014_label_Z4lINfjt_2880_960.png,cropped_0014_label_Z4lINfjt_2880_960_mask.png
cropped_0014_label_Z4lINfjt_960_1920.png,cropped_0014_label_Z4lINfjt_960_1920_mask.png
cropped_0014_label_Z4lINfjt_3360_0.png,cropped_0014_label_Z4lINfjt_3360_0_mask.png
cropped_0014_label_Z4lINfjt_3360_1920.png,cropped_0014_label_Z4lINfjt_3360_1920_mask.png
cropped_0014_label_Z4lINfjt_1440_2400.png,cropped_0014_label_Z4lINfjt_1440_2400_mask.png
cropped_0014_label_Z4lINfjt_480_0.png,cropped_0014_label_Z4lINfjt_480_0_mask.png
cropped_0014_label_Z4lINfjt_0_2880.png,cropped_0014_label_Z4lINfjt_0_2880_mask.png
cropped_0014_label_Z4lINfjt_2400_1440.png,cropped_0014_label_Z4lINfjt_2400_1440_mask.png
cropped_0014_label_Z4lINfjt_960_480.png,cropped_0014_label_Z4lINfjt_960_480_mask.png
cropped_0014_label_Z4lINfjt_1440_960.png,cropped_0014_label_Z4lINfjt_1440_960_mask.png
cropped_0014_label_Z4lINfjt_3360_1440.png,cropped_0014_label_Z4lINfjt_3360_1440_mask.png
cropped_0014_label_Z4lINfjt_960_2400.png,cropped_0014_label_Z4lINfjt_960_2400_mask.png
cropped_0014_label_1XDZxhBC_1920_480.png,cropped_0014_label_1XDZxhBC_1920_480_mask.png
cropped_0014_label_1XDZxhBC_1920_1440.png,cropped_0014_label_1XDZxhBC_1920_1440_mask.png
cropped_0014_label_1XDZxhBC_2400_480.png,cropped_0014_label_1XDZxhBC_2400_480_mask.png
cropped_0014_label_1XDZxhBC_2880_0.png,cropped_0014_label_1XDZxhBC_2880_0_mask.png
cropped_0014_label_1XDZxhBC_960_960.png,cropped_0014_label_1XDZxhBC_960_960_mask.png
cropped_0014_label_1XDZxhBC_1440_2400.png,cropped_0014_label_1XDZxhBC_1440_2400_mask.png
cropped_0014_label_1XDZxhBC_2400_1920.png,cropped_0014_label_1XDZxhBC_2400_1920_mask.png
cropped_0014_label_1XDZxhBC_1440_480.png,cropped_0014_label_1XDZxhBC_1440_480_mask.png
cropped_0014_label_1XDZxhBC_3840_1440.png,cropped_0014_label_1XDZxhBC_3840_1440_mask.png
cropped_0014_label_1XDZxhBC_1920_0.png,cropped_0014_label_1XDZxhBC_1920_0_mask.png
cropped_0014_label_1XDZxhBC_2400_0.png,cropped_0014_label_1XDZxhBC_2400_0_mask.png
cropped_0014_label_1XDZxhBC_2880_480.png,cropped_0014_label_1XDZxhBC_2880_480_mask.png
cropped_0014_label_1XDZxhBC_2880_960.png,cropped_0014_label_1XDZxhBC_2880_960_mask.png
cropped_0014_label_1XDZxhBC_3840_2400.png,cropped_0014_label_1XDZxhBC_3840_2400_mask.png
cropped_0014_label_1XDZxhBC_2400_960.png,cropped_0014_label_1XDZxhBC_2400_960_mask.png
cropped_0014_label_1XDZxhBC_3360_0.png,cropped_0014_label_1XDZxhBC_3360_0_mask.png
cropped_0014_label_1XDZxhBC_480_2880.png,cropped_0014_label_1XDZxhBC_480_2880_mask.png
cropped_0014_label_1XDZxhBC_1440_960.png,cropped_0014_label_1XDZxhBC_1440_960_mask.png
cropped_0005_label_FCjmsocM_1440_2400.png,cropped_0005_label_FCjmsocM_1440_2400_mask.png
cropped_0005_label_FCjmsocM_2400_0.png,cropped_0005_label_FCjmsocM_2400_0_mask.png
cropped_0005_label_FCjmsocM_480_2400.png,cropped_0005_label_FCjmsocM_480_2400_mask.png
cropped_0005_label_FCjmsocM_480_1440.png,cropped_0005_label_FCjmsocM_480_1440_mask.png
cropped_0005_label_FCjmsocM_1440_0.png,cropped_0005_label_FCjmsocM_1440_0_mask.png
cropped_0005_label_FCjmsocM_0_0.png,cropped_0005_label_FCjmsocM_0_0_mask.png
cropped_0005_label_FCjmsocM_1920_0.png,cropped_0005_label_FCjmsocM_1920_0_mask.png
cropped_0005_label_FCjmsocM_2400_2880.png,cropped_0005_label_FCjmsocM_2400_2880_mask.png
cropped_0005_label_FCjmsocM_960_480.png,cropped_0005_label_FCjmsocM_960_480_mask.png
cropped_0005_label_FCjmsocM_3360_960.png,cropped_0005_label_FCjmsocM_3360_960_mask.png
cropped_0005_label_FCjmsocM_1920_480.png,cropped_0005_label_FCjmsocM_1920_480_mask.png
cropped_0005_label_FCjmsocM_960_2400.png,cropped_0005_label_FCjmsocM_960_2400_mask.png
cropped_0005_label_FCjmsocM_480_480.png,cropped_0005_label_FCjmsocM_480_480_mask.png
cropped_0005_label_FCjmsocM_1920_1440.png,cropped_0005_label_FCjmsocM_1920_1440_mask.png
cropped_0005_label_FCjmsocM_960_0.png,cropped_0005_label_FCjmsocM_960_0_mask.png
cropped_0005_label_FCjmsocM_480_0.png,cropped_0005_label_FCjmsocM_480_0_mask.png
cropped_0005_label_FCjmsocM_1440_480.png,cropped_0005_label_FCjmsocM_1440_480_mask.png
cropped_0005_label_FCjmsocM_2400_480.png,cropped_0005_label_FCjmsocM_2400_480_mask.png
cropped_0016_label_h2qBCL3Q_3840_2400.png,cropped_0016_label_h2qBCL3Q_3840_2400_mask.png
cropped_0016_label_h2qBCL3Q_1920_960.png,cropped_0016_label_h2qBCL3Q_1920_960_mask.png
cropped_0016_label_h2qBCL3Q_1440_2400.png,cropped_0016_label_h2qBCL3Q_1440_2400_mask.png
cropped_0016_label_h2qBCL3Q_960_1920.png,cropped_0016_label_h2qBCL3Q_960_1920_mask.png
cropped_0016_label_h2qBCL3Q_0_2400.png,cropped_0016_label_h2qBCL3Q_0_2400_mask.png
cropped_0016_label_h2qBCL3Q_1920_1920.png,cropped_0016_label_h2qBCL3Q_1920_1920_mask.png
cropped_0016_label_h2qBCL3Q_2880_960.png,cropped_0016_label_h2qBCL3Q_2880_960_mask.png
cropped_0016_label_h2qBCL3Q_3840_1440.png,cropped_0016_label_h2qBCL3Q_3840_1440_mask.png
cropped_0016_label_h2qBCL3Q_3840_960.png,cropped_0016_label_h2qBCL3Q_3840_960_mask.png
cropped_0016_label_h2qBCL3Q_1920_0.png,cropped_0016_label_h2qBCL3Q_1920_0_mask.png
cropped_0016_label_h2qBCL3Q_1920_2400.png,cropped_0016_label_h2qBCL3Q_1920_2400_mask.png
cropped_0016_label_h2qBCL3Q_480_960.png,cropped_0016_label_h2qBCL3Q_480_960_mask.png
cropped_0016_label_h2qBCL3Q_480_480.png,cropped_0016_label_h2qBCL3Q_480_480_mask.png
cropped_0016_label_h2qBCL3Q_2400_0.png,cropped_0016_label_h2qBCL3Q_2400_0_mask.png
cropped_0016_label_h2qBCL3Q_1920_2880.png,cropped_0016_label_h2qBCL3Q_1920_2880_mask.png
cropped_0016_label_h2qBCL3Q_960_0.png,cropped_0016_label_h2qBCL3Q_960_0_mask.png
cropped_0016_label_h2qBCL3Q_2400_480.png,cropped_0016_label_h2qBCL3Q_2400_480_mask.png
cropped_0016_label_h2qBCL3Q_3360_960.png,cropped_0016_label_h2qBCL3Q_3360_960_mask.png
cropped_0016_label_h2qBCL3Q_2400_960.png,cropped_0016_label_h2qBCL3Q_2400_960_mask.png
cropped_0016_label_h2qBCL3Q_3840_480.png,cropped_0016_label_h2qBCL3Q_3840_480_mask.png
cropped_0016_label_h2qBCL3Q_2400_1920.png,cropped_0016_label_h2qBCL3Q_2400_1920_mask.png
cropped_0016_label_h2qBCL3Q_2880_0.png,cropped_0016_label_h2qBCL3Q_2880_0_mask.png
cropped_0016_label_h2qBCL3Q_960_2880.png,cropped_0016_label_h2qBCL3Q_960_2880_mask.png
cropped_0016_label_h2qBCL3Q_1920_1440.png,cropped_0016_label_h2qBCL3Q_1920_1440_mask.png
cropped_0016_label_h2qBCL3Q_2400_1440.png,cropped_0016_label_h2qBCL3Q_2400_1440_mask.png
cropped_0016_label_h2qBCL3Q_1440_480.png,cropped_0016_label_h2qBCL3Q_1440_480_mask.png
cropped_0016_label_h2qBCL3Q_1440_1920.png,cropped_0016_label_h2qBCL3Q_1440_1920_mask.png
cropped_0016_label_h2qBCL3Q_3360_1440.png,cropped_0016_label_h2qBCL3Q_3360_1440_mask.png
cropped_0016_label_h2qBCL3Q_1440_2880.png,cropped_0016_label_h2qBCL3Q_1440_2880_mask.png
cropped_0001_label_TNURd9tv_0_1920.png,cropped_0001_label_TNURd9tv_0_1920_mask.png
cropped_0001_label_TNURd9tv_1440_1440.png,cropped_0001_label_TNURd9tv_1440_1440_mask.png
cropped_0001_label_TNURd9tv_2400_1440.png,cropped_0001_label_TNURd9tv_2400_1440_mask.png
cropped_0001_label_TNURd9tv_3360_0.png,cropped_0001_label_TNURd9tv_3360_0_mask.png
cropped_0001_label_TNURd9tv_1920_960.png,cropped_0001_label_TNURd9tv_1920_960_mask.png
cropped_0001_label_TNURd9tv_3840_1440.png,cropped_0001_label_TNURd9tv_3840_1440_mask.png
cropped_0001_label_TNURd9tv_2400_2400.png,cropped_0001_label_TNURd9tv_2400_2400_mask.png
cropped_0001_label_TNURd9tv_0_480.png,cropped_0001_label_TNURd9tv_0_480_mask.png
cropped_0001_label_TNURd9tv_3840_480.png,cropped_0001_label_TNURd9tv_3840_480_mask.png
cropped_0001_label_TNURd9tv_1440_0.png,cropped_0001_label_TNURd9tv_1440_0_mask.png
cropped_0001_label_TNURd9tv_2880_2880.png,cropped_0001_label_TNURd9tv_2880_2880_mask.png
cropped_0001_label_TNURd9tv_480_1440.png,cropped_0001_label_TNURd9tv_480_1440_mask.png
cropped_0001_label_TNURd9tv_3360_2400.png,cropped_0001_label_TNURd9tv_3360_2400_mask.png
cropped_0001_label_TNURd9tv_960_960.png,cropped_0001_label_TNURd9tv_960_960_mask.png
cropped_0001_label_TNURd9tv_960_0.png,cropped_0001_label_TNURd9tv_960_0_mask.png
cropped_0001_label_TNURd9tv_1920_480.png,cropped_0001_label_TNURd9tv_1920_480_mask.png
cropped_0001_label_TNURd9tv_3360_960.png,cropped_0001_label_TNURd9tv_3360_960_mask.png
cropped_0001_label_TNURd9tv_480_2880.png,cropped_0001_label_TNURd9tv_480_2880_mask.png
cropped_0006_label_QbCmZ2ce_3840_1440.png,cropped_0006_label_QbCmZ2ce_3840_1440_mask.png
cropped_0006_label_QbCmZ2ce_3360_960.png,cropped_0006_label_QbCmZ2ce_3360_960_mask.png
cropped_0006_label_QbCmZ2ce_3840_960.png,cropped_0006_label_QbCmZ2ce_3840_960_mask.png
cropped_0006_label_QbCmZ2ce_3360_1440.png,cropped_0006_label_QbCmZ2ce_3360_1440_mask.png
cropped_0006_label_QbCmZ2ce_0_960.png,cropped_0006_label_QbCmZ2ce_0_960_mask.png
cropped_0006_label_QbCmZ2ce_2880_0.png,cropped_0006_label_QbCmZ2ce_2880_0_mask.png
cropped_0006_label_QbCmZ2ce_1920_480.png,cropped_0006_label_QbCmZ2ce_1920_480_mask.png
cropped_0006_label_QbCmZ2ce_2400_0.png,cropped_0006_label_QbCmZ2ce_2400_0_mask.png
cropped_0006_label_QbCmZ2ce_2880_1440.png,cropped_0006_label_QbCmZ2ce_2880_1440_mask.png
cropped_0006_label_QbCmZ2ce_1440_1920.png,cropped_0006_label_QbCmZ2ce_1440_1920_mask.png
cropped_0006_label_QbCmZ2ce_2880_960.png,cropped_0006_label_QbCmZ2ce_2880_960_mask.png
cropped_0006_label_QbCmZ2ce_960_2880.png,cropped_0006_label_QbCmZ2ce_960_2880_mask.png
cropped_0006_label_QbCmZ2ce_960_0.png,cropped_0006_label_QbCmZ2ce_960_0_mask.png
cropped_0006_label_QbCmZ2ce_960_1920.png,cropped_0006_label_QbCmZ2ce_960_1920_mask.png
cropped_0006_label_QbCmZ2ce_2400_480.png,cropped_0006_label_QbCmZ2ce_2400_480_mask.png
cropped_0006_label_QbCmZ2ce_960_960.png,cropped_0006_label_QbCmZ2ce_960_960_mask.png
cropped_0006_label_QbCmZ2ce_480_2880.png,cropped_0006_label_QbCmZ2ce_480_2880_mask.png
cropped_0006_label_QbCmZ2ce_1920_0.png,cropped_0006_label_QbCmZ2ce_1920_0_mask.png
cropped_0006_label_QbCmZ2ce_960_2400.png,cropped_0006_label_QbCmZ2ce_960_2400_mask.png
cropped_00000033_4_3360_0.png,cropped_00000033_4_3360_0_mask.png
cropped_00000033_4_1440_1440.png,cropped_00000033_4_1440_1440_mask.png
cropped_00000033_4_1440_1920.png,cropped_00000033_4_1440_1920_mask.png
cropped_00000033_4_0_1440.png,cropped_00000033_4_0_1440_mask.png
cropped_00000033_4_1920_1440.png,cropped_00000033_4_1920_1440_mask.png
cropped_00000033_4_1920_480.png,cropped_00000033_4_1920_480_mask.png
cropped_00000033_4_480_0.png,cropped_00000033_4_480_0_mask.png
cropped_00000033_4_1440_960.png,cropped_00000033_4_1440_960_mask.png
cropped_00000033_4_1440_0.png,cropped_00000033_4_1440_0_mask.png
cropped_00000033_4_960_0.png,cropped_00000033_4_960_0_mask.png
cropped_00000033_4_0_0.png,cropped_00000033_4_0_0_mask.png
cropped_00000033_4_2400_0.png,cropped_00000033_4_2400_0_mask.png
cropped_00000033_4_1440_480.png,cropped_00000033_4_1440_480_mask.png
cropped_00000033_4_960_480.png,cropped_00000033_4_960_480_mask.png
cropped_00000033_4_1920_1920.png,cropped_00000033_4_1920_1920_mask.png
cropped_00000033_4_2880_0.png,cropped_00000033_4_2880_0_mask.png
cropped_00000033_4_2880_2880.png,cropped_00000033_4_2880_2880_mask.png
cropped_00000033_4_480_960.png,cropped_00000033_4_480_960_mask.png
cropped_00000033_4_1920_2880.png,cropped_00000033_4_1920_2880_mask.png
cropped_00000033_4_480_1440.png,cropped_00000033_4_480_1440_mask.png
cropped_0006_label_KhubE3m1_2400_1440.png,cropped_0006_label_KhubE3m1_2400_1440_mask.png
cropped_0006_label_KhubE3m1_960_960.png,cropped_0006_label_KhubE3m1_960_960_mask.png
cropped_0006_label_KhubE3m1_1920_2880.png,cropped_0006_label_KhubE3m1_1920_2880_mask.png
cropped_0006_label_KhubE3m1_480_960.png,cropped_0006_label_KhubE3m1_480_960_mask.png
cropped_0006_label_KhubE3m1_0_1440.png,cropped_0006_label_KhubE3m1_0_1440_mask.png
cropped_0006_label_KhubE3m1_3840_1440.png,cropped_0006_label_KhubE3m1_3840_1440_mask.png
cropped_0006_label_KhubE3m1_2400_960.png,cropped_0006_label_KhubE3m1_2400_960_mask.png
cropped_0006_label_KhubE3m1_2880_960.png,cropped_0006_label_KhubE3m1_2880_960_mask.png
cropped_0006_label_KhubE3m1_0_960.png,cropped_0006_label_KhubE3m1_0_960_mask.png
cropped_0006_label_KhubE3m1_1440_960.png,cropped_0006_label_KhubE3m1_1440_960_mask.png
cropped_0006_label_KhubE3m1_1440_1440.png,cropped_0006_label_KhubE3m1_1440_1440_mask.png
cropped_0006_label_KhubE3m1_0_480.png,cropped_0006_label_KhubE3m1_0_480_mask.png
cropped_0006_label_KhubE3m1_3360_1440.png,cropped_0006_label_KhubE3m1_3360_1440_mask.png
cropped_0006_label_KhubE3m1_480_1440.png,cropped_0006_label_KhubE3m1_480_1440_mask.png
cropped_0006_label_KhubE3m1_960_1440.png,cropped_0006_label_KhubE3m1_960_1440_mask.png
cropped_0006_label_KhubE3m1_1920_960.png,cropped_0006_label_KhubE3m1_1920_960_mask.png
cropped_0006_label_KhubE3m1_480_0.png,cropped_0006_label_KhubE3m1_480_0_mask.png
cropped_0006_label_KhubE3m1_2400_0.png,cropped_0006_label_KhubE3m1_2400_0_mask.png
cropped_0006_label_KhubE3m1_1440_0.png,cropped_0006_label_KhubE3m1_1440_0_mask.png
cropped_0006_label_KhubE3m1_3360_960.png,cropped_0006_label_KhubE3m1_3360_960_mask.png
cropped_0006_label_KhubE3m1_3840_960.png,cropped_0006_label_KhubE3m1_3840_960_mask.png
cropped_0006_label_KhubE3m1_480_2880.png,cropped_0006_label_KhubE3m1_480_2880_mask.png
cropped_0004_label_KhubE3m1_2880_2880.png,cropped_0004_label_KhubE3m1_2880_2880_mask.png
cropped_0004_label_KhubE3m1_1440_1920.png,cropped_0004_label_KhubE3m1_1440_1920_mask.png
cropped_0004_label_KhubE3m1_1440_0.png,cropped_0004_label_KhubE3m1_1440_0_mask.png
cropped_0004_label_KhubE3m1_960_2400.png,cropped_0004_label_KhubE3m1_960_2400_mask.png
cropped_0004_label_KhubE3m1_480_960.png,cropped_0004_label_KhubE3m1_480_960_mask.png
cropped_0004_label_KhubE3m1_2880_1920.png,cropped_0004_label_KhubE3m1_2880_1920_mask.png
cropped_0004_label_KhubE3m1_1920_960.png,cropped_0004_label_KhubE3m1_1920_960_mask.png
cropped_0004_label_KhubE3m1_3360_0.png,cropped_0004_label_KhubE3m1_3360_0_mask.png
cropped_0004_label_KhubE3m1_960_1920.png,cropped_0004_label_KhubE3m1_960_1920_mask.png
cropped_0004_label_KhubE3m1_480_2400.png,cropped_0004_label_KhubE3m1_480_2400_mask.png
cropped_0004_label_KhubE3m1_2400_0.png,cropped_0004_label_KhubE3m1_2400_0_mask.png
cropped_0004_label_KhubE3m1_480_2880.png,cropped_0004_label_KhubE3m1_480_2880_mask.png
cropped_0004_label_KhubE3m1_1920_2400.png,cropped_0004_label_KhubE3m1_1920_2400_mask.png
cropped_0004_label_KhubE3m1_2400_1920.png,cropped_0004_label_KhubE3m1_2400_1920_mask.png
cropped_0004_label_KhubE3m1_3840_1440.png,cropped_0004_label_KhubE3m1_3840_1440_mask.png
cropped_0004_label_KhubE3m1_480_480.png,cropped_0004_label_KhubE3m1_480_480_mask.png
cropped_0004_label_KhubE3m1_1920_1920.png,cropped_0004_label_KhubE3m1_1920_1920_mask.png
cropped_0004_label_KhubE3m1_0_2880.png,cropped_0004_label_KhubE3m1_0_2880_mask.png
cropped_0004_label_KhubE3m1_0_1440.png,cropped_0004_label_KhubE3m1_0_1440_mask.png
cropped_0004_label_KhubE3m1_480_1440.png,cropped_0004_label_KhubE3m1_480_1440_mask.png
cropped_0004_label_KhubE3m1_960_2880.png,cropped_0004_label_KhubE3m1_960_2880_mask.png
cropped_0004_label_KhubE3m1_1920_2880.png,cropped_0004_label_KhubE3m1_1920_2880_mask.png
cropped_0004_label_KhubE3m1_480_1920.png,cropped_0004_label_KhubE3m1_480_1920_mask.png
cropped_0004_label_KhubE3m1_3360_960.png,cropped_0004_label_KhubE3m1_3360_960_mask.png
cropped_0009_label_s2HioE5t_0_2880.png,cropped_0009_label_s2HioE5t_0_2880_mask.png
cropped_0009_label_s2HioE5t_480_1920.png,cropped_0009_label_s2HioE5t_480_1920_mask.png
cropped_0009_label_s2HioE5t_3840_960.png,cropped_0009_label_s2HioE5t_3840_960_mask.png
cropped_0009_label_s2HioE5t_1440_2400.png,cropped_0009_label_s2HioE5t_1440_2400_mask.png
cropped_0009_label_s2HioE5t_1440_480.png,cropped_0009_label_s2HioE5t_1440_480_mask.png
cropped_0009_label_s2HioE5t_3840_2880.png,cropped_0009_label_s2HioE5t_3840_2880_mask.png
cropped_0009_label_s2HioE5t_1920_480.png,cropped_0009_label_s2HioE5t_1920_480_mask.png
cropped_0009_label_s2HioE5t_2880_2880.png,cropped_0009_label_s2HioE5t_2880_2880_mask.png
cropped_0009_label_s2HioE5t_2400_960.png,cropped_0009_label_s2HioE5t_2400_960_mask.png
cropped_0009_label_s2HioE5t_960_480.png,cropped_0009_label_s2HioE5t_960_480_mask.png
cropped_0009_label_s2HioE5t_3360_480.png,cropped_0009_label_s2HioE5t_3360_480_mask.png
cropped_0009_label_s2HioE5t_0_480.png,cropped_0009_label_s2HioE5t_0_480_mask.png
cropped_0009_label_s2HioE5t_480_960.png,cropped_0009_label_s2HioE5t_480_960_mask.png
cropped_0009_label_s2HioE5t_480_2880.png,cropped_0009_label_s2HioE5t_480_2880_mask.png
cropped_0009_label_s2HioE5t_960_0.png,cropped_0009_label_s2HioE5t_960_0_mask.png
cropped_0009_label_s2HioE5t_1440_2880.png,cropped_0009_label_s2HioE5t_1440_2880_mask.png
cropped_0009_label_s2HioE5t_3840_1920.png,cropped_0009_label_s2HioE5t_3840_1920_mask.png
cropped_0009_label_s2HioE5t_960_960.png,cropped_0009_label_s2HioE5t_960_960_mask.png
cropped_0009_label_s2HioE5t_480_0.png,cropped_0009_label_s2HioE5t_480_0_mask.png
cropped_0020_label_uCXpTeJJ_3840_2880.png,cropped_0020_label_uCXpTeJJ_3840_2880_mask.png
cropped_0020_label_uCXpTeJJ_480_1920.png,cropped_0020_label_uCXpTeJJ_480_1920_mask.png
cropped_0020_label_uCXpTeJJ_1920_960.png,cropped_0020_label_uCXpTeJJ_1920_960_mask.png
cropped_0020_label_uCXpTeJJ_960_960.png,cropped_0020_label_uCXpTeJJ_960_960_mask.png
cropped_0020_label_uCXpTeJJ_1440_960.png,cropped_0020_label_uCXpTeJJ_1440_960_mask.png
cropped_0020_label_uCXpTeJJ_2400_2400.png,cropped_0020_label_uCXpTeJJ_2400_2400_mask.png
cropped_0020_label_uCXpTeJJ_480_960.png,cropped_0020_label_uCXpTeJJ_480_960_mask.png
cropped_0020_label_uCXpTeJJ_3840_960.png,cropped_0020_label_uCXpTeJJ_3840_960_mask.png
cropped_0020_label_uCXpTeJJ_1920_480.png,cropped_0020_label_uCXpTeJJ_1920_480_mask.png
cropped_0020_label_uCXpTeJJ_2400_960.png,cropped_0020_label_uCXpTeJJ_2400_960_mask.png
cropped_0020_label_uCXpTeJJ_2880_960.png,cropped_0020_label_uCXpTeJJ_2880_960_mask.png
cropped_0020_label_uCXpTeJJ_960_1920.png,cropped_0020_label_uCXpTeJJ_960_1920_mask.png
cropped_0020_label_uCXpTeJJ_480_480.png,cropped_0020_label_uCXpTeJJ_480_480_mask.png
cropped_0020_label_uCXpTeJJ_0_0.png,cropped_0020_label_uCXpTeJJ_0_0_mask.png
cropped_0020_label_uCXpTeJJ_3360_960.png,cropped_0020_label_uCXpTeJJ_3360_960_mask.png
cropped_0007_label_ZublKlRs_1440_0.png,cropped_0007_label_ZublKlRs_1440_0_mask.png
cropped_0007_label_ZublKlRs_480_1920.png,cropped_0007_label_ZublKlRs_480_1920_mask.png
cropped_0007_label_ZublKlRs_2400_2880.png,cropped_0007_label_ZublKlRs_2400_2880_mask.png
cropped_0007_label_ZublKlRs_1440_1440.png,cropped_0007_label_ZublKlRs_1440_1440_mask.png
cropped_0007_label_ZublKlRs_3840_1920.png,cropped_0007_label_ZublKlRs_3840_1920_mask.png
cropped_0007_label_ZublKlRs_1440_2880.png,cropped_0007_label_ZublKlRs_1440_2880_mask.png
cropped_0007_label_ZublKlRs_2880_1920.png,cropped_0007_label_ZublKlRs_2880_1920_mask.png
cropped_0007_label_ZublKlRs_0_0.png,cropped_0007_label_ZublKlRs_0_0_mask.png
cropped_0007_label_ZublKlRs_1440_1920.png,cropped_0007_label_ZublKlRs_1440_1920_mask.png
cropped_0007_label_ZublKlRs_2880_2880.png,cropped_0007_label_ZublKlRs_2880_2880_mask.png
cropped_0007_label_ZublKlRs_0_2400.png,cropped_0007_label_ZublKlRs_0_2400_mask.png
cropped_0007_label_ZublKlRs_3360_1920.png,cropped_0007_label_ZublKlRs_3360_1920_mask.png
cropped_0007_label_ZublKlRs_480_480.png,cropped_0007_label_ZublKlRs_480_480_mask.png
cropped_0007_label_ZublKlRs_3840_1440.png,cropped_0007_label_ZublKlRs_3840_1440_mask.png
cropped_0007_label_ZublKlRs_3360_2880.png,cropped_0007_label_ZublKlRs_3360_2880_mask.png
cropped_0007_label_ZublKlRs_3360_480.png,cropped_0007_label_ZublKlRs_3360_480_mask.png
cropped_0012_label_nKTYvVYf_3360_480.png,cropped_0012_label_nKTYvVYf_3360_480_mask.png
cropped_0012_label_nKTYvVYf_1440_960.png,cropped_0012_label_nKTYvVYf_1440_960_mask.png
cropped_0012_label_nKTYvVYf_960_2880.png,cropped_0012_label_nKTYvVYf_960_2880_mask.png
cropped_0012_label_nKTYvVYf_1920_2400.png,cropped_0012_label_nKTYvVYf_1920_2400_mask.png
cropped_0012_label_nKTYvVYf_1440_0.png,cropped_0012_label_nKTYvVYf_1440_0_mask.png
cropped_0012_label_nKTYvVYf_1440_1440.png,cropped_0012_label_nKTYvVYf_1440_1440_mask.png
cropped_0012_label_nKTYvVYf_1440_480.png,cropped_0012_label_nKTYvVYf_1440_480_mask.png
cropped_0012_label_nKTYvVYf_2400_0.png,cropped_0012_label_nKTYvVYf_2400_0_mask.png
cropped_0012_label_nKTYvVYf_0_960.png,cropped_0012_label_nKTYvVYf_0_960_mask.png
cropped_0012_label_nKTYvVYf_1440_2880.png,cropped_0012_label_nKTYvVYf_1440_2880_mask.png
cropped_0012_label_nKTYvVYf_1920_0.png,cropped_0012_label_nKTYvVYf_1920_0_mask.png
cropped_0012_label_nKTYvVYf_0_0.png,cropped_0012_label_nKTYvVYf_0_0_mask.png
cropped_0012_label_nKTYvVYf_2400_2400.png,cropped_0012_label_nKTYvVYf_2400_2400_mask.png
cropped_0012_label_nKTYvVYf_2880_2880.png,cropped_0012_label_nKTYvVYf_2880_2880_mask.png
cropped_0012_label_nKTYvVYf_0_1440.png,cropped_0012_label_nKTYvVYf_0_1440_mask.png
cropped_0000_label_wFKL6cSt_0_1920.png,cropped_0000_label_wFKL6cSt_0_1920_mask.png
cropped_0000_label_wFKL6cSt_3840_1440.png,cropped_0000_label_wFKL6cSt_3840_1440_mask.png
cropped_0000_label_wFKL6cSt_1920_0.png,cropped_0000_label_wFKL6cSt_1920_0_mask.png
cropped_0000_label_wFKL6cSt_2400_1920.png,cropped_0000_label_wFKL6cSt_2400_1920_mask.png
cropped_0000_label_wFKL6cSt_480_2400.png,cropped_0000_label_wFKL6cSt_480_2400_mask.png
cropped_0000_label_wFKL6cSt_1440_960.png,cropped_0000_label_wFKL6cSt_1440_960_mask.png
cropped_0000_label_wFKL6cSt_1920_1440.png,cropped_0000_label_wFKL6cSt_1920_1440_mask.png
cropped_0000_label_wFKL6cSt_2400_2400.png,cropped_0000_label_wFKL6cSt_2400_2400_mask.png
cropped_0000_label_wFKL6cSt_0_480.png,cropped_0000_label_wFKL6cSt_0_480_mask.png
cropped_0000_label_wFKL6cSt_480_1920.png,cropped_0000_label_wFKL6cSt_480_1920_mask.png
cropped_0000_label_wFKL6cSt_2400_0.png,cropped_0000_label_wFKL6cSt_2400_0_mask.png
cropped_0000_label_wFKL6cSt_1920_2400.png,cropped_0000_label_wFKL6cSt_1920_2400_mask.png
cropped_0000_label_wFKL6cSt_1440_1920.png,cropped_0000_label_wFKL6cSt_1440_1920_mask.png
cropped_0000_label_wFKL6cSt_960_2400.png,cropped_0000_label_wFKL6cSt_960_2400_mask.png
cropped_0010_label_KhubE3m1_1440_960.png,cropped_0010_label_KhubE3m1_1440_960_mask.png
cropped_0010_label_KhubE3m1_0_1440.png,cropped_0010_label_KhubE3m1_0_1440_mask.png
cropped_0010_label_KhubE3m1_2880_2400.png,cropped_0010_label_KhubE3m1_2880_2400_mask.png
cropped_0010_label_KhubE3m1_960_1920.png,cropped_0010_label_KhubE3m1_960_1920_mask.png
cropped_0010_label_KhubE3m1_3360_480.png,cropped_0010_label_KhubE3m1_3360_480_mask.png
cropped_0010_label_KhubE3m1_2880_960.png,cropped_0010_label_KhubE3m1_2880_960_mask.png
cropped_0010_label_KhubE3m1_960_2880.png,cropped_0010_label_KhubE3m1_960_2880_mask.png
cropped_0010_label_KhubE3m1_2880_1440.png,cropped_0010_label_KhubE3m1_2880_1440_mask.png
cropped_0010_label_KhubE3m1_3360_0.png,cropped_0010_label_KhubE3m1_3360_0_mask.png
cropped_0010_label_KhubE3m1_3360_1440.png,cropped_0010_label_KhubE3m1_3360_1440_mask.png
cropped_0010_label_KhubE3m1_0_480.png,cropped_0010_label_KhubE3m1_0_480_mask.png
cropped_0010_label_KhubE3m1_3840_480.png,cropped_0010_label_KhubE3m1_3840_480_mask.png
cropped_0010_label_KhubE3m1_1440_480.png,cropped_0010_label_KhubE3m1_1440_480_mask.png
cropped_00000039_1_2400_2400.png,cropped_00000039_1_2400_2400_mask.png
cropped_00000039_1_1920_960.png,cropped_00000039_1_1920_960_mask.png
cropped_00000039_1_3840_960.png,cropped_00000039_1_3840_960_mask.png
cropped_00000039_1_1920_1440.png,cropped_00000039_1_1920_1440_mask.png
cropped_00000039_1_2400_1920.png,cropped_00000039_1_2400_1920_mask.png
cropped_00000039_1_2400_2880.png,cropped_00000039_1_2400_2880_mask.png
cropped_00000039_1_2880_960.png,cropped_00000039_1_2880_960_mask.png
cropped_00000039_1_3840_1440.png,cropped_00000039_1_3840_1440_mask.png
cropped_00000039_1_3360_2880.png,cropped_00000039_1_3360_2880_mask.png
cropped_00000039_1_1440_480.png,cropped_00000039_1_1440_480_mask.png
cropped_00000039_1_2400_1440.png,cropped_00000039_1_2400_1440_mask.png
cropped_00000039_1_1920_1920.png,cropped_00000039_1_1920_1920_mask.png
cropped_00000039_1_2880_1920.png,cropped_00000039_1_2880_1920_mask.png
cropped_00000039_1_1440_1440.png,cropped_00000039_1_1440_1440_mask.png
cropped_00000039_1_480_480.png,cropped_00000039_1_480_480_mask.png
cropped_00000039_1_3840_2880.png,cropped_00000039_1_3840_2880_mask.png
cropped_00000039_1_960_960.png,cropped_00000039_1_960_960_mask.png
cropped_00000039_1_3840_0.png,cropped_00000039_1_3840_0_mask.png
cropped_00000039_1_1440_960.png,cropped_00000039_1_1440_960_mask.png
cropped_00000039_1_2880_480.png,cropped_00000039_1_2880_480_mask.png
cropped_00000039_1_1920_480.png,cropped_00000039_1_1920_480_mask.png
cropped_00000039_1_1920_2400.png,cropped_00000039_1_1920_2400_mask.png
cropped_00000039_1_480_0.png,cropped_00000039_1_480_0_mask.png
cropped_00000039_1_0_1440.png,cropped_00000039_1_0_1440_mask.png
cropped_00000011_4_960_0.png,cropped_00000011_4_960_0_mask.png
cropped_00000011_4_1920_960.png,cropped_00000011_4_1920_960_mask.png
cropped_00000011_4_3840_960.png,cropped_00000011_4_3840_960_mask.png
cropped_00000011_4_960_960.png,cropped_00000011_4_960_960_mask.png
cropped_00000011_4_1440_480.png,cropped_00000011_4_1440_480_mask.png
cropped_00000011_4_3840_1920.png,cropped_00000011_4_3840_1920_mask.png
cropped_00000011_4_1920_480.png,cropped_00000011_4_1920_480_mask.png
cropped_00000011_4_2880_480.png,cropped_00000011_4_2880_480_mask.png
cropped_00000011_4_1920_0.png,cropped_00000011_4_1920_0_mask.png
cropped_00000011_4_480_2880.png,cropped_00000011_4_480_2880_mask.png
cropped_00000011_4_1920_2400.png,cropped_00000011_4_1920_2400_mask.png
cropped_00000011_4_2880_2400.png,cropped_00000011_4_2880_2400_mask.png
cropped_00000011_4_1440_960.png,cropped_00000011_4_1440_960_mask.png
cropped_00000011_4_1440_0.png,cropped_00000011_4_1440_0_mask.png
cropped_00000011_4_2400_2880.png,cropped_00000011_4_2400_2880_mask.png
cropped_00000011_4_3840_2400.png,cropped_00000011_4_3840_2400_mask.png
cropped_00000011_4_3840_1440.png,cropped_00000011_4_3840_1440_mask.png
cropped_00000011_4_480_0.png,cropped_00000011_4_480_0_mask.png
cropped_00000011_4_0_0.png,cropped_00000011_4_0_0_mask.png
cropped_00000011_4_1920_2880.png,cropped_00000011_4_1920_2880_mask.png
cropped_00000011_4_3360_0.png,cropped_00000011_4_3360_0_mask.png
cropped_00000014_1_480_1920.png,cropped_00000014_1_480_1920_mask.png
cropped_00000014_1_1920_2880.png,cropped_00000014_1_1920_2880_mask.png
cropped_00000014_1_480_960.png,cropped_00000014_1_480_960_mask.png
cropped_00000014_1_3360_2880.png,cropped_00000014_1_3360_2880_mask.png
cropped_00000014_1_2880_960.png,cropped_00000014_1_2880_960_mask.png
cropped_00000014_1_2400_2880.png,cropped_00000014_1_2400_2880_mask.png
cropped_00000014_1_2880_480.png,cropped_00000014_1_2880_480_mask.png
cropped_00000014_1_480_480.png,cropped_00000014_1_480_480_mask.png
cropped_00000014_1_1920_0.png,cropped_00000014_1_1920_0_mask.png
cropped_00000014_1_3840_1920.png,cropped_00000014_1_3840_1920_mask.png
cropped_00000014_1_2400_960.png,cropped_00000014_1_2400_960_mask.png
cropped_00000014_1_1920_960.png,cropped_00000014_1_1920_960_mask.png
cropped_00000014_1_2400_1440.png,cropped_00000014_1_2400_1440_mask.png
cropped_00000014_1_960_480.png,cropped_00000014_1_960_480_mask.png
cropped_00000014_1_2400_1920.png,cropped_00000014_1_2400_1920_mask.png
cropped_00000014_1_1440_2400.png,cropped_00000014_1_1440_2400_mask.png
cropped_00000014_1_1440_960.png,cropped_00000014_1_1440_960_mask.png
cropped_00000014_1_960_960.png,cropped_00000014_1_960_960_mask.png
cropped_00000014_1_960_2400.png,cropped_00000014_1_960_2400_mask.png
cropped_00000014_1_0_480.png,cropped_00000014_1_0_480_mask.png
cropped_0010_label_1XDZxhBC_480_2400.png,cropped_0010_label_1XDZxhBC_480_2400_mask.png
cropped_0010_label_1XDZxhBC_3360_2880.png,cropped_0010_label_1XDZxhBC_3360_2880_mask.png
cropped_0010_label_1XDZxhBC_960_2400.png,cropped_0010_label_1XDZxhBC_960_2400_mask.png
cropped_0010_label_1XDZxhBC_1440_960.png,cropped_0010_label_1XDZxhBC_1440_960_mask.png
cropped_0010_label_1XDZxhBC_0_1440.png,cropped_0010_label_1XDZxhBC_0_1440_mask.png
cropped_0010_label_1XDZxhBC_480_2880.png,cropped_0010_label_1XDZxhBC_480_2880_mask.png
cropped_0010_label_1XDZxhBC_3360_1920.png,cropped_0010_label_1XDZxhBC_3360_1920_mask.png
cropped_0010_label_1XDZxhBC_480_960.png,cropped_0010_label_1XDZxhBC_480_960_mask.png
cropped_0010_label_1XDZxhBC_2400_2880.png,cropped_0010_label_1XDZxhBC_2400_2880_mask.png
cropped_0010_label_1XDZxhBC_2880_960.png,cropped_0010_label_1XDZxhBC_2880_960_mask.png
cropped_0010_label_1XDZxhBC_2400_960.png,cropped_0010_label_1XDZxhBC_2400_960_mask.png
cropped_0010_label_1XDZxhBC_1920_2400.png,cropped_0010_label_1XDZxhBC_1920_2400_mask.png
cropped_0010_label_1XDZxhBC_3360_960.png,cropped_0010_label_1XDZxhBC_3360_960_mask.png
cropped_0010_label_1XDZxhBC_2880_1440.png,cropped_0010_label_1XDZxhBC_2880_1440_mask.png
cropped_0010_label_1XDZxhBC_2880_1920.png,cropped_0010_label_1XDZxhBC_2880_1920_mask.png
cropped_0010_label_1XDZxhBC_3840_1920.png,cropped_0010_label_1XDZxhBC_3840_1920_mask.png
cropped_0010_label_1XDZxhBC_960_2880.png,cropped_0010_label_1XDZxhBC_960_2880_mask.png
cropped_0010_label_1XDZxhBC_2880_2880.png,cropped_0010_label_1XDZxhBC_2880_2880_mask.png
cropped_0010_label_1XDZxhBC_480_1920.png,cropped_0010_label_1XDZxhBC_480_1920_mask.png
cropped_0010_label_1XDZxhBC_3840_480.png,cropped_0010_label_1XDZxhBC_3840_480_mask.png
cropped_0010_label_1XDZxhBC_0_0.png,cropped_0010_label_1XDZxhBC_0_0_mask.png
cropped_00000009_7_1920_480.png,cropped_00000009_7_1920_480_mask.png
cropped_00000009_7_3840_0.png,cropped_00000009_7_3840_0_mask.png
cropped_00000009_7_3360_1920.png,cropped_00000009_7_3360_1920_mask.png
cropped_00000009_7_2880_1920.png,cropped_00000009_7_2880_1920_mask.png
cropped_00000009_7_2400_2400.png,cropped_00000009_7_2400_2400_mask.png
cropped_00000009_7_960_1920.png,cropped_00000009_7_960_1920_mask.png
cropped_00000009_7_1920_1440.png,cropped_00000009_7_1920_1440_mask.png
cropped_00000009_7_3840_480.png,cropped_00000009_7_3840_480_mask.png
cropped_00000009_7_0_960.png,cropped_00000009_7_0_960_mask.png
cropped_00000009_7_0_1920.png,cropped_00000009_7_0_1920_mask.png
cropped_00000009_7_2880_2880.png,cropped_00000009_7_2880_2880_mask.png
cropped_00000009_7_2400_2880.png,cropped_00000009_7_2400_2880_mask.png
cropped_00000009_7_1920_960.png,cropped_00000009_7_1920_960_mask.png
cropped_00000009_7_480_2880.png,cropped_00000009_7_480_2880_mask.png
cropped_00000009_7_0_480.png,cropped_00000009_7_0_480_mask.png
cropped_00000009_7_480_1920.png,cropped_00000009_7_480_1920_mask.png
cropped_00000009_7_2880_960.png,cropped_00000009_7_2880_960_mask.png
cropped_00000009_7_0_2400.png,cropped_00000009_7_0_2400_mask.png
cropped_00000009_7_2880_0.png,cropped_00000009_7_2880_0_mask.png
cropped_00000009_7_3840_2880.png,cropped_00000009_7_3840_2880_mask.png
cropped_00000009_7_0_0.png,cropped_00000009_7_0_0_mask.png
cropped_00000009_7_1440_480.png,cropped_00000009_7_1440_480_mask.png
cropped_00000009_7_1440_960.png,cropped_00000009_7_1440_960_mask.png
cropped_00000009_7_3840_1440.png,cropped_00000009_7_3840_1440_mask.png
cropped_00000009_7_1920_1920.png,cropped_00000009_7_1920_1920_mask.png
cropped_00000009_7_1440_0.png,cropped_00000009_7_1440_0_mask.png
cropped_00000009_7_3840_1920.png,cropped_00000009_7_3840_1920_mask.png
cropped_0011_label_KhubE3m1_2400_1920.png,cropped_0011_label_KhubE3m1_2400_1920_mask.png
cropped_0011_label_KhubE3m1_960_1920.png,cropped_0011_label_KhubE3m1_960_1920_mask.png
cropped_0011_label_KhubE3m1_3360_2880.png,cropped_0011_label_KhubE3m1_3360_2880_mask.png
cropped_0011_label_KhubE3m1_2400_960.png,cropped_0011_label_KhubE3m1_2400_960_mask.png
cropped_0011_label_KhubE3m1_0_2400.png,cropped_0011_label_KhubE3m1_0_2400_mask.png
cropped_0011_label_KhubE3m1_0_1440.png,cropped_0011_label_KhubE3m1_0_1440_mask.png
cropped_0011_label_KhubE3m1_2880_480.png,cropped_0011_label_KhubE3m1_2880_480_mask.png
cropped_0011_label_KhubE3m1_960_2400.png,cropped_0011_label_KhubE3m1_960_2400_mask.png
cropped_0011_label_KhubE3m1_1440_1440.png,cropped_0011_label_KhubE3m1_1440_1440_mask.png
cropped_0011_label_KhubE3m1_1440_0.png,cropped_0011_label_KhubE3m1_1440_0_mask.png
cropped_0011_label_KhubE3m1_0_0.png,cropped_0011_label_KhubE3m1_0_0_mask.png
cropped_0011_label_KhubE3m1_1440_2400.png,cropped_0011_label_KhubE3m1_1440_2400_mask.png
cropped_0011_label_KhubE3m1_3360_0.png,cropped_0011_label_KhubE3m1_3360_0_mask.png
cropped_00000018_3840_0.png,cropped_00000018_3840_0_mask.png
cropped_00000018_2400_1920.png,cropped_00000018_2400_1920_mask.png
cropped_00000018_2400_480.png,cropped_00000018_2400_480_mask.png
cropped_00000018_2400_2400.png,cropped_00000018_2400_2400_mask.png
cropped_00000018_1920_480.png,cropped_00000018_1920_480_mask.png
cropped_00000018_480_2880.png,cropped_00000018_480_2880_mask.png
cropped_00000018_0_0.png,cropped_00000018_0_0_mask.png
cropped_00000018_1440_1440.png,cropped_00000018_1440_1440_mask.png
cropped_00000018_0_960.png,cropped_00000018_0_960_mask.png
cropped_00000018_480_0.png,cropped_00000018_480_0_mask.png
cropped_00000018_2400_2880.png,cropped_00000018_2400_2880_mask.png
cropped_00000018_960_960.png,cropped_00000018_960_960_mask.png
cropped_00000018_1440_0.png,cropped_00000018_1440_0_mask.png
cropped_00000018_0_480.png,cropped_00000018_0_480_mask.png
cropped_00000018_1920_1920.png,cropped_00000018_1920_1920_mask.png
cropped_0011_label_s2HioE5t_1920_1920.png,cropped_0011_label_s2HioE5t_1920_1920_mask.png
cropped_0011_label_s2HioE5t_2880_1920.png,cropped_0011_label_s2HioE5t_2880_1920_mask.png
cropped_0011_label_s2HioE5t_480_480.png,cropped_0011_label_s2HioE5t_480_480_mask.png
cropped_0011_label_s2HioE5t_1920_1440.png,cropped_0011_label_s2HioE5t_1920_1440_mask.png
cropped_0011_label_s2HioE5t_960_1440.png,cropped_0011_label_s2HioE5t_960_1440_mask.png
cropped_0011_label_s2HioE5t_3360_1440.png,cropped_0011_label_s2HioE5t_3360_1440_mask.png
cropped_0011_label_s2HioE5t_480_2400.png,cropped_0011_label_s2HioE5t_480_2400_mask.png
cropped_0011_label_s2HioE5t_1920_2880.png,cropped_0011_label_s2HioE5t_1920_2880_mask.png
cropped_0011_label_s2HioE5t_0_1440.png,cropped_0011_label_s2HioE5t_0_1440_mask.png
cropped_0011_label_s2HioE5t_2400_1440.png,cropped_0011_label_s2HioE5t_2400_1440_mask.png
cropped_0011_label_s2HioE5t_3360_960.png,cropped_0011_label_s2HioE5t_3360_960_mask.png
cropped_0011_label_s2HioE5t_2880_2880.png,cropped_0011_label_s2HioE5t_2880_2880_mask.png
cropped_0011_label_s2HioE5t_2880_960.png,cropped_0011_label_s2HioE5t_2880_960_mask.png
cropped_0011_label_s2HioE5t_1920_480.png,cropped_0011_label_s2HioE5t_1920_480_mask.png
cropped_0011_label_s2HioE5t_3840_2880.png,cropped_0011_label_s2HioE5t_3840_2880_mask.png
cropped_0011_label_s2HioE5t_1440_480.png,cropped_0011_label_s2HioE5t_1440_480_mask.png
cropped_0011_label_s2HioE5t_1440_2880.png,cropped_0011_label_s2HioE5t_1440_2880_mask.png
cropped_0001_label_wFKL6cSt_3360_960.png,cropped_0001_label_wFKL6cSt_3360_960_mask.png
cropped_0001_label_wFKL6cSt_480_0.png,cropped_0001_label_wFKL6cSt_480_0_mask.png
cropped_0001_label_wFKL6cSt_960_0.png,cropped_0001_label_wFKL6cSt_960_0_mask.png
cropped_0001_label_wFKL6cSt_0_0.png,cropped_0001_label_wFKL6cSt_0_0_mask.png
cropped_0001_label_wFKL6cSt_1440_480.png,cropped_0001_label_wFKL6cSt_1440_480_mask.png
cropped_0001_label_wFKL6cSt_2400_2880.png,cropped_0001_label_wFKL6cSt_2400_2880_mask.png
cropped_0001_label_wFKL6cSt_3840_2880.png,cropped_0001_label_wFKL6cSt_3840_2880_mask.png
cropped_0001_label_wFKL6cSt_1920_960.png,cropped_0001_label_wFKL6cSt_1920_960_mask.png
cropped_0001_label_wFKL6cSt_480_960.png,cropped_0001_label_wFKL6cSt_480_960_mask.png
cropped_0001_label_wFKL6cSt_1920_1920.png,cropped_0001_label_wFKL6cSt_1920_1920_mask.png
cropped_0001_label_wFKL6cSt_3840_960.png,cropped_0001_label_wFKL6cSt_3840_960_mask.png
cropped_0001_label_wFKL6cSt_2400_0.png,cropped_0001_label_wFKL6cSt_2400_0_mask.png
cropped_0001_label_wFKL6cSt_2400_2400.png,cropped_0001_label_wFKL6cSt_2400_2400_mask.png
cropped_0001_label_wFKL6cSt_0_960.png,cropped_0001_label_wFKL6cSt_0_960_mask.png
cropped_0001_label_wFKL6cSt_1920_1440.png,cropped_0001_label_wFKL6cSt_1920_1440_mask.png
cropped_0001_label_wFKL6cSt_2400_480.png,cropped_0001_label_wFKL6cSt_2400_480_mask.png
cropped_00000027_3_1440_1920.png,cropped_00000027_3_1440_1920_mask.png
cropped_00000027_3_3840_1440.png,cropped_00000027_3_3840_1440_mask.png
cropped_00000027_3_2880_2400.png,cropped_00000027_3_2880_2400_mask.png
cropped_00000027_3_960_2400.png,cropped_00000027_3_960_2400_mask.png
cropped_00000027_3_480_960.png,cropped_00000027_3_480_960_mask.png
cropped_00000027_3_3360_2400.png,cropped_00000027_3_3360_2400_mask.png
cropped_00000027_3_3840_480.png,cropped_00000027_3_3840_480_mask.png
cropped_00000027_3_2400_2400.png,cropped_00000027_3_2400_2400_mask.png
cropped_00000027_3_1440_480.png,cropped_00000027_3_1440_480_mask.png
cropped_00000027_3_3360_2880.png,cropped_00000027_3_3360_2880_mask.png
cropped_00000027_3_2400_2880.png,cropped_00000027_3_2400_2880_mask.png
cropped_00000027_3_2880_2880.png,cropped_00000027_3_2880_2880_mask.png
cropped_00000027_3_1920_960.png,cropped_00000027_3_1920_960_mask.png
cropped_00000027_3_480_2880.png,cropped_00000027_3_480_2880_mask.png
cropped_00000027_3_1440_960.png,cropped_00000027_3_1440_960_mask.png
cropped_00000027_3_480_0.png,cropped_00000027_3_480_0_mask.png
cropped_00000027_3_1440_0.png,cropped_00000027_3_1440_0_mask.png
cropped_00000027_3_480_2400.png,cropped_00000027_3_480_2400_mask.png
cropped_00000027_3_3360_480.png,cropped_00000027_3_3360_480_mask.png
cropped_00000027_3_3360_1920.png,cropped_00000027_3_3360_1920_mask.png
cropped_00000027_3_480_1440.png,cropped_00000027_3_480_1440_mask.png
cropped_00000027_3_2400_1920.png,cropped_00000027_3_2400_1920_mask.png
cropped_00000027_3_3840_1920.png,cropped_00000027_3_3840_1920_mask.png
cropped_00000027_3_960_0.png,cropped_00000027_3_960_0_mask.png
cropped_0002_label_ZublKlRs_3360_1440.png,cropped_0002_label_ZublKlRs_3360_1440_mask.png
cropped_0002_label_ZublKlRs_480_0.png,cropped_0002_label_ZublKlRs_480_0_mask.png
cropped_0002_label_ZublKlRs_1920_1920.png,cropped_0002_label_ZublKlRs_1920_1920_mask.png
cropped_0002_label_ZublKlRs_480_2400.png,cropped_0002_label_ZublKlRs_480_2400_mask.png
cropped_0002_label_ZublKlRs_3360_2400.png,cropped_0002_label_ZublKlRs_3360_2400_mask.png
cropped_0002_label_ZublKlRs_1440_0.png,cropped_0002_label_ZublKlRs_1440_0_mask.png
cropped_0002_label_ZublKlRs_2400_1440.png,cropped_0002_label_ZublKlRs_2400_1440_mask.png
cropped_0002_label_ZublKlRs_1920_0.png,cropped_0002_label_ZublKlRs_1920_0_mask.png
cropped_0002_label_ZublKlRs_960_2880.png,cropped_0002_label_ZublKlRs_960_2880_mask.png
cropped_0002_label_ZublKlRs_0_2880.png,cropped_0002_label_ZublKlRs_0_2880_mask.png
cropped_0002_label_ZublKlRs_2880_480.png,cropped_0002_label_ZublKlRs_2880_480_mask.png
cropped_0002_label_ZublKlRs_1920_480.png,cropped_0002_label_ZublKlRs_1920_480_mask.png
cropped_0002_label_ZublKlRs_2880_1440.png,cropped_0002_label_ZublKlRs_2880_1440_mask.png
cropped_0002_label_ZublKlRs_1920_960.png,cropped_0002_label_ZublKlRs_1920_960_mask.png
cropped_0016_label_uCXpTeJJ_3360_480.png,cropped_0016_label_uCXpTeJJ_3360_480_mask.png
cropped_0016_label_uCXpTeJJ_3360_1440.png,cropped_0016_label_uCXpTeJJ_3360_1440_mask.png
cropped_0016_label_uCXpTeJJ_1920_1920.png,cropped_0016_label_uCXpTeJJ_1920_1920_mask.png
cropped_0016_label_uCXpTeJJ_480_1920.png,cropped_0016_label_uCXpTeJJ_480_1920_mask.png
cropped_0016_label_uCXpTeJJ_0_0.png,cropped_0016_label_uCXpTeJJ_0_0_mask.png
cropped_0016_label_uCXpTeJJ_1440_480.png,cropped_0016_label_uCXpTeJJ_1440_480_mask.png
cropped_0016_label_uCXpTeJJ_0_1920.png,cropped_0016_label_uCXpTeJJ_0_1920_mask.png
cropped_0016_label_uCXpTeJJ_3360_2400.png,cropped_0016_label_uCXpTeJJ_3360_2400_mask.png
cropped_0016_label_uCXpTeJJ_480_0.png,cropped_0016_label_uCXpTeJJ_480_0_mask.png
cropped_0016_label_uCXpTeJJ_1920_960.png,cropped_0016_label_uCXpTeJJ_1920_960_mask.png
cropped_0016_label_uCXpTeJJ_480_480.png,cropped_0016_label_uCXpTeJJ_480_480_mask.png
cropped_0016_label_uCXpTeJJ_1440_1440.png,cropped_0016_label_uCXpTeJJ_1440_1440_mask.png
cropped_0016_label_uCXpTeJJ_3360_0.png,cropped_0016_label_uCXpTeJJ_3360_0_mask.png
cropped_0016_label_uCXpTeJJ_2880_1920.png,cropped_0016_label_uCXpTeJJ_2880_1920_mask.png
cropped_0016_label_uCXpTeJJ_3360_2880.png,cropped_0016_label_uCXpTeJJ_3360_2880_mask.png
cropped_0016_label_uCXpTeJJ_2880_2400.png,cropped_0016_label_uCXpTeJJ_2880_2400_mask.png
cropped_0016_label_uCXpTeJJ_1440_2880.png,cropped_0016_label_uCXpTeJJ_1440_2880_mask.png
cropped_0016_label_uCXpTeJJ_960_2400.png,cropped_0016_label_uCXpTeJJ_960_2400_mask.png
cropped_00000033_2_0_480.png,cropped_00000033_2_0_480_mask.png
cropped_00000033_2_1440_2880.png,cropped_00000033_2_1440_2880_mask.png
cropped_00000033_2_2400_480.png,cropped_00000033_2_2400_480_mask.png
cropped_00000033_2_0_960.png,cropped_00000033_2_0_960_mask.png
cropped_00000033_2_1440_2400.png,cropped_00000033_2_1440_2400_mask.png
cropped_00000033_2_1920_480.png,cropped_00000033_2_1920_480_mask.png
cropped_00000033_2_1440_1920.png,cropped_00000033_2_1440_1920_mask.png
cropped_00000033_2_960_0.png,cropped_00000033_2_960_0_mask.png
cropped_00000033_2_960_1440.png,cropped_00000033_2_960_1440_mask.png
cropped_00000033_2_0_1440.png,cropped_00000033_2_0_1440_mask.png
cropped_00000033_2_2880_0.png,cropped_00000033_2_2880_0_mask.png
cropped_00000033_2_960_1920.png,cropped_00000033_2_960_1920_mask.png
cropped_00000033_2_2880_960.png,cropped_00000033_2_2880_960_mask.png
cropped_00000033_2_1440_0.png,cropped_00000033_2_1440_0_mask.png
cropped_00000033_2_480_1920.png,cropped_00000033_2_480_1920_mask.png
cropped_00000033_2_0_2400.png,cropped_00000033_2_0_2400_mask.png
cropped_00000033_2_3360_0.png,cropped_00000033_2_3360_0_mask.png
cropped_0001_label_tALCG3Yy_2880_2880.png,cropped_0001_label_tALCG3Yy_2880_2880_mask.png
cropped_0001_label_tALCG3Yy_1440_1440.png,cropped_0001_label_tALCG3Yy_1440_1440_mask.png
cropped_0001_label_tALCG3Yy_960_2400.png,cropped_0001_label_tALCG3Yy_960_2400_mask.png
cropped_0001_label_tALCG3Yy_3840_480.png,cropped_0001_label_tALCG3Yy_3840_480_mask.png
cropped_0001_label_tALCG3Yy_0_2880.png,cropped_0001_label_tALCG3Yy_0_2880_mask.png
cropped_0001_label_tALCG3Yy_480_0.png,cropped_0001_label_tALCG3Yy_480_0_mask.png
cropped_0001_label_tALCG3Yy_480_960.png,cropped_0001_label_tALCG3Yy_480_960_mask.png
cropped_0001_label_tALCG3Yy_1920_960.png,cropped_0001_label_tALCG3Yy_1920_960_mask.png
cropped_0001_label_tALCG3Yy_480_1920.png,cropped_0001_label_tALCG3Yy_480_1920_mask.png
cropped_0001_label_tALCG3Yy_480_2400.png,cropped_0001_label_tALCG3Yy_480_2400_mask.png
cropped_0001_label_tALCG3Yy_2880_1920.png,cropped_0001_label_tALCG3Yy_2880_1920_mask.png
cropped_0001_label_tALCG3Yy_480_2880.png,cropped_0001_label_tALCG3Yy_480_2880_mask.png
cropped_0001_label_tALCG3Yy_1920_2880.png,cropped_0001_label_tALCG3Yy_1920_2880_mask.png
cropped_0001_label_Y0sRpXgl_960_1440.png,cropped_0001_label_Y0sRpXgl_960_1440_mask.png
cropped_0001_label_Y0sRpXgl_1920_1440.png,cropped_0001_label_Y0sRpXgl_1920_1440_mask.png
cropped_0001_label_Y0sRpXgl_1440_960.png,cropped_0001_label_Y0sRpXgl_1440_960_mask.png
cropped_0001_label_Y0sRpXgl_1440_0.png,cropped_0001_label_Y0sRpXgl_1440_0_mask.png
cropped_0001_label_Y0sRpXgl_3360_960.png,cropped_0001_label_Y0sRpXgl_3360_960_mask.png
cropped_0001_label_Y0sRpXgl_1440_1440.png,cropped_0001_label_Y0sRpXgl_1440_1440_mask.png
cropped_0001_label_Y0sRpXgl_0_1440.png,cropped_0001_label_Y0sRpXgl_0_1440_mask.png
cropped_0001_label_Y0sRpXgl_0_1920.png,cropped_0001_label_Y0sRpXgl_0_1920_mask.png
cropped_0001_label_Y0sRpXgl_1920_480.png,cropped_0001_label_Y0sRpXgl_1920_480_mask.png
cropped_0001_label_Y0sRpXgl_480_1440.png,cropped_0001_label_Y0sRpXgl_480_1440_mask.png
cropped_0001_label_Y0sRpXgl_3840_1920.png,cropped_0001_label_Y0sRpXgl_3840_1920_mask.png
cropped_0001_label_Y0sRpXgl_960_960.png,cropped_0001_label_Y0sRpXgl_960_960_mask.png
cropped_0001_label_Y0sRpXgl_2400_0.png,cropped_0001_label_Y0sRpXgl_2400_0_mask.png
cropped_0001_label_Y0sRpXgl_0_2400.png,cropped_0001_label_Y0sRpXgl_0_2400_mask.png
cropped_0001_label_Y0sRpXgl_960_0.png,cropped_0001_label_Y0sRpXgl_960_0_mask.png
cropped_0001_label_Y0sRpXgl_0_960.png,cropped_0001_label_Y0sRpXgl_0_960_mask.png
cropped_0001_label_Y0sRpXgl_2400_1440.png,cropped_0001_label_Y0sRpXgl_2400_1440_mask.png
cropped_0001_label_Y0sRpXgl_2880_1440.png,cropped_0001_label_Y0sRpXgl_2880_1440_mask.png
cropped_0001_label_Y0sRpXgl_1920_2880.png,cropped_0001_label_Y0sRpXgl_1920_2880_mask.png
cropped_0005_label_BRxm2MyU_3360_2400.png,cropped_0005_label_BRxm2MyU_3360_2400_mask.png
cropped_0005_label_BRxm2MyU_2400_960.png,cropped_0005_label_BRxm2MyU_2400_960_mask.png
cropped_0005_label_BRxm2MyU_1920_960.png,cropped_0005_label_BRxm2MyU_1920_960_mask.png
cropped_0005_label_BRxm2MyU_480_1440.png,cropped_0005_label_BRxm2MyU_480_1440_mask.png
cropped_0005_label_BRxm2MyU_2880_0.png,cropped_0005_label_BRxm2MyU_2880_0_mask.png
cropped_0005_label_BRxm2MyU_1440_2880.png,cropped_0005_label_BRxm2MyU_1440_2880_mask.png
cropped_0005_label_BRxm2MyU_3360_480.png,cropped_0005_label_BRxm2MyU_3360_480_mask.png
cropped_0005_label_BRxm2MyU_3360_0.png,cropped_0005_label_BRxm2MyU_3360_0_mask.png
cropped_0005_label_BRxm2MyU_1920_480.png,cropped_0005_label_BRxm2MyU_1920_480_mask.png
cropped_0005_label_BRxm2MyU_960_1440.png,cropped_0005_label_BRxm2MyU_960_1440_mask.png
cropped_0005_label_BRxm2MyU_3840_480.png,cropped_0005_label_BRxm2MyU_3840_480_mask.png
cropped_0005_label_BRxm2MyU_1920_0.png,cropped_0005_label_BRxm2MyU_1920_0_mask.png
cropped_0005_label_BRxm2MyU_1440_480.png,cropped_0005_label_BRxm2MyU_1440_480_mask.png
cropped_0005_label_BRxm2MyU_0_480.png,cropped_0005_label_BRxm2MyU_0_480_mask.png
cropped_0005_label_BRxm2MyU_2400_2880.png,cropped_0005_label_BRxm2MyU_2400_2880_mask.png
cropped_0005_label_BRxm2MyU_1920_2880.png,cropped_0005_label_BRxm2MyU_1920_2880_mask.png
cropped_0005_label_BRxm2MyU_2880_1920.png,cropped_0005_label_BRxm2MyU_2880_1920_mask.png
cropped_0008_label_F5Njd0Gq_2880_2880.png,cropped_0008_label_F5Njd0Gq_2880_2880_mask.png
cropped_0008_label_F5Njd0Gq_0_960.png,cropped_0008_label_F5Njd0Gq_0_960_mask.png
cropped_0008_label_F5Njd0Gq_480_480.png,cropped_0008_label_F5Njd0Gq_480_480_mask.png
cropped_0008_label_F5Njd0Gq_0_480.png,cropped_0008_label_F5Njd0Gq_0_480_mask.png
cropped_0008_label_F5Njd0Gq_1920_480.png,cropped_0008_label_F5Njd0Gq_1920_480_mask.png
cropped_0008_label_F5Njd0Gq_1920_960.png,cropped_0008_label_F5Njd0Gq_1920_960_mask.png
cropped_0008_label_F5Njd0Gq_2880_480.png,cropped_0008_label_F5Njd0Gq_2880_480_mask.png
cropped_0008_label_F5Njd0Gq_3360_1920.png,cropped_0008_label_F5Njd0Gq_3360_1920_mask.png
cropped_0008_label_F5Njd0Gq_1440_480.png,cropped_0008_label_F5Njd0Gq_1440_480_mask.png
cropped_0008_label_F5Njd0Gq_3360_2880.png,cropped_0008_label_F5Njd0Gq_3360_2880_mask.png
cropped_0008_label_F5Njd0Gq_960_1920.png,cropped_0008_label_F5Njd0Gq_960_1920_mask.png
cropped_0008_label_F5Njd0Gq_1920_2880.png,cropped_0008_label_F5Njd0Gq_1920_2880_mask.png
cropped_0008_label_F5Njd0Gq_1920_2400.png,cropped_0008_label_F5Njd0Gq_1920_2400_mask.png
cropped_0008_label_F5Njd0Gq_960_480.png,cropped_0008_label_F5Njd0Gq_960_480_mask.png
cropped_0008_label_F5Njd0Gq_1440_1440.png,cropped_0008_label_F5Njd0Gq_1440_1440_mask.png
cropped_0008_label_F5Njd0Gq_3840_2880.png,cropped_0008_label_F5Njd0Gq_3840_2880_mask.png
cropped_0008_label_F5Njd0Gq_1920_1440.png,cropped_0008_label_F5Njd0Gq_1920_1440_mask.png
cropped_0008_label_F5Njd0Gq_960_0.png,cropped_0008_label_F5Njd0Gq_960_0_mask.png
cropped_0008_label_F5Njd0Gq_480_2400.png,cropped_0008_label_F5Njd0Gq_480_2400_mask.png
cropped_0015_label_egaPlFje_2880_0.png,cropped_0015_label_egaPlFje_2880_0_mask.png
cropped_0015_label_egaPlFje_960_1920.png,cropped_0015_label_egaPlFje_960_1920_mask.png
cropped_0015_label_egaPlFje_0_1440.png,cropped_0015_label_egaPlFje_0_1440_mask.png
cropped_0015_label_egaPlFje_1920_1920.png,cropped_0015_label_egaPlFje_1920_1920_mask.png
cropped_0015_label_egaPlFje_480_1920.png,cropped_0015_label_egaPlFje_480_1920_mask.png
cropped_0015_label_egaPlFje_1440_960.png,cropped_0015_label_egaPlFje_1440_960_mask.png
cropped_0015_label_egaPlFje_0_0.png,cropped_0015_label_egaPlFje_0_0_mask.png
cropped_0015_label_egaPlFje_1440_1920.png,cropped_0015_label_egaPlFje_1440_1920_mask.png
cropped_0015_label_egaPlFje_960_2400.png,cropped_0015_label_egaPlFje_960_2400_mask.png
cropped_0015_label_egaPlFje_3840_1440.png,cropped_0015_label_egaPlFje_3840_1440_mask.png
cropped_0015_label_egaPlFje_1920_2400.png,cropped_0015_label_egaPlFje_1920_2400_mask.png
cropped_0015_label_egaPlFje_2400_2400.png,cropped_0015_label_egaPlFje_2400_2400_mask.png
cropped_0015_label_egaPlFje_480_2400.png,cropped_0015_label_egaPlFje_480_2400_mask.png
cropped_0015_label_egaPlFje_3840_1920.png,cropped_0015_label_egaPlFje_3840_1920_mask.png
cropped_0015_label_egaPlFje_1920_480.png,cropped_0015_label_egaPlFje_1920_480_mask.png
cropped_0015_label_egaPlFje_480_480.png,cropped_0015_label_egaPlFje_480_480_mask.png
cropped_0002_label_XP0UKXUr_3360_2400.png,cropped_0002_label_XP0UKXUr_3360_2400_mask.png
cropped_0002_label_XP0UKXUr_2400_0.png,cropped_0002_label_XP0UKXUr_2400_0_mask.png
cropped_0002_label_XP0UKXUr_3360_480.png,cropped_0002_label_XP0UKXUr_3360_480_mask.png
cropped_0002_label_XP0UKXUr_3360_960.png,cropped_0002_label_XP0UKXUr_3360_960_mask.png
cropped_0002_label_XP0UKXUr_3360_1440.png,cropped_0002_label_XP0UKXUr_3360_1440_mask.png
cropped_0002_label_XP0UKXUr_1920_480.png,cropped_0002_label_XP0UKXUr_1920_480_mask.png
cropped_0002_label_XP0UKXUr_960_1920.png,cropped_0002_label_XP0UKXUr_960_1920_mask.png
cropped_0002_label_XP0UKXUr_1440_1920.png,cropped_0002_label_XP0UKXUr_1440_1920_mask.png
cropped_0002_label_XP0UKXUr_3840_1440.png,cropped_0002_label_XP0UKXUr_3840_1440_mask.png
cropped_0002_label_XP0UKXUr_0_480.png,cropped_0002_label_XP0UKXUr_0_480_mask.png
cropped_0002_label_XP0UKXUr_1920_0.png,cropped_0002_label_XP0UKXUr_1920_0_mask.png
cropped_0002_label_XP0UKXUr_3840_0.png,cropped_0002_label_XP0UKXUr_3840_0_mask.png
cropped_0002_label_XP0UKXUr_2400_1920.png,cropped_0002_label_XP0UKXUr_2400_1920_mask.png
cropped_0002_label_XP0UKXUr_3840_960.png,cropped_0002_label_XP0UKXUr_3840_960_mask.png
cropped_0002_label_XP0UKXUr_3840_1920.png,cropped_0002_label_XP0UKXUr_3840_1920_mask.png
cropped_0002_label_XP0UKXUr_0_1920.png,cropped_0002_label_XP0UKXUr_0_1920_mask.png
cropped_0002_label_XP0UKXUr_1920_2400.png,cropped_0002_label_XP0UKXUr_1920_2400_mask.png
cropped_0002_label_XP0UKXUr_1440_480.png,cropped_0002_label_XP0UKXUr_1440_480_mask.png
cropped_0002_label_XP0UKXUr_3360_0.png,cropped_0002_label_XP0UKXUr_3360_0_mask.png
cropped_0002_label_XP0UKXUr_1920_1920.png,cropped_0002_label_XP0UKXUr_1920_1920_mask.png
cropped_0002_label_XP0UKXUr_3840_480.png,cropped_0002_label_XP0UKXUr_3840_480_mask.png
cropped_0007_label_tALCG3Yy_2400_1920.png,cropped_0007_label_tALCG3Yy_2400_1920_mask.png
cropped_0007_label_tALCG3Yy_0_2400.png,cropped_0007_label_tALCG3Yy_0_2400_mask.png
cropped_0007_label_tALCG3Yy_1920_1440.png,cropped_0007_label_tALCG3Yy_1920_1440_mask.png
cropped_0007_label_tALCG3Yy_1440_1440.png,cropped_0007_label_tALCG3Yy_1440_1440_mask.png
cropped_0007_label_tALCG3Yy_0_0.png,cropped_0007_label_tALCG3Yy_0_0_mask.png
cropped_0007_label_tALCG3Yy_2880_2400.png,cropped_0007_label_tALCG3Yy_2880_2400_mask.png
cropped_0007_label_tALCG3Yy_2400_0.png,cropped_0007_label_tALCG3Yy_2400_0_mask.png
cropped_0007_label_tALCG3Yy_3360_0.png,cropped_0007_label_tALCG3Yy_3360_0_mask.png
cropped_0007_label_tALCG3Yy_1440_960.png,cropped_0007_label_tALCG3Yy_1440_960_mask.png
cropped_0007_label_tALCG3Yy_2880_480.png,cropped_0007_label_tALCG3Yy_2880_480_mask.png
cropped_0007_label_tALCG3Yy_0_480.png,cropped_0007_label_tALCG3Yy_0_480_mask.png
cropped_0007_label_tALCG3Yy_3840_1440.png,cropped_0007_label_tALCG3Yy_3840_1440_mask.png
cropped_0007_label_tALCG3Yy_960_960.png,cropped_0007_label_tALCG3Yy_960_960_mask.png
cropped_0007_label_tALCG3Yy_2880_0.png,cropped_0007_label_tALCG3Yy_2880_0_mask.png
cropped_0007_label_tALCG3Yy_1920_480.png,cropped_0007_label_tALCG3Yy_1920_480_mask.png
cropped_0007_label_tALCG3Yy_1920_0.png,cropped_0007_label_tALCG3Yy_1920_0_mask.png
cropped_0007_label_tALCG3Yy_2400_960.png,cropped_0007_label_tALCG3Yy_2400_960_mask.png
cropped_0007_label_tALCG3Yy_2880_1920.png,cropped_0007_label_tALCG3Yy_2880_1920_mask.png
cropped_0007_label_tALCG3Yy_2880_1440.png,cropped_0007_label_tALCG3Yy_2880_1440_mask.png
cropped_0007_label_tALCG3Yy_480_2400.png,cropped_0007_label_tALCG3Yy_480_2400_mask.png
cropped_0007_label_tALCG3Yy_2880_960.png,cropped_0007_label_tALCG3Yy_2880_960_mask.png
cropped_0007_label_tALCG3Yy_2400_480.png,cropped_0007_label_tALCG3Yy_2400_480_mask.png
cropped_0007_label_tALCG3Yy_2400_1440.png,cropped_0007_label_tALCG3Yy_2400_1440_mask.png
cropped_00000019_3_3360_2400.png,cropped_00000019_3_3360_2400_mask.png
cropped_00000019_3_1920_1920.png,cropped_00000019_3_1920_1920_mask.png
cropped_00000019_3_480_480.png,cropped_00000019_3_480_480_mask.png
cropped_00000019_3_2880_2880.png,cropped_00000019_3_2880_2880_mask.png
cropped_00000019_3_1440_0.png,cropped_00000019_3_1440_0_mask.png
cropped_00000019_3_480_2400.png,cropped_00000019_3_480_2400_mask.png
cropped_00000019_3_1440_960.png,cropped_00000019_3_1440_960_mask.png
cropped_00000019_3_2400_480.png,cropped_00000019_3_2400_480_mask.png
cropped_00000019_3_2880_1920.png,cropped_00000019_3_2880_1920_mask.png
cropped_00000019_3_1920_960.png,cropped_00000019_3_1920_960_mask.png
cropped_00000019_3_0_1440.png,cropped_00000019_3_0_1440_mask.png
cropped_00000019_3_480_1440.png,cropped_00000019_3_480_1440_mask.png
cropped_00000019_3_960_2400.png,cropped_00000019_3_960_2400_mask.png
cropped_00000019_3_3360_960.png,cropped_00000019_3_3360_960_mask.png
cropped_00000019_3_3360_480.png,cropped_00000019_3_3360_480_mask.png
cropped_00000019_3_3840_480.png,cropped_00000019_3_3840_480_mask.png
cropped_00000019_3_960_960.png,cropped_00000019_3_960_960_mask.png
cropped_00000019_3_2880_480.png,cropped_00000019_3_2880_480_mask.png
cropped_00000019_3_3360_2880.png,cropped_00000019_3_3360_2880_mask.png
cropped_00000019_3_2400_2400.png,cropped_00000019_3_2400_2400_mask.png
cropped_00000019_3_2880_2400.png,cropped_00000019_3_2880_2400_mask.png
cropped_00000019_3_480_960.png,cropped_00000019_3_480_960_mask.png
cropped_00000019_3_2400_960.png,cropped_00000019_3_2400_960_mask.png
cropped_00000019_3_0_2880.png,cropped_00000019_3_0_2880_mask.png
cropped_00000019_3_2400_1920.png,cropped_00000019_3_2400_1920_mask.png
cropped_0000_label_BRxm2MyU_3840_1920.png,cropped_0000_label_BRxm2MyU_3840_1920_mask.png
cropped_0000_label_BRxm2MyU_0_480.png,cropped_0000_label_BRxm2MyU_0_480_mask.png
cropped_0000_label_BRxm2MyU_2400_1920.png,cropped_0000_label_BRxm2MyU_2400_1920_mask.png
cropped_0000_label_BRxm2MyU_960_480.png,cropped_0000_label_BRxm2MyU_960_480_mask.png
cropped_0000_label_BRxm2MyU_960_0.png,cropped_0000_label_BRxm2MyU_960_0_mask.png
cropped_0000_label_BRxm2MyU_1920_960.png,cropped_0000_label_BRxm2MyU_1920_960_mask.png
cropped_0000_label_BRxm2MyU_480_960.png,cropped_0000_label_BRxm2MyU_480_960_mask.png
cropped_0000_label_BRxm2MyU_2880_960.png,cropped_0000_label_BRxm2MyU_2880_960_mask.png
cropped_0000_label_BRxm2MyU_1440_480.png,cropped_0000_label_BRxm2MyU_1440_480_mask.png
cropped_0000_label_BRxm2MyU_0_0.png,cropped_0000_label_BRxm2MyU_0_0_mask.png
cropped_0000_label_BRxm2MyU_2880_2400.png,cropped_0000_label_BRxm2MyU_2880_2400_mask.png
cropped_0000_label_BRxm2MyU_2880_2880.png,cropped_0000_label_BRxm2MyU_2880_2880_mask.png
cropped_0000_label_BRxm2MyU_1920_480.png,cropped_0000_label_BRxm2MyU_1920_480_mask.png
cropped_0000_label_BRxm2MyU_480_1440.png,cropped_0000_label_BRxm2MyU_480_1440_mask.png
cropped_0000_label_BRxm2MyU_1920_1440.png,cropped_0000_label_BRxm2MyU_1920_1440_mask.png
cropped_0000_label_BRxm2MyU_960_960.png,cropped_0000_label_BRxm2MyU_960_960_mask.png
cropped_0000_label_BRxm2MyU_2400_2400.png,cropped_0000_label_BRxm2MyU_2400_2400_mask.png
cropped_0000_label_BRxm2MyU_3360_0.png,cropped_0000_label_BRxm2MyU_3360_0_mask.png
cropped_0000_label_BRxm2MyU_1440_960.png,cropped_0000_label_BRxm2MyU_1440_960_mask.png
cropped_0000_label_BRxm2MyU_3840_2400.png,cropped_0000_label_BRxm2MyU_3840_2400_mask.png
cropped_00000017_5_2400_2400.png,cropped_00000017_5_2400_2400_mask.png
cropped_00000017_5_1440_2400.png,cropped_00000017_5_1440_2400_mask.png
cropped_00000017_5_1920_1440.png,cropped_00000017_5_1920_1440_mask.png
cropped_00000017_5_2400_480.png,cropped_00000017_5_2400_480_mask.png
cropped_00000017_5_3360_1440.png,cropped_00000017_5_3360_1440_mask.png
cropped_00000017_5_480_1440.png,cropped_00000017_5_480_1440_mask.png
cropped_00000017_5_960_480.png,cropped_00000017_5_960_480_mask.png
cropped_00000017_5_2400_2880.png,cropped_00000017_5_2400_2880_mask.png
cropped_00000017_5_0_960.png,cropped_00000017_5_0_960_mask.png
cropped_00000017_5_3840_2880.png,cropped_00000017_5_3840_2880_mask.png
cropped_00000017_5_3360_960.png,cropped_00000017_5_3360_960_mask.png
cropped_00000017_5_2400_1920.png,cropped_00000017_5_2400_1920_mask.png
cropped_00000017_5_2880_1440.png,cropped_00000017_5_2880_1440_mask.png
cropped_00000017_5_960_1440.png,cropped_00000017_5_960_1440_mask.png
cropped_00000017_5_480_960.png,cropped_00000017_5_480_960_mask.png
cropped_00000017_5_0_480.png,cropped_00000017_5_0_480_mask.png
cropped_00000017_5_1440_480.png,cropped_00000017_5_1440_480_mask.png
cropped_00000017_5_0_1920.png,cropped_00000017_5_0_1920_mask.png
cropped_00000017_5_3840_960.png,cropped_00000017_5_3840_960_mask.png
cropped_00000017_5_2400_960.png,cropped_00000017_5_2400_960_mask.png
cropped_00000017_5_0_1440.png,cropped_00000017_5_0_1440_mask.png
cropped_00000017_5_1920_2400.png,cropped_00000017_5_1920_2400_mask.png
cropped_00000017_5_2880_2400.png,cropped_00000017_5_2880_2400_mask.png
cropped_00000017_5_0_2400.png,cropped_00000017_5_0_2400_mask.png
cropped_00000017_5_1920_960.png,cropped_00000017_5_1920_960_mask.png
cropped_00000017_5_2880_2880.png,cropped_00000017_5_2880_2880_mask.png
cropped_00000017_5_2880_960.png,cropped_00000017_5_2880_960_mask.png
cropped_00000017_5_3840_0.png,cropped_00000017_5_3840_0_mask.png
cropped_00000017_5_1440_2880.png,cropped_00000017_5_1440_2880_mask.png
cropped_00000017_5_480_1920.png,cropped_00000017_5_480_1920_mask.png
cropped_00000017_5_0_2880.png,cropped_00000017_5_0_2880_mask.png
cropped_00000037_1_480_480.png,cropped_00000037_1_480_480_mask.png
cropped_00000037_1_2880_480.png,cropped_00000037_1_2880_480_mask.png
cropped_00000037_1_3840_2400.png,cropped_00000037_1_3840_2400_mask.png
cropped_00000037_1_1920_0.png,cropped_00000037_1_1920_0_mask.png
cropped_00000037_1_2880_0.png,cropped_00000037_1_2880_0_mask.png
cropped_00000037_1_3840_480.png,cropped_00000037_1_3840_480_mask.png
cropped_00000037_1_480_0.png,cropped_00000037_1_480_0_mask.png
cropped_00000037_1_0_480.png,cropped_00000037_1_0_480_mask.png
cropped_00000037_1_0_1440.png,cropped_00000037_1_0_1440_mask.png
cropped_00000037_1_3360_480.png,cropped_00000037_1_3360_480_mask.png
cropped_00000037_1_480_2880.png,cropped_00000037_1_480_2880_mask.png
cropped_00000037_1_1440_2400.png,cropped_00000037_1_1440_2400_mask.png
cropped_00000037_1_3840_0.png,cropped_00000037_1_3840_0_mask.png
cropped_00000037_1_1920_1440.png,cropped_00000037_1_1920_1440_mask.png
cropped_0000_label_uCXpTeJJ_3840_1920.png,cropped_0000_label_uCXpTeJJ_3840_1920_mask.png
cropped_0000_label_uCXpTeJJ_1920_480.png,cropped_0000_label_uCXpTeJJ_1920_480_mask.png
cropped_0000_label_uCXpTeJJ_2880_0.png,cropped_0000_label_uCXpTeJJ_2880_0_mask.png
cropped_0000_label_uCXpTeJJ_1920_960.png,cropped_0000_label_uCXpTeJJ_1920_960_mask.png
cropped_0000_label_uCXpTeJJ_0_0.png,cropped_0000_label_uCXpTeJJ_0_0_mask.png
cropped_0000_label_uCXpTeJJ_1440_480.png,cropped_0000_label_uCXpTeJJ_1440_480_mask.png
cropped_0000_label_uCXpTeJJ_3360_480.png,cropped_0000_label_uCXpTeJJ_3360_480_mask.png
cropped_0000_label_uCXpTeJJ_2880_480.png,cropped_0000_label_uCXpTeJJ_2880_480_mask.png
cropped_0000_label_uCXpTeJJ_1920_1920.png,cropped_0000_label_uCXpTeJJ_1920_1920_mask.png
cropped_0000_label_uCXpTeJJ_2880_2400.png,cropped_0000_label_uCXpTeJJ_2880_2400_mask.png
cropped_0000_label_uCXpTeJJ_480_0.png,cropped_0000_label_uCXpTeJJ_480_0_mask.png
cropped_0000_label_uCXpTeJJ_0_2400.png,cropped_0000_label_uCXpTeJJ_0_2400_mask.png
cropped_0000_label_uCXpTeJJ_960_1920.png,cropped_0000_label_uCXpTeJJ_960_1920_mask.png
cropped_0000_label_uCXpTeJJ_1440_1440.png,cropped_0000_label_uCXpTeJJ_1440_1440_mask.png
cropped_0000_label_uCXpTeJJ_2400_960.png,cropped_0000_label_uCXpTeJJ_2400_960_mask.png
cropped_0000_label_uCXpTeJJ_0_2880.png,cropped_0000_label_uCXpTeJJ_0_2880_mask.png
cropped_0000_label_uCXpTeJJ_1440_960.png,cropped_0000_label_uCXpTeJJ_1440_960_mask.png
cropped_0004_label_ouHctxiB_960_960.png,cropped_0004_label_ouHctxiB_960_960_mask.png
cropped_0004_label_ouHctxiB_3360_1920.png,cropped_0004_label_ouHctxiB_3360_1920_mask.png
cropped_0004_label_ouHctxiB_480_2880.png,cropped_0004_label_ouHctxiB_480_2880_mask.png
cropped_0004_label_ouHctxiB_2400_1920.png,cropped_0004_label_ouHctxiB_2400_1920_mask.png
cropped_0004_label_ouHctxiB_1920_1440.png,cropped_0004_label_ouHctxiB_1920_1440_mask.png
cropped_0004_label_ouHctxiB_0_1440.png,cropped_0004_label_ouHctxiB_0_1440_mask.png
cropped_0004_label_ouHctxiB_960_480.png,cropped_0004_label_ouHctxiB_960_480_mask.png
cropped_0004_label_ouHctxiB_1440_480.png,cropped_0004_label_ouHctxiB_1440_480_mask.png
cropped_0004_label_ouHctxiB_1920_0.png,cropped_0004_label_ouHctxiB_1920_0_mask.png
cropped_0004_label_ouHctxiB_3360_960.png,cropped_0004_label_ouHctxiB_3360_960_mask.png
cropped_0004_label_ouHctxiB_2400_1440.png,cropped_0004_label_ouHctxiB_2400_1440_mask.png
cropped_0004_label_ouHctxiB_1440_1920.png,cropped_0004_label_ouHctxiB_1440_1920_mask.png
cropped_0004_label_ouHctxiB_2400_960.png,cropped_0004_label_ouHctxiB_2400_960_mask.png
cropped_0004_label_ouHctxiB_480_1920.png,cropped_0004_label_ouHctxiB_480_1920_mask.png
cropped_0004_label_ouHctxiB_3840_0.png,cropped_0004_label_ouHctxiB_3840_0_mask.png
cropped_0004_label_ouHctxiB_0_960.png,cropped_0004_label_ouHctxiB_0_960_mask.png
cropped_0004_label_ouHctxiB_2400_2880.png,cropped_0004_label_ouHctxiB_2400_2880_mask.png
cropped_0008_label_XP0UKXUr_1440_1920.png,cropped_0008_label_XP0UKXUr_1440_1920_mask.png
cropped_0008_label_XP0UKXUr_3360_480.png,cropped_0008_label_XP0UKXUr_3360_480_mask.png
cropped_0008_label_XP0UKXUr_480_480.png,cropped_0008_label_XP0UKXUr_480_480_mask.png
cropped_0008_label_XP0UKXUr_3360_960.png,cropped_0008_label_XP0UKXUr_3360_960_mask.png
cropped_0008_label_XP0UKXUr_3840_2400.png,cropped_0008_label_XP0UKXUr_3840_2400_mask.png
cropped_0008_label_XP0UKXUr_2400_2400.png,cropped_0008_label_XP0UKXUr_2400_2400_mask.png
cropped_0008_label_XP0UKXUr_3360_1440.png,cropped_0008_label_XP0UKXUr_3360_1440_mask.png
cropped_0008_label_XP0UKXUr_1920_1920.png,cropped_0008_label_XP0UKXUr_1920_1920_mask.png
cropped_0008_label_XP0UKXUr_2400_960.png,cropped_0008_label_XP0UKXUr_2400_960_mask.png
cropped_0008_label_XP0UKXUr_3360_0.png,cropped_0008_label_XP0UKXUr_3360_0_mask.png
cropped_0008_label_XP0UKXUr_2880_1440.png,cropped_0008_label_XP0UKXUr_2880_1440_mask.png
cropped_0008_label_XP0UKXUr_1440_2880.png,cropped_0008_label_XP0UKXUr_1440_2880_mask.png
cropped_0008_label_XP0UKXUr_2400_1920.png,cropped_0008_label_XP0UKXUr_2400_1920_mask.png
cropped_0008_label_XP0UKXUr_480_2400.png,cropped_0008_label_XP0UKXUr_480_2400_mask.png
cropped_0008_label_XP0UKXUr_480_2880.png,cropped_0008_label_XP0UKXUr_480_2880_mask.png
cropped_0008_label_XP0UKXUr_2880_480.png,cropped_0008_label_XP0UKXUr_2880_480_mask.png
cropped_0008_label_XP0UKXUr_480_1440.png,cropped_0008_label_XP0UKXUr_480_1440_mask.png
cropped_0008_label_XP0UKXUr_1920_960.png,cropped_0008_label_XP0UKXUr_1920_960_mask.png
cropped_0008_label_XP0UKXUr_3840_480.png,cropped_0008_label_XP0UKXUr_3840_480_mask.png
cropped_0008_label_XP0UKXUr_1920_2400.png,cropped_0008_label_XP0UKXUr_1920_2400_mask.png
cropped_0019_label_uCXpTeJJ_0_1440.png,cropped_0019_label_uCXpTeJJ_0_1440_mask.png
cropped_0019_label_uCXpTeJJ_2880_0.png,cropped_0019_label_uCXpTeJJ_2880_0_mask.png
cropped_0019_label_uCXpTeJJ_3360_2880.png,cropped_0019_label_uCXpTeJJ_3360_2880_mask.png
cropped_0019_label_uCXpTeJJ_2400_960.png,cropped_0019_label_uCXpTeJJ_2400_960_mask.png
cropped_0019_label_uCXpTeJJ_0_960.png,cropped_0019_label_uCXpTeJJ_0_960_mask.png
cropped_0019_label_uCXpTeJJ_2400_1920.png,cropped_0019_label_uCXpTeJJ_2400_1920_mask.png
cropped_0019_label_uCXpTeJJ_3360_480.png,cropped_0019_label_uCXpTeJJ_3360_480_mask.png
cropped_0019_label_uCXpTeJJ_0_1920.png,cropped_0019_label_uCXpTeJJ_0_1920_mask.png
cropped_0019_label_uCXpTeJJ_1920_960.png,cropped_0019_label_uCXpTeJJ_1920_960_mask.png
cropped_0019_label_uCXpTeJJ_2400_2400.png,cropped_0019_label_uCXpTeJJ_2400_2400_mask.png
cropped_0019_label_uCXpTeJJ_2880_1440.png,cropped_0019_label_uCXpTeJJ_2880_1440_mask.png
cropped_0019_label_uCXpTeJJ_1440_480.png,cropped_0019_label_uCXpTeJJ_1440_480_mask.png
cropped_0019_label_uCXpTeJJ_1920_480.png,cropped_0019_label_uCXpTeJJ_1920_480_mask.png
cropped_0019_label_uCXpTeJJ_2880_2880.png,cropped_0019_label_uCXpTeJJ_2880_2880_mask.png
cropped_0019_label_uCXpTeJJ_2880_2400.png,cropped_0019_label_uCXpTeJJ_2880_2400_mask.png
cropped_0019_label_uCXpTeJJ_960_2400.png,cropped_0019_label_uCXpTeJJ_960_2400_mask.png
cropped_0019_label_uCXpTeJJ_1440_960.png,cropped_0019_label_uCXpTeJJ_1440_960_mask.png
cropped_00000039_1920_960.png,cropped_00000039_1920_960_mask.png
cropped_00000039_1920_1440.png,cropped_00000039_1920_1440_mask.png
cropped_00000039_2400_1920.png,cropped_00000039_2400_1920_mask.png
cropped_00000039_3840_1440.png,cropped_00000039_3840_1440_mask.png
cropped_00000039_1440_480.png,cropped_00000039_1440_480_mask.png
cropped_00000039_2880_2880.png,cropped_00000039_2880_2880_mask.png
cropped_00000039_480_2400.png,cropped_00000039_480_2400_mask.png
cropped_00000039_3360_0.png,cropped_00000039_3360_0_mask.png
cropped_00000039_480_480.png,cropped_00000039_480_480_mask.png
cropped_00000039_1920_2880.png,cropped_00000039_1920_2880_mask.png
cropped_00000039_2880_2400.png,cropped_00000039_2880_2400_mask.png
cropped_00000039_3360_2880.png,cropped_00000039_3360_2880_mask.png
cropped_00000039_3840_1920.png,cropped_00000039_3840_1920_mask.png
cropped_00000039_3840_2400.png,cropped_00000039_3840_2400_mask.png
cropped_00000039_3360_480.png,cropped_00000039_3360_480_mask.png
cropped_00000039_2880_480.png,cropped_00000039_2880_480_mask.png
cropped_00000039_0_0.png,cropped_00000039_0_0_mask.png
cropped_00000039_3840_480.png,cropped_00000039_3840_480_mask.png
cropped_00000039_2400_480.png,cropped_00000039_2400_480_mask.png
cropped_00000039_960_0.png,cropped_00000039_960_0_mask.png
cropped_00000039_2400_960.png,cropped_00000039_2400_960_mask.png
cropped_00000039_480_2880.png,cropped_00000039_480_2880_mask.png
cropped_00000039_3840_960.png,cropped_00000039_3840_960_mask.png
cropped_0015_label_lY40XnMe_2880_480.png,cropped_0015_label_lY40XnMe_2880_480_mask.png
cropped_0015_label_lY40XnMe_3360_2880.png,cropped_0015_label_lY40XnMe_3360_2880_mask.png
cropped_0015_label_lY40XnMe_3360_1920.png,cropped_0015_label_lY40XnMe_3360_1920_mask.png
cropped_0015_label_lY40XnMe_1440_960.png,cropped_0015_label_lY40XnMe_1440_960_mask.png
cropped_0015_label_lY40XnMe_1920_2880.png,cropped_0015_label_lY40XnMe_1920_2880_mask.png
cropped_0015_label_lY40XnMe_960_480.png,cropped_0015_label_lY40XnMe_960_480_mask.png
cropped_0015_label_lY40XnMe_2400_0.png,cropped_0015_label_lY40XnMe_2400_0_mask.png
cropped_0015_label_lY40XnMe_2880_0.png,cropped_0015_label_lY40XnMe_2880_0_mask.png
cropped_0015_label_lY40XnMe_3840_1920.png,cropped_0015_label_lY40XnMe_3840_1920_mask.png
cropped_0015_label_lY40XnMe_0_1440.png,cropped_0015_label_lY40XnMe_0_1440_mask.png
cropped_0015_label_lY40XnMe_3360_2400.png,cropped_0015_label_lY40XnMe_3360_2400_mask.png
cropped_0015_label_lY40XnMe_1440_0.png,cropped_0015_label_lY40XnMe_1440_0_mask.png
cropped_0015_label_lY40XnMe_1440_2880.png,cropped_0015_label_lY40XnMe_1440_2880_mask.png
cropped_0015_label_lY40XnMe_480_0.png,cropped_0015_label_lY40XnMe_480_0_mask.png
cropped_0015_label_lY40XnMe_480_1920.png,cropped_0015_label_lY40XnMe_480_1920_mask.png
cropped_0015_label_lY40XnMe_2400_480.png,cropped_0015_label_lY40XnMe_2400_480_mask.png
cropped_0015_label_lY40XnMe_480_480.png,cropped_0015_label_lY40XnMe_480_480_mask.png
cropped_0015_label_lY40XnMe_3840_480.png,cropped_0015_label_lY40XnMe_3840_480_mask.png
cropped_0015_label_lY40XnMe_3360_1440.png,cropped_0015_label_lY40XnMe_3360_1440_mask.png
cropped_0015_label_lY40XnMe_3840_1440.png,cropped_0015_label_lY40XnMe_3840_1440_mask.png
cropped_0015_label_lY40XnMe_2400_2880.png,cropped_0015_label_lY40XnMe_2400_2880_mask.png
cropped_0015_label_lY40XnMe_1920_2400.png,cropped_0015_label_lY40XnMe_1920_2400_mask.png
cropped_0015_label_lY40XnMe_2880_2400.png,cropped_0015_label_lY40XnMe_2880_2400_mask.png
cropped_0015_label_lY40XnMe_2880_2880.png,cropped_0015_label_lY40XnMe_2880_2880_mask.png
cropped_0015_label_lY40XnMe_3360_0.png,cropped_0015_label_lY40XnMe_3360_0_mask.png
cropped_0015_label_lY40XnMe_3840_2400.png,cropped_0015_label_lY40XnMe_3840_2400_mask.png
cropped_0015_label_lY40XnMe_1440_1440.png,cropped_0015_label_lY40XnMe_1440_1440_mask.png
cropped_0017_label_WgYVYe3Q_1440_480.png,cropped_0017_label_WgYVYe3Q_1440_480_mask.png
cropped_0017_label_WgYVYe3Q_480_480.png,cropped_0017_label_WgYVYe3Q_480_480_mask.png
cropped_0017_label_WgYVYe3Q_1440_2400.png,cropped_0017_label_WgYVYe3Q_1440_2400_mask.png
cropped_0017_label_WgYVYe3Q_2880_2400.png,cropped_0017_label_WgYVYe3Q_2880_2400_mask.png
cropped_0017_label_WgYVYe3Q_480_960.png,cropped_0017_label_WgYVYe3Q_480_960_mask.png
cropped_0017_label_WgYVYe3Q_3360_960.png,cropped_0017_label_WgYVYe3Q_3360_960_mask.png
cropped_0017_label_WgYVYe3Q_2400_2880.png,cropped_0017_label_WgYVYe3Q_2400_2880_mask.png
cropped_0017_label_WgYVYe3Q_3360_0.png,cropped_0017_label_WgYVYe3Q_3360_0_mask.png
cropped_0017_label_WgYVYe3Q_3840_1920.png,cropped_0017_label_WgYVYe3Q_3840_1920_mask.png
cropped_0017_label_WgYVYe3Q_960_1920.png,cropped_0017_label_WgYVYe3Q_960_1920_mask.png
cropped_0017_label_WgYVYe3Q_2880_960.png,cropped_0017_label_WgYVYe3Q_2880_960_mask.png
cropped_0017_label_WgYVYe3Q_1920_0.png,cropped_0017_label_WgYVYe3Q_1920_0_mask.png
cropped_0017_label_WgYVYe3Q_1920_480.png,cropped_0017_label_WgYVYe3Q_1920_480_mask.png
cropped_0017_label_WgYVYe3Q_960_2400.png,cropped_0017_label_WgYVYe3Q_960_2400_mask.png
cropped_0017_label_WgYVYe3Q_3360_1440.png,cropped_0017_label_WgYVYe3Q_3360_1440_mask.png
cropped_0017_label_WgYVYe3Q_1440_1440.png,cropped_0017_label_WgYVYe3Q_1440_1440_mask.png
cropped_0008_label_zsq5uyoY_1440_2400.png,cropped_0008_label_zsq5uyoY_1440_2400_mask.png
cropped_0008_label_zsq5uyoY_1440_1920.png,cropped_0008_label_zsq5uyoY_1440_1920_mask.png
cropped_0008_label_zsq5uyoY_2880_480.png,cropped_0008_label_zsq5uyoY_2880_480_mask.png
cropped_0008_label_zsq5uyoY_960_480.png,cropped_0008_label_zsq5uyoY_960_480_mask.png
cropped_0008_label_zsq5uyoY_3360_1920.png,cropped_0008_label_zsq5uyoY_3360_1920_mask.png
cropped_0008_label_zsq5uyoY_3840_480.png,cropped_0008_label_zsq5uyoY_3840_480_mask.png
cropped_0008_label_zsq5uyoY_0_480.png,cropped_0008_label_zsq5uyoY_0_480_mask.png
cropped_0008_label_zsq5uyoY_480_1920.png,cropped_0008_label_zsq5uyoY_480_1920_mask.png
cropped_0008_label_zsq5uyoY_1440_2880.png,cropped_0008_label_zsq5uyoY_1440_2880_mask.png
cropped_0008_label_zsq5uyoY_0_960.png,cropped_0008_label_zsq5uyoY_0_960_mask.png
cropped_0008_label_zsq5uyoY_1920_960.png,cropped_0008_label_zsq5uyoY_1920_960_mask.png
cropped_0008_label_zsq5uyoY_2400_1920.png,cropped_0008_label_zsq5uyoY_2400_1920_mask.png
cropped_0008_label_zsq5uyoY_480_960.png,cropped_0008_label_zsq5uyoY_480_960_mask.png
cropped_0008_label_zsq5uyoY_1440_960.png,cropped_0008_label_zsq5uyoY_1440_960_mask.png
cropped_0008_label_zsq5uyoY_0_1440.png,cropped_0008_label_zsq5uyoY_0_1440_mask.png
cropped_0008_label_zsq5uyoY_2400_960.png,cropped_0008_label_zsq5uyoY_2400_960_mask.png
cropped_0008_label_zsq5uyoY_3840_0.png,cropped_0008_label_zsq5uyoY_3840_0_mask.png
cropped_0008_label_zsq5uyoY_1440_480.png,cropped_0008_label_zsq5uyoY_1440_480_mask.png
cropped_0008_label_zsq5uyoY_1920_2400.png,cropped_0008_label_zsq5uyoY_1920_2400_mask.png
cropped_0008_label_zsq5uyoY_1440_0.png,cropped_0008_label_zsq5uyoY_1440_0_mask.png
cropped_0008_label_zsq5uyoY_3360_480.png,cropped_0008_label_zsq5uyoY_3360_480_mask.png
cropped_0008_label_zsq5uyoY_0_1920.png,cropped_0008_label_zsq5uyoY_0_1920_mask.png
cropped_0008_label_zsq5uyoY_480_0.png,cropped_0008_label_zsq5uyoY_480_0_mask.png
cropped_0014_label_0xjUoY7D_3840_0.png,cropped_0014_label_0xjUoY7D_3840_0_mask.png
cropped_0014_label_0xjUoY7D_1440_0.png,cropped_0014_label_0xjUoY7D_1440_0_mask.png
cropped_0014_label_0xjUoY7D_3360_1920.png,cropped_0014_label_0xjUoY7D_3360_1920_mask.png
cropped_0014_label_0xjUoY7D_2880_1920.png,cropped_0014_label_0xjUoY7D_2880_1920_mask.png
cropped_0014_label_0xjUoY7D_960_480.png,cropped_0014_label_0xjUoY7D_960_480_mask.png
cropped_0014_label_0xjUoY7D_960_2880.png,cropped_0014_label_0xjUoY7D_960_2880_mask.png
cropped_0014_label_0xjUoY7D_1440_960.png,cropped_0014_label_0xjUoY7D_1440_960_mask.png
cropped_0014_label_0xjUoY7D_2400_0.png,cropped_0014_label_0xjUoY7D_2400_0_mask.png
cropped_0014_label_0xjUoY7D_2880_2880.png,cropped_0014_label_0xjUoY7D_2880_2880_mask.png
cropped_0014_label_0xjUoY7D_1440_1440.png,cropped_0014_label_0xjUoY7D_1440_1440_mask.png
cropped_0014_label_0xjUoY7D_1920_2400.png,cropped_0014_label_0xjUoY7D_1920_2400_mask.png
cropped_0014_label_0xjUoY7D_0_960.png,cropped_0014_label_0xjUoY7D_0_960_mask.png
cropped_0014_label_0xjUoY7D_3840_2880.png,cropped_0014_label_0xjUoY7D_3840_2880_mask.png
cropped_0014_label_0xjUoY7D_2400_960.png,cropped_0014_label_0xjUoY7D_2400_960_mask.png
cropped_0014_label_0xjUoY7D_2880_960.png,cropped_0014_label_0xjUoY7D_2880_960_mask.png
cropped_0014_label_0xjUoY7D_1920_1920.png,cropped_0014_label_0xjUoY7D_1920_1920_mask.png
cropped_0014_label_0xjUoY7D_1920_0.png,cropped_0014_label_0xjUoY7D_1920_0_mask.png
cropped_0014_label_0xjUoY7D_480_2880.png,cropped_0014_label_0xjUoY7D_480_2880_mask.png
cropped_0014_label_0xjUoY7D_3840_2400.png,cropped_0014_label_0xjUoY7D_3840_2400_mask.png
cropped_0014_label_0xjUoY7D_1440_2880.png,cropped_0014_label_0xjUoY7D_1440_2880_mask.png
cropped_00000028_3360_1440.png,cropped_00000028_3360_1440_mask.png
cropped_00000028_3840_1440.png,cropped_00000028_3840_1440_mask.png
cropped_00000028_0_2400.png,cropped_00000028_0_2400_mask.png
cropped_00000028_1920_960.png,cropped_00000028_1920_960_mask.png
cropped_00000028_2400_480.png,cropped_00000028_2400_480_mask.png
cropped_00000028_0_960.png,cropped_00000028_0_960_mask.png
cropped_00000028_2400_1440.png,cropped_00000028_2400_1440_mask.png
cropped_00000028_1440_2400.png,cropped_00000028_1440_2400_mask.png
cropped_00000028_3360_480.png,cropped_00000028_3360_480_mask.png
cropped_00000028_960_2400.png,cropped_00000028_960_2400_mask.png
cropped_00000028_1920_480.png,cropped_00000028_1920_480_mask.png
cropped_00000028_1920_0.png,cropped_00000028_1920_0_mask.png
cropped_00000028_1920_1440.png,cropped_00000028_1920_1440_mask.png
cropped_00000028_2880_2880.png,cropped_00000028_2880_2880_mask.png
cropped_00000028_2400_0.png,cropped_00000028_2400_0_mask.png
cropped_0013_label_Y0sRpXgl_2880_1440.png,cropped_0013_label_Y0sRpXgl_2880_1440_mask.png
cropped_0013_label_Y0sRpXgl_2400_1440.png,cropped_0013_label_Y0sRpXgl_2400_1440_mask.png
cropped_0013_label_Y0sRpXgl_1440_2400.png,cropped_0013_label_Y0sRpXgl_1440_2400_mask.png
cropped_0013_label_Y0sRpXgl_2400_0.png,cropped_0013_label_Y0sRpXgl_2400_0_mask.png
cropped_0013_label_Y0sRpXgl_960_2880.png,cropped_0013_label_Y0sRpXgl_960_2880_mask.png
cropped_0013_label_Y0sRpXgl_480_2400.png,cropped_0013_label_Y0sRpXgl_480_2400_mask.png
cropped_0013_label_Y0sRpXgl_480_1440.png,cropped_0013_label_Y0sRpXgl_480_1440_mask.png
cropped_0013_label_Y0sRpXgl_3360_2400.png,cropped_0013_label_Y0sRpXgl_3360_2400_mask.png
cropped_0013_label_Y0sRpXgl_2400_960.png,cropped_0013_label_Y0sRpXgl_2400_960_mask.png
cropped_0013_label_Y0sRpXgl_3840_2880.png,cropped_0013_label_Y0sRpXgl_3840_2880_mask.png
cropped_0013_label_Y0sRpXgl_480_1920.png,cropped_0013_label_Y0sRpXgl_480_1920_mask.png
cropped_0013_label_Y0sRpXgl_1440_960.png,cropped_0013_label_Y0sRpXgl_1440_960_mask.png
cropped_0013_label_Y0sRpXgl_3840_0.png,cropped_0013_label_Y0sRpXgl_3840_0_mask.png
cropped_0013_label_Y0sRpXgl_960_480.png,cropped_0013_label_Y0sRpXgl_960_480_mask.png
cropped_0013_label_Y0sRpXgl_1920_2880.png,cropped_0013_label_Y0sRpXgl_1920_2880_mask.png
cropped_0013_label_Y0sRpXgl_0_480.png,cropped_0013_label_Y0sRpXgl_0_480_mask.png
cropped_0013_label_Y0sRpXgl_0_960.png,cropped_0013_label_Y0sRpXgl_0_960_mask.png
cropped_0013_label_Y0sRpXgl_480_2880.png,cropped_0013_label_Y0sRpXgl_480_2880_mask.png
cropped_0013_label_Y0sRpXgl_2880_0.png,cropped_0013_label_Y0sRpXgl_2880_0_mask.png
cropped_0013_label_Y0sRpXgl_960_2400.png,cropped_0013_label_Y0sRpXgl_960_2400_mask.png
cropped_0013_label_Y0sRpXgl_960_0.png,cropped_0013_label_Y0sRpXgl_960_0_mask.png
cropped_0013_label_Y0sRpXgl_2880_960.png,cropped_0013_label_Y0sRpXgl_2880_960_mask.png
cropped_0013_label_Y0sRpXgl_480_480.png,cropped_0013_label_Y0sRpXgl_480_480_mask.png
cropped_0013_label_Y0sRpXgl_2400_2880.png,cropped_0013_label_Y0sRpXgl_2400_2880_mask.png
cropped_0016_label_Z4lINfjt_3840_2400.png,cropped_0016_label_Z4lINfjt_3840_2400_mask.png
cropped_0016_label_Z4lINfjt_2400_1920.png,cropped_0016_label_Z4lINfjt_2400_1920_mask.png
cropped_0016_label_Z4lINfjt_1440_1440.png,cropped_0016_label_Z4lINfjt_1440_1440_mask.png
cropped_0016_label_Z4lINfjt_2880_2880.png,cropped_0016_label_Z4lINfjt_2880_2880_mask.png
cropped_0016_label_Z4lINfjt_480_480.png,cropped_0016_label_Z4lINfjt_480_480_mask.png
cropped_0016_label_Z4lINfjt_3360_1440.png,cropped_0016_label_Z4lINfjt_3360_1440_mask.png
cropped_0016_label_Z4lINfjt_2880_1920.png,cropped_0016_label_Z4lINfjt_2880_1920_mask.png
cropped_0016_label_Z4lINfjt_1440_2880.png,cropped_0016_label_Z4lINfjt_1440_2880_mask.png
cropped_0016_label_Z4lINfjt_1920_960.png,cropped_0016_label_Z4lINfjt_1920_960_mask.png
cropped_0016_label_Z4lINfjt_2400_1440.png,cropped_0016_label_Z4lINfjt_2400_1440_mask.png
cropped_0016_label_Z4lINfjt_1920_2880.png,cropped_0016_label_Z4lINfjt_1920_2880_mask.png
cropped_0016_label_Z4lINfjt_2880_480.png,cropped_0016_label_Z4lINfjt_2880_480_mask.png
cropped_0016_label_Z4lINfjt_3840_2880.png,cropped_0016_label_Z4lINfjt_3840_2880_mask.png
cropped_0016_label_Z4lINfjt_0_0.png,cropped_0016_label_Z4lINfjt_0_0_mask.png
cropped_0016_label_Z4lINfjt_1920_1440.png,cropped_0016_label_Z4lINfjt_1920_1440_mask.png
cropped_0004_label_lY40XnMe_2880_1920.png,cropped_0004_label_lY40XnMe_2880_1920_mask.png
cropped_0004_label_lY40XnMe_480_480.png,cropped_0004_label_lY40XnMe_480_480_mask.png
cropped_0004_label_lY40XnMe_1440_2400.png,cropped_0004_label_lY40XnMe_1440_2400_mask.png
cropped_0004_label_lY40XnMe_480_2400.png,cropped_0004_label_lY40XnMe_480_2400_mask.png
cropped_0004_label_lY40XnMe_0_480.png,cropped_0004_label_lY40XnMe_0_480_mask.png
cropped_0004_label_lY40XnMe_2880_2400.png,cropped_0004_label_lY40XnMe_2880_2400_mask.png
cropped_0004_label_lY40XnMe_3840_0.png,cropped_0004_label_lY40XnMe_3840_0_mask.png
cropped_0004_label_lY40XnMe_480_0.png,cropped_0004_label_lY40XnMe_480_0_mask.png
cropped_0004_label_lY40XnMe_1920_480.png,cropped_0004_label_lY40XnMe_1920_480_mask.png
cropped_0004_label_lY40XnMe_1920_0.png,cropped_0004_label_lY40XnMe_1920_0_mask.png
cropped_0004_label_lY40XnMe_0_960.png,cropped_0004_label_lY40XnMe_0_960_mask.png
cropped_0004_label_lY40XnMe_0_1440.png,cropped_0004_label_lY40XnMe_0_1440_mask.png
cropped_0004_label_lY40XnMe_1440_0.png,cropped_0004_label_lY40XnMe_1440_0_mask.png
cropped_0004_label_lY40XnMe_960_480.png,cropped_0004_label_lY40XnMe_960_480_mask.png
cropped_0004_label_lY40XnMe_0_2880.png,cropped_0004_label_lY40XnMe_0_2880_mask.png
cropped_0004_label_lY40XnMe_0_0.png,cropped_0004_label_lY40XnMe_0_0_mask.png
cropped_0004_label_lY40XnMe_1440_480.png,cropped_0004_label_lY40XnMe_1440_480_mask.png
cropped_0004_label_lY40XnMe_1920_960.png,cropped_0004_label_lY40XnMe_1920_960_mask.png
cropped_0004_label_lY40XnMe_1920_1920.png,cropped_0004_label_lY40XnMe_1920_1920_mask.png
cropped_0004_label_lY40XnMe_1920_2880.png,cropped_0004_label_lY40XnMe_1920_2880_mask.png
cropped_0004_label_lY40XnMe_2880_480.png,cropped_0004_label_lY40XnMe_2880_480_mask.png
cropped_0004_label_lY40XnMe_1440_1440.png,cropped_0004_label_lY40XnMe_1440_1440_mask.png
cropped_00000000_2_3360_0.png,cropped_00000000_2_3360_0_mask.png
cropped_00000000_2_3360_1440.png,cropped_00000000_2_3360_1440_mask.png
cropped_00000000_2_960_2880.png,cropped_00000000_2_960_2880_mask.png
cropped_00000000_2_2400_2400.png,cropped_00000000_2_2400_2400_mask.png
cropped_00000000_2_0_480.png,cropped_00000000_2_0_480_mask.png
cropped_00000000_2_960_480.png,cropped_00000000_2_960_480_mask.png
cropped_00000000_2_3360_2880.png,cropped_00000000_2_3360_2880_mask.png
cropped_00000000_2_3840_480.png,cropped_00000000_2_3840_480_mask.png
cropped_00000000_2_1920_1920.png,cropped_00000000_2_1920_1920_mask.png
cropped_00000000_2_2880_960.png,cropped_00000000_2_2880_960_mask.png
cropped_00000000_2_480_2880.png,cropped_00000000_2_480_2880_mask.png
cropped_00000000_2_1920_480.png,cropped_00000000_2_1920_480_mask.png
cropped_00000000_2_960_1920.png,cropped_00000000_2_960_1920_mask.png
cropped_00000000_2_1920_0.png,cropped_00000000_2_1920_0_mask.png
cropped_00000000_2_2400_480.png,cropped_00000000_2_2400_480_mask.png
cropped_00000000_2_0_1440.png,cropped_00000000_2_0_1440_mask.png
cropped_00000000_2_3360_480.png,cropped_00000000_2_3360_480_mask.png
cropped_00000000_2_2400_1920.png,cropped_00000000_2_2400_1920_mask.png
cropped_00000000_2_1440_480.png,cropped_00000000_2_1440_480_mask.png
cropped_00000000_2_2880_2400.png,cropped_00000000_2_2880_2400_mask.png
cropped_00000000_2_480_960.png,cropped_00000000_2_480_960_mask.png
cropped_0000_label_GQ173MEa_2400_960.png,cropped_0000_label_GQ173MEa_2400_960_mask.png
cropped_0000_label_GQ173MEa_1440_1920.png,cropped_0000_label_GQ173MEa_1440_1920_mask.png
cropped_0000_label_GQ173MEa_480_2880.png,cropped_0000_label_GQ173MEa_480_2880_mask.png
cropped_0000_label_GQ173MEa_3840_480.png,cropped_0000_label_GQ173MEa_3840_480_mask.png
cropped_0000_label_GQ173MEa_3840_1920.png,cropped_0000_label_GQ173MEa_3840_1920_mask.png
cropped_0000_label_GQ173MEa_2400_2400.png,cropped_0000_label_GQ173MEa_2400_2400_mask.png
cropped_0000_label_GQ173MEa_0_0.png,cropped_0000_label_GQ173MEa_0_0_mask.png
cropped_0000_label_GQ173MEa_960_1440.png,cropped_0000_label_GQ173MEa_960_1440_mask.png
cropped_0000_label_GQ173MEa_3360_0.png,cropped_0000_label_GQ173MEa_3360_0_mask.png
cropped_0000_label_GQ173MEa_2400_1920.png,cropped_0000_label_GQ173MEa_2400_1920_mask.png
cropped_0000_label_GQ173MEa_480_960.png,cropped_0000_label_GQ173MEa_480_960_mask.png
cropped_0000_label_GQ173MEa_3360_2880.png,cropped_0000_label_GQ173MEa_3360_2880_mask.png
cropped_0000_label_GQ173MEa_480_2400.png,cropped_0000_label_GQ173MEa_480_2400_mask.png
cropped_0000_label_GQ173MEa_480_1920.png,cropped_0000_label_GQ173MEa_480_1920_mask.png
cropped_0000_label_GQ173MEa_1440_0.png,cropped_0000_label_GQ173MEa_1440_0_mask.png
cropped_0000_label_GQ173MEa_2880_1920.png,cropped_0000_label_GQ173MEa_2880_1920_mask.png
cropped_0000_label_GQ173MEa_1920_1440.png,cropped_0000_label_GQ173MEa_1920_1440_mask.png
cropped_0000_label_GQ173MEa_960_2400.png,cropped_0000_label_GQ173MEa_960_2400_mask.png
cropped_0000_label_GQ173MEa_1920_480.png,cropped_0000_label_GQ173MEa_1920_480_mask.png
cropped_0007_label_5caRcr55_2400_0.png,cropped_0007_label_5caRcr55_2400_0_mask.png
cropped_0007_label_5caRcr55_1440_2400.png,cropped_0007_label_5caRcr55_1440_2400_mask.png
cropped_0007_label_5caRcr55_480_1440.png,cropped_0007_label_5caRcr55_480_1440_mask.png
cropped_0007_label_5caRcr55_960_2400.png,cropped_0007_label_5caRcr55_960_2400_mask.png
cropped_0007_label_5caRcr55_480_480.png,cropped_0007_label_5caRcr55_480_480_mask.png
cropped_0007_label_5caRcr55_0_1920.png,cropped_0007_label_5caRcr55_0_1920_mask.png
cropped_0007_label_5caRcr55_0_480.png,cropped_0007_label_5caRcr55_0_480_mask.png
cropped_0007_label_5caRcr55_1440_960.png,cropped_0007_label_5caRcr55_1440_960_mask.png
cropped_0007_label_5caRcr55_480_1920.png,cropped_0007_label_5caRcr55_480_1920_mask.png
cropped_0007_label_5caRcr55_480_2400.png,cropped_0007_label_5caRcr55_480_2400_mask.png
cropped_0007_label_5caRcr55_2400_480.png,cropped_0007_label_5caRcr55_2400_480_mask.png
cropped_0007_label_5caRcr55_2400_1920.png,cropped_0007_label_5caRcr55_2400_1920_mask.png
cropped_0007_label_5caRcr55_0_2880.png,cropped_0007_label_5caRcr55_0_2880_mask.png
cropped_0007_label_5caRcr55_3840_480.png,cropped_0007_label_5caRcr55_3840_480_mask.png
cropped_0007_label_5caRcr55_1920_2880.png,cropped_0007_label_5caRcr55_1920_2880_mask.png
cropped_0007_label_5caRcr55_3840_2880.png,cropped_0007_label_5caRcr55_3840_2880_mask.png
cropped_0007_label_5caRcr55_1920_1920.png,cropped_0007_label_5caRcr55_1920_1920_mask.png
cropped_0007_label_5caRcr55_2400_2880.png,cropped_0007_label_5caRcr55_2400_2880_mask.png
cropped_0007_label_5caRcr55_1440_480.png,cropped_0007_label_5caRcr55_1440_480_mask.png
cropped_0007_label_5caRcr55_480_2880.png,cropped_0007_label_5caRcr55_480_2880_mask.png
cropped_0007_label_5caRcr55_2880_2400.png,cropped_0007_label_5caRcr55_2880_2400_mask.png
cropped_0007_label_5caRcr55_3840_2400.png,cropped_0007_label_5caRcr55_3840_2400_mask.png
cropped_0007_label_5caRcr55_1920_2400.png,cropped_0007_label_5caRcr55_1920_2400_mask.png
cropped_00000046_2_480_960.png,cropped_00000046_2_480_960_mask.png
cropped_00000046_2_3840_480.png,cropped_00000046_2_3840_480_mask.png
cropped_00000046_2_960_2400.png,cropped_00000046_2_960_2400_mask.png
cropped_00000046_2_0_2400.png,cropped_00000046_2_0_2400_mask.png
cropped_00000046_2_1440_1440.png,cropped_00000046_2_1440_1440_mask.png
cropped_00000046_2_1920_1440.png,cropped_00000046_2_1920_1440_mask.png
cropped_00000046_2_1920_0.png,cropped_00000046_2_1920_0_mask.png
cropped_00000046_2_3360_960.png,cropped_00000046_2_3360_960_mask.png
cropped_00000046_2_2400_1920.png,cropped_00000046_2_2400_1920_mask.png
cropped_00000046_2_960_960.png,cropped_00000046_2_960_960_mask.png
cropped_00000046_2_2400_1440.png,cropped_00000046_2_2400_1440_mask.png
cropped_00000046_2_3360_2880.png,cropped_00000046_2_3360_2880_mask.png
cropped_00000046_2_480_2400.png,cropped_00000046_2_480_2400_mask.png
cropped_00000046_2_3360_1920.png,cropped_00000046_2_3360_1920_mask.png
cropped_00000046_2_960_1440.png,cropped_00000046_2_960_1440_mask.png
cropped_0013_label_lY40XnMe_3360_2400.png,cropped_0013_label_lY40XnMe_3360_2400_mask.png
cropped_0013_label_lY40XnMe_960_1920.png,cropped_0013_label_lY40XnMe_960_1920_mask.png
cropped_0013_label_lY40XnMe_3360_0.png,cropped_0013_label_lY40XnMe_3360_0_mask.png
cropped_0013_label_lY40XnMe_3360_2880.png,cropped_0013_label_lY40XnMe_3360_2880_mask.png
cropped_0013_label_lY40XnMe_480_960.png,cropped_0013_label_lY40XnMe_480_960_mask.png
cropped_0013_label_lY40XnMe_2400_1920.png,cropped_0013_label_lY40XnMe_2400_1920_mask.png
cropped_0013_label_lY40XnMe_1920_480.png,cropped_0013_label_lY40XnMe_1920_480_mask.png
cropped_0013_label_lY40XnMe_2880_2880.png,cropped_0013_label_lY40XnMe_2880_2880_mask.png
cropped_0013_label_lY40XnMe_1440_2400.png,cropped_0013_label_lY40XnMe_1440_2400_mask.png
cropped_0013_label_lY40XnMe_480_0.png,cropped_0013_label_lY40XnMe_480_0_mask.png
cropped_0013_label_lY40XnMe_0_0.png,cropped_0013_label_lY40XnMe_0_0_mask.png
cropped_0013_label_lY40XnMe_3360_1920.png,cropped_0013_label_lY40XnMe_3360_1920_mask.png
cropped_0013_label_lY40XnMe_0_960.png,cropped_0013_label_lY40XnMe_0_960_mask.png
cropped_0013_label_lY40XnMe_960_2880.png,cropped_0013_label_lY40XnMe_960_2880_mask.png
cropped_0013_label_lY40XnMe_2880_0.png,cropped_0013_label_lY40XnMe_2880_0_mask.png
cropped_0013_label_lY40XnMe_1920_960.png,cropped_0013_label_lY40XnMe_1920_960_mask.png
cropped_0013_label_lY40XnMe_3840_960.png,cropped_0013_label_lY40XnMe_3840_960_mask.png
cropped_0013_label_lY40XnMe_1920_2400.png,cropped_0013_label_lY40XnMe_1920_2400_mask.png
cropped_0013_label_lY40XnMe_3840_2400.png,cropped_0013_label_lY40XnMe_3840_2400_mask.png
cropped_0016_label_BRxm2MyU_1440_960.png,cropped_0016_label_BRxm2MyU_1440_960_mask.png
cropped_0016_label_BRxm2MyU_1440_1440.png,cropped_0016_label_BRxm2MyU_1440_1440_mask.png
cropped_0016_label_BRxm2MyU_2880_2880.png,cropped_0016_label_BRxm2MyU_2880_2880_mask.png
cropped_0016_label_BRxm2MyU_960_0.png,cropped_0016_label_BRxm2MyU_960_0_mask.png
cropped_0016_label_BRxm2MyU_2880_2400.png,cropped_0016_label_BRxm2MyU_2880_2400_mask.png
cropped_0016_label_BRxm2MyU_3360_2400.png,cropped_0016_label_BRxm2MyU_3360_2400_mask.png
cropped_0016_label_BRxm2MyU_2400_480.png,cropped_0016_label_BRxm2MyU_2400_480_mask.png
cropped_0016_label_BRxm2MyU_3840_1440.png,cropped_0016_label_BRxm2MyU_3840_1440_mask.png
cropped_0016_label_BRxm2MyU_3360_2880.png,cropped_0016_label_BRxm2MyU_3360_2880_mask.png
cropped_0016_label_BRxm2MyU_0_2400.png,cropped_0016_label_BRxm2MyU_0_2400_mask.png
cropped_0016_label_BRxm2MyU_3840_0.png,cropped_0016_label_BRxm2MyU_3840_0_mask.png
cropped_0016_label_BRxm2MyU_3840_2400.png,cropped_0016_label_BRxm2MyU_3840_2400_mask.png
cropped_0016_label_BRxm2MyU_1920_0.png,cropped_0016_label_BRxm2MyU_1920_0_mask.png
cropped_0016_label_BRxm2MyU_3840_2880.png,cropped_0016_label_BRxm2MyU_3840_2880_mask.png
cropped_0016_label_BRxm2MyU_0_480.png,cropped_0016_label_BRxm2MyU_0_480_mask.png
cropped_0004_label_l26civYo_1920_960.png,cropped_0004_label_l26civYo_1920_960_mask.png
cropped_0004_label_l26civYo_2880_1440.png,cropped_0004_label_l26civYo_2880_1440_mask.png
cropped_0004_label_l26civYo_1440_480.png,cropped_0004_label_l26civYo_1440_480_mask.png
cropped_0004_label_l26civYo_960_1440.png,cropped_0004_label_l26civYo_960_1440_mask.png
cropped_0004_label_l26civYo_0_1920.png,cropped_0004_label_l26civYo_0_1920_mask.png
cropped_0004_label_l26civYo_0_960.png,cropped_0004_label_l26civYo_0_960_mask.png
cropped_0004_label_l26civYo_2880_0.png,cropped_0004_label_l26civYo_2880_0_mask.png
cropped_0004_label_l26civYo_960_2880.png,cropped_0004_label_l26civYo_960_2880_mask.png
cropped_0004_label_l26civYo_480_2400.png,cropped_0004_label_l26civYo_480_2400_mask.png
cropped_0004_label_l26civYo_960_960.png,cropped_0004_label_l26civYo_960_960_mask.png
cropped_0004_label_l26civYo_480_1920.png,cropped_0004_label_l26civYo_480_1920_mask.png
cropped_0004_label_l26civYo_2880_480.png,cropped_0004_label_l26civYo_2880_480_mask.png
cropped_0004_label_l26civYo_0_2400.png,cropped_0004_label_l26civYo_0_2400_mask.png
cropped_0004_label_l26civYo_0_1440.png,cropped_0004_label_l26civYo_0_1440_mask.png
cropped_0004_label_l26civYo_480_960.png,cropped_0004_label_l26civYo_480_960_mask.png
cropped_0004_label_l26civYo_1440_960.png,cropped_0004_label_l26civYo_1440_960_mask.png
cropped_0004_label_l26civYo_1920_2880.png,cropped_0004_label_l26civYo_1920_2880_mask.png
cropped_0004_label_l26civYo_2400_960.png,cropped_0004_label_l26civYo_2400_960_mask.png
cropped_0004_label_l26civYo_1440_0.png,cropped_0004_label_l26civYo_1440_0_mask.png
cropped_0013_label_1XDZxhBC_2880_960.png,cropped_0013_label_1XDZxhBC_2880_960_mask.png
cropped_0013_label_1XDZxhBC_0_480.png,cropped_0013_label_1XDZxhBC_0_480_mask.png
cropped_0013_label_1XDZxhBC_3360_960.png,cropped_0013_label_1XDZxhBC_3360_960_mask.png
cropped_0013_label_1XDZxhBC_960_2400.png,cropped_0013_label_1XDZxhBC_960_2400_mask.png
cropped_0013_label_1XDZxhBC_960_0.png,cropped_0013_label_1XDZxhBC_960_0_mask.png
cropped_0013_label_1XDZxhBC_3840_1920.png,cropped_0013_label_1XDZxhBC_3840_1920_mask.png
cropped_0013_label_1XDZxhBC_1920_960.png,cropped_0013_label_1XDZxhBC_1920_960_mask.png
cropped_0013_label_1XDZxhBC_2400_1920.png,cropped_0013_label_1XDZxhBC_2400_1920_mask.png
cropped_0013_label_1XDZxhBC_480_2880.png,cropped_0013_label_1XDZxhBC_480_2880_mask.png
cropped_0013_label_1XDZxhBC_1920_1440.png,cropped_0013_label_1XDZxhBC_1920_1440_mask.png
cropped_0013_label_1XDZxhBC_2400_960.png,cropped_0013_label_1XDZxhBC_2400_960_mask.png
cropped_0013_label_1XDZxhBC_0_0.png,cropped_0013_label_1XDZxhBC_0_0_mask.png
cropped_0013_label_1XDZxhBC_1440_2400.png,cropped_0013_label_1XDZxhBC_1440_2400_mask.png
cropped_0013_label_1XDZxhBC_3840_2880.png,cropped_0013_label_1XDZxhBC_3840_2880_mask.png
cropped_0013_label_1XDZxhBC_480_960.png,cropped_0013_label_1XDZxhBC_480_960_mask.png
cropped_0013_label_1XDZxhBC_1920_0.png,cropped_0013_label_1XDZxhBC_1920_0_mask.png
cropped_0013_label_1XDZxhBC_0_2880.png,cropped_0013_label_1XDZxhBC_0_2880_mask.png
cropped_0013_label_1XDZxhBC_3840_2400.png,cropped_0013_label_1XDZxhBC_3840_2400_mask.png
cropped_0007_label_uCXpTeJJ_3360_960.png,cropped_0007_label_uCXpTeJJ_3360_960_mask.png
cropped_0007_label_uCXpTeJJ_1920_480.png,cropped_0007_label_uCXpTeJJ_1920_480_mask.png
cropped_0007_label_uCXpTeJJ_2880_2880.png,cropped_0007_label_uCXpTeJJ_2880_2880_mask.png
cropped_0007_label_uCXpTeJJ_3360_2400.png,cropped_0007_label_uCXpTeJJ_3360_2400_mask.png
cropped_0007_label_uCXpTeJJ_960_1440.png,cropped_0007_label_uCXpTeJJ_960_1440_mask.png
cropped_0007_label_uCXpTeJJ_960_2880.png,cropped_0007_label_uCXpTeJJ_960_2880_mask.png
cropped_0007_label_uCXpTeJJ_2400_2880.png,cropped_0007_label_uCXpTeJJ_2400_2880_mask.png
cropped_0007_label_uCXpTeJJ_2880_0.png,cropped_0007_label_uCXpTeJJ_2880_0_mask.png
cropped_0007_label_uCXpTeJJ_2880_2400.png,cropped_0007_label_uCXpTeJJ_2880_2400_mask.png
cropped_0007_label_uCXpTeJJ_3360_2880.png,cropped_0007_label_uCXpTeJJ_3360_2880_mask.png
cropped_0007_label_uCXpTeJJ_480_1920.png,cropped_0007_label_uCXpTeJJ_480_1920_mask.png
cropped_0007_label_uCXpTeJJ_480_0.png,cropped_0007_label_uCXpTeJJ_480_0_mask.png
cropped_0005_label_nKTYvVYf_1920_1440.png,cropped_0005_label_nKTYvVYf_1920_1440_mask.png
cropped_0005_label_nKTYvVYf_2400_1440.png,cropped_0005_label_nKTYvVYf_2400_1440_mask.png
cropped_0005_label_nKTYvVYf_2400_480.png,cropped_0005_label_nKTYvVYf_2400_480_mask.png
cropped_0005_label_nKTYvVYf_1440_2400.png,cropped_0005_label_nKTYvVYf_1440_2400_mask.png
cropped_0005_label_nKTYvVYf_0_1440.png,cropped_0005_label_nKTYvVYf_0_1440_mask.png
cropped_0005_label_nKTYvVYf_1440_1440.png,cropped_0005_label_nKTYvVYf_1440_1440_mask.png
cropped_0005_label_nKTYvVYf_1920_960.png,cropped_0005_label_nKTYvVYf_1920_960_mask.png
cropped_0005_label_nKTYvVYf_1920_2880.png,cropped_0005_label_nKTYvVYf_1920_2880_mask.png
cropped_0005_label_nKTYvVYf_2880_1440.png,cropped_0005_label_nKTYvVYf_2880_1440_mask.png
cropped_0005_label_nKTYvVYf_3840_0.png,cropped_0005_label_nKTYvVYf_3840_0_mask.png
cropped_0005_label_nKTYvVYf_2400_960.png,cropped_0005_label_nKTYvVYf_2400_960_mask.png
cropped_0005_label_nKTYvVYf_960_960.png,cropped_0005_label_nKTYvVYf_960_960_mask.png
cropped_0005_label_nKTYvVYf_1920_480.png,cropped_0005_label_nKTYvVYf_1920_480_mask.png
cropped_0005_label_nKTYvVYf_1920_0.png,cropped_0005_label_nKTYvVYf_1920_0_mask.png
cropped_0005_label_nKTYvVYf_0_960.png,cropped_0005_label_nKTYvVYf_0_960_mask.png
cropped_0005_label_nKTYvVYf_480_480.png,cropped_0005_label_nKTYvVYf_480_480_mask.png
cropped_0005_label_nKTYvVYf_3840_2400.png,cropped_0005_label_nKTYvVYf_3840_2400_mask.png
cropped_0005_label_nKTYvVYf_480_2880.png,cropped_0005_label_nKTYvVYf_480_2880_mask.png
cropped_0005_label_nKTYvVYf_3360_480.png,cropped_0005_label_nKTYvVYf_3360_480_mask.png
cropped_0000_label_GMfYrxtL_1920_1920.png,cropped_0000_label_GMfYrxtL_1920_1920_mask.png
cropped_0000_label_GMfYrxtL_1440_960.png,cropped_0000_label_GMfYrxtL_1440_960_mask.png
cropped_0000_label_GMfYrxtL_1920_2880.png,cropped_0000_label_GMfYrxtL_1920_2880_mask.png
cropped_0000_label_GMfYrxtL_1920_480.png,cropped_0000_label_GMfYrxtL_1920_480_mask.png
cropped_0000_label_GMfYrxtL_3360_480.png,cropped_0000_label_GMfYrxtL_3360_480_mask.png
cropped_0000_label_GMfYrxtL_1920_2400.png,cropped_0000_label_GMfYrxtL_1920_2400_mask.png
cropped_0000_label_GMfYrxtL_3840_2880.png,cropped_0000_label_GMfYrxtL_3840_2880_mask.png
cropped_0000_label_GMfYrxtL_3840_2400.png,cropped_0000_label_GMfYrxtL_3840_2400_mask.png
cropped_0000_label_GMfYrxtL_3360_2400.png,cropped_0000_label_GMfYrxtL_3360_2400_mask.png
cropped_0000_label_GMfYrxtL_3840_480.png,cropped_0000_label_GMfYrxtL_3840_480_mask.png
cropped_0000_label_GMfYrxtL_480_1440.png,cropped_0000_label_GMfYrxtL_480_1440_mask.png
cropped_0000_label_GMfYrxtL_1440_2880.png,cropped_0000_label_GMfYrxtL_1440_2880_mask.png
cropped_0000_label_GMfYrxtL_1440_480.png,cropped_0000_label_GMfYrxtL_1440_480_mask.png
cropped_0000_label_GMfYrxtL_0_480.png,cropped_0000_label_GMfYrxtL_0_480_mask.png
cropped_0000_label_GMfYrxtL_3360_1920.png,cropped_0000_label_GMfYrxtL_3360_1920_mask.png
cropped_0000_label_GMfYrxtL_1920_0.png,cropped_0000_label_GMfYrxtL_1920_0_mask.png
cropped_0000_label_GMfYrxtL_960_960.png,cropped_0000_label_GMfYrxtL_960_960_mask.png
cropped_0015_label_Y0sRpXgl_2880_1440.png,cropped_0015_label_Y0sRpXgl_2880_1440_mask.png
cropped_0015_label_Y0sRpXgl_960_0.png,cropped_0015_label_Y0sRpXgl_960_0_mask.png
cropped_0015_label_Y0sRpXgl_960_2880.png,cropped_0015_label_Y0sRpXgl_960_2880_mask.png
cropped_0015_label_Y0sRpXgl_0_960.png,cropped_0015_label_Y0sRpXgl_0_960_mask.png
cropped_0015_label_Y0sRpXgl_480_480.png,cropped_0015_label_Y0sRpXgl_480_480_mask.png
cropped_0015_label_Y0sRpXgl_1920_960.png,cropped_0015_label_Y0sRpXgl_1920_960_mask.png
cropped_0015_label_Y0sRpXgl_3840_0.png,cropped_0015_label_Y0sRpXgl_3840_0_mask.png
cropped_0015_label_Y0sRpXgl_2880_960.png,cropped_0015_label_Y0sRpXgl_2880_960_mask.png
cropped_0015_label_Y0sRpXgl_3360_960.png,cropped_0015_label_Y0sRpXgl_3360_960_mask.png
cropped_0015_label_Y0sRpXgl_1920_0.png,cropped_0015_label_Y0sRpXgl_1920_0_mask.png
cropped_0015_label_Y0sRpXgl_1440_1920.png,cropped_0015_label_Y0sRpXgl_1440_1920_mask.png
cropped_0015_label_Y0sRpXgl_1440_0.png,cropped_0015_label_Y0sRpXgl_1440_0_mask.png
cropped_0015_label_Y0sRpXgl_2400_480.png,cropped_0015_label_Y0sRpXgl_2400_480_mask.png
cropped_0015_label_Y0sRpXgl_3360_2400.png,cropped_0015_label_Y0sRpXgl_3360_2400_mask.png
cropped_0003_label_GQ173MEa_960_960.png,cropped_0003_label_GQ173MEa_960_960_mask.png
cropped_0003_label_GQ173MEa_0_480.png,cropped_0003_label_GQ173MEa_0_480_mask.png
cropped_0003_label_GQ173MEa_1440_0.png,cropped_0003_label_GQ173MEa_1440_0_mask.png
cropped_0003_label_GQ173MEa_960_1440.png,cropped_0003_label_GQ173MEa_960_1440_mask.png
cropped_0003_label_GQ173MEa_0_960.png,cropped_0003_label_GQ173MEa_0_960_mask.png
cropped_0003_label_GQ173MEa_2880_0.png,cropped_0003_label_GQ173MEa_2880_0_mask.png
cropped_0003_label_GQ173MEa_3840_480.png,cropped_0003_label_GQ173MEa_3840_480_mask.png
cropped_0003_label_GQ173MEa_480_960.png,cropped_0003_label_GQ173MEa_480_960_mask.png
cropped_0003_label_GQ173MEa_480_1440.png,cropped_0003_label_GQ173MEa_480_1440_mask.png
cropped_0003_label_GQ173MEa_2880_960.png,cropped_0003_label_GQ173MEa_2880_960_mask.png
cropped_0003_label_GQ173MEa_480_0.png,cropped_0003_label_GQ173MEa_480_0_mask.png
cropped_0003_label_GQ173MEa_960_2400.png,cropped_0003_label_GQ173MEa_960_2400_mask.png
cropped_0003_label_GQ173MEa_1440_1440.png,cropped_0003_label_GQ173MEa_1440_1440_mask.png
cropped_0003_label_GQ173MEa_3840_960.png,cropped_0003_label_GQ173MEa_3840_960_mask.png
cropped_0003_label_GQ173MEa_0_1920.png,cropped_0003_label_GQ173MEa_0_1920_mask.png
cropped_0003_label_GQ173MEa_1920_0.png,cropped_0003_label_GQ173MEa_1920_0_mask.png
cropped_0003_label_GQ173MEa_960_0.png,cropped_0003_label_GQ173MEa_960_0_mask.png
cropped_0003_label_GQ173MEa_1440_2880.png,cropped_0003_label_GQ173MEa_1440_2880_mask.png
cropped_0003_label_GQ173MEa_480_2400.png,cropped_0003_label_GQ173MEa_480_2400_mask.png
cropped_0003_label_GQ173MEa_3360_1920.png,cropped_0003_label_GQ173MEa_3360_1920_mask.png
cropped_0003_label_GQ173MEa_1920_2880.png,cropped_0003_label_GQ173MEa_1920_2880_mask.png
cropped_0003_label_GQ173MEa_2400_1920.png,cropped_0003_label_GQ173MEa_2400_1920_mask.png
cropped_0003_label_GQ173MEa_2400_2880.png,cropped_0003_label_GQ173MEa_2400_2880_mask.png
cropped_0003_label_GQ173MEa_0_2880.png,cropped_0003_label_GQ173MEa_0_2880_mask.png
cropped_0003_label_GQ173MEa_3840_0.png,cropped_0003_label_GQ173MEa_3840_0_mask.png
cropped_0003_label_GQ173MEa_1920_1920.png,cropped_0003_label_GQ173MEa_1920_1920_mask.png
cropped_0014_label_s2HioE5t_1440_1920.png,cropped_0014_label_s2HioE5t_1440_1920_mask.png
cropped_0014_label_s2HioE5t_960_480.png,cropped_0014_label_s2HioE5t_960_480_mask.png
cropped_0014_label_s2HioE5t_3360_480.png,cropped_0014_label_s2HioE5t_3360_480_mask.png
cropped_0014_label_s2HioE5t_0_0.png,cropped_0014_label_s2HioE5t_0_0_mask.png
cropped_0014_label_s2HioE5t_960_2400.png,cropped_0014_label_s2HioE5t_960_2400_mask.png
cropped_0014_label_s2HioE5t_1440_480.png,cropped_0014_label_s2HioE5t_1440_480_mask.png
cropped_0014_label_s2HioE5t_960_960.png,cropped_0014_label_s2HioE5t_960_960_mask.png
cropped_0014_label_s2HioE5t_2400_2400.png,cropped_0014_label_s2HioE5t_2400_2400_mask.png
cropped_0014_label_s2HioE5t_1920_2400.png,cropped_0014_label_s2HioE5t_1920_2400_mask.png
cropped_0014_label_s2HioE5t_0_2400.png,cropped_0014_label_s2HioE5t_0_2400_mask.png
cropped_0014_label_s2HioE5t_1440_2880.png,cropped_0014_label_s2HioE5t_1440_2880_mask.png
cropped_0014_label_s2HioE5t_480_960.png,cropped_0014_label_s2HioE5t_480_960_mask.png
cropped_0014_label_s2HioE5t_3840_2880.png,cropped_0014_label_s2HioE5t_3840_2880_mask.png
cropped_0014_label_s2HioE5t_2880_0.png,cropped_0014_label_s2HioE5t_2880_0_mask.png
cropped_0014_label_s2HioE5t_2400_480.png,cropped_0014_label_s2HioE5t_2400_480_mask.png
cropped_0014_label_s2HioE5t_0_1440.png,cropped_0014_label_s2HioE5t_0_1440_mask.png
cropped_0014_label_s2HioE5t_2400_0.png,cropped_0014_label_s2HioE5t_2400_0_mask.png
cropped_0014_label_s2HioE5t_3360_1440.png,cropped_0014_label_s2HioE5t_3360_1440_mask.png
cropped_0014_label_s2HioE5t_480_2400.png,cropped_0014_label_s2HioE5t_480_2400_mask.png
cropped_0014_label_s2HioE5t_3840_2400.png,cropped_0014_label_s2HioE5t_3840_2400_mask.png
cropped_0014_label_s2HioE5t_480_2880.png,cropped_0014_label_s2HioE5t_480_2880_mask.png
cropped_0014_label_s2HioE5t_480_1920.png,cropped_0014_label_s2HioE5t_480_1920_mask.png
cropped_0014_label_s2HioE5t_0_2880.png,cropped_0014_label_s2HioE5t_0_2880_mask.png
cropped_0014_label_s2HioE5t_3360_960.png,cropped_0014_label_s2HioE5t_3360_960_mask.png
cropped_0008_label_iSVx22hl_0_1920.png,cropped_0008_label_iSVx22hl_0_1920_mask.png
cropped_0008_label_iSVx22hl_0_480.png,cropped_0008_label_iSVx22hl_0_480_mask.png
cropped_0008_label_iSVx22hl_2880_480.png,cropped_0008_label_iSVx22hl_2880_480_mask.png
cropped_0008_label_iSVx22hl_0_2400.png,cropped_0008_label_iSVx22hl_0_2400_mask.png
cropped_0008_label_iSVx22hl_3360_0.png,cropped_0008_label_iSVx22hl_3360_0_mask.png
cropped_0008_label_iSVx22hl_2880_960.png,cropped_0008_label_iSVx22hl_2880_960_mask.png
cropped_0008_label_iSVx22hl_1440_2880.png,cropped_0008_label_iSVx22hl_1440_2880_mask.png
cropped_0008_label_iSVx22hl_1440_1920.png,cropped_0008_label_iSVx22hl_1440_1920_mask.png
cropped_0008_label_iSVx22hl_1440_480.png,cropped_0008_label_iSVx22hl_1440_480_mask.png
cropped_0008_label_iSVx22hl_2400_960.png,cropped_0008_label_iSVx22hl_2400_960_mask.png
cropped_0008_label_iSVx22hl_2880_2400.png,cropped_0008_label_iSVx22hl_2880_2400_mask.png
cropped_0008_label_iSVx22hl_1920_1440.png,cropped_0008_label_iSVx22hl_1920_1440_mask.png
cropped_0008_label_iSVx22hl_1440_0.png,cropped_0008_label_iSVx22hl_1440_0_mask.png
cropped_0008_label_iSVx22hl_480_1440.png,cropped_0008_label_iSVx22hl_480_1440_mask.png
cropped_0008_label_iSVx22hl_2880_1440.png,cropped_0008_label_iSVx22hl_2880_1440_mask.png
cropped_0004_label_ckrYP90D_3360_2400.png,cropped_0004_label_ckrYP90D_3360_2400_mask.png
cropped_0004_label_ckrYP90D_2880_0.png,cropped_0004_label_ckrYP90D_2880_0_mask.png
cropped_0004_label_ckrYP90D_0_480.png,cropped_0004_label_ckrYP90D_0_480_mask.png
cropped_0004_label_ckrYP90D_960_2880.png,cropped_0004_label_ckrYP90D_960_2880_mask.png
cropped_0004_label_ckrYP90D_3840_1440.png,cropped_0004_label_ckrYP90D_3840_1440_mask.png
cropped_0004_label_ckrYP90D_1440_1440.png,cropped_0004_label_ckrYP90D_1440_1440_mask.png
cropped_0004_label_ckrYP90D_0_1440.png,cropped_0004_label_ckrYP90D_0_1440_mask.png
cropped_0004_label_ckrYP90D_3840_2400.png,cropped_0004_label_ckrYP90D_3840_2400_mask.png
cropped_0004_label_ckrYP90D_1920_1440.png,cropped_0004_label_ckrYP90D_1920_1440_mask.png
cropped_0004_label_ckrYP90D_960_1440.png,cropped_0004_label_ckrYP90D_960_1440_mask.png
cropped_0004_label_ckrYP90D_1440_960.png,cropped_0004_label_ckrYP90D_1440_960_mask.png
cropped_0004_label_ckrYP90D_3360_0.png,cropped_0004_label_ckrYP90D_3360_0_mask.png
cropped_0004_label_ckrYP90D_2400_1440.png,cropped_0004_label_ckrYP90D_2400_1440_mask.png
cropped_0004_label_ckrYP90D_0_960.png,cropped_0004_label_ckrYP90D_0_960_mask.png
cropped_0004_label_ckrYP90D_480_2880.png,cropped_0004_label_ckrYP90D_480_2880_mask.png
cropped_0004_label_ckrYP90D_2880_960.png,cropped_0004_label_ckrYP90D_2880_960_mask.png
cropped_0015_label_Z4lINfjt_480_0.png,cropped_0015_label_Z4lINfjt_480_0_mask.png
cropped_0015_label_Z4lINfjt_1920_2400.png,cropped_0015_label_Z4lINfjt_1920_2400_mask.png
cropped_0015_label_Z4lINfjt_3360_1920.png,cropped_0015_label_Z4lINfjt_3360_1920_mask.png
cropped_0015_label_Z4lINfjt_3360_0.png,cropped_0015_label_Z4lINfjt_3360_0_mask.png
cropped_0015_label_Z4lINfjt_1920_1920.png,cropped_0015_label_Z4lINfjt_1920_1920_mask.png
cropped_0015_label_Z4lINfjt_3360_2400.png,cropped_0015_label_Z4lINfjt_3360_2400_mask.png
cropped_0015_label_Z4lINfjt_1440_480.png,cropped_0015_label_Z4lINfjt_1440_480_mask.png
cropped_0015_label_Z4lINfjt_2880_480.png,cropped_0015_label_Z4lINfjt_2880_480_mask.png
cropped_0015_label_Z4lINfjt_960_1920.png,cropped_0015_label_Z4lINfjt_960_1920_mask.png
cropped_0015_label_Z4lINfjt_1920_960.png,cropped_0015_label_Z4lINfjt_1920_960_mask.png
cropped_0015_label_wFKL6cSt_1440_2880.png,cropped_0015_label_wFKL6cSt_1440_2880_mask.png
cropped_0015_label_wFKL6cSt_3360_1440.png,cropped_0015_label_wFKL6cSt_3360_1440_mask.png
cropped_0015_label_wFKL6cSt_3840_480.png,cropped_0015_label_wFKL6cSt_3840_480_mask.png
cropped_0015_label_wFKL6cSt_960_2880.png,cropped_0015_label_wFKL6cSt_960_2880_mask.png
cropped_0015_label_wFKL6cSt_2880_2400.png,cropped_0015_label_wFKL6cSt_2880_2400_mask.png
cropped_0015_label_wFKL6cSt_2400_0.png,cropped_0015_label_wFKL6cSt_2400_0_mask.png
cropped_0015_label_wFKL6cSt_3840_0.png,cropped_0015_label_wFKL6cSt_3840_0_mask.png
cropped_0015_label_wFKL6cSt_2880_1440.png,cropped_0015_label_wFKL6cSt_2880_1440_mask.png
cropped_0015_label_wFKL6cSt_1920_1920.png,cropped_0015_label_wFKL6cSt_1920_1920_mask.png
cropped_0015_label_wFKL6cSt_3840_2880.png,cropped_0015_label_wFKL6cSt_3840_2880_mask.png
cropped_0015_label_wFKL6cSt_480_1440.png,cropped_0015_label_wFKL6cSt_480_1440_mask.png
cropped_0015_label_wFKL6cSt_3840_1440.png,cropped_0015_label_wFKL6cSt_3840_1440_mask.png
cropped_0015_label_wFKL6cSt_480_1920.png,cropped_0015_label_wFKL6cSt_480_1920_mask.png
cropped_0015_label_wFKL6cSt_2400_1440.png,cropped_0015_label_wFKL6cSt_2400_1440_mask.png
cropped_0015_label_wFKL6cSt_3840_960.png,cropped_0015_label_wFKL6cSt_3840_960_mask.png
cropped_00000003_4_3360_960.png,cropped_00000003_4_3360_960_mask.png
cropped_00000003_4_1440_2400.png,cropped_00000003_4_1440_2400_mask.png
cropped_00000003_4_3360_480.png,cropped_00000003_4_3360_480_mask.png
cropped_00000003_4_960_960.png,cropped_00000003_4_960_960_mask.png
cropped_00000003_4_960_2880.png,cropped_00000003_4_960_2880_mask.png
cropped_00000003_4_2400_480.png,cropped_00000003_4_2400_480_mask.png
cropped_00000003_4_1440_0.png,cropped_00000003_4_1440_0_mask.png
cropped_00000003_4_1920_2880.png,cropped_00000003_4_1920_2880_mask.png
cropped_00000003_4_3840_2400.png,cropped_00000003_4_3840_2400_mask.png
cropped_00000003_4_1920_960.png,cropped_00000003_4_1920_960_mask.png
cropped_00000003_4_1920_1440.png,cropped_00000003_4_1920_1440_mask.png
cropped_00000003_4_0_480.png,cropped_00000003_4_0_480_mask.png
cropped_00000003_4_3840_2880.png,cropped_00000003_4_3840_2880_mask.png
cropped_0013_label_uCXpTeJJ_0_480.png,cropped_0013_label_uCXpTeJJ_0_480_mask.png
cropped_0013_label_uCXpTeJJ_1920_960.png,cropped_0013_label_uCXpTeJJ_1920_960_mask.png
cropped_0013_label_uCXpTeJJ_3360_1440.png,cropped_0013_label_uCXpTeJJ_3360_1440_mask.png
cropped_0013_label_uCXpTeJJ_0_1920.png,cropped_0013_label_uCXpTeJJ_0_1920_mask.png
cropped_0013_label_uCXpTeJJ_2400_480.png,cropped_0013_label_uCXpTeJJ_2400_480_mask.png
cropped_0013_label_uCXpTeJJ_3840_1440.png,cropped_0013_label_uCXpTeJJ_3840_1440_mask.png
cropped_0013_label_uCXpTeJJ_2400_2880.png,cropped_0013_label_uCXpTeJJ_2400_2880_mask.png
cropped_0013_label_uCXpTeJJ_0_1440.png,cropped_0013_label_uCXpTeJJ_0_1440_mask.png
cropped_0013_label_uCXpTeJJ_480_960.png,cropped_0013_label_uCXpTeJJ_480_960_mask.png
cropped_0013_label_uCXpTeJJ_2880_2880.png,cropped_0013_label_uCXpTeJJ_2880_2880_mask.png
cropped_0013_label_uCXpTeJJ_480_2880.png,cropped_0013_label_uCXpTeJJ_480_2880_mask.png
cropped_0013_label_uCXpTeJJ_1440_1920.png,cropped_0013_label_uCXpTeJJ_1440_1920_mask.png
cropped_0013_label_uCXpTeJJ_480_0.png,cropped_0013_label_uCXpTeJJ_480_0_mask.png
cropped_0013_label_uCXpTeJJ_1920_2400.png,cropped_0013_label_uCXpTeJJ_1920_2400_mask.png
cropped_0013_label_uCXpTeJJ_3360_1920.png,cropped_0013_label_uCXpTeJJ_3360_1920_mask.png
cropped_0013_label_uCXpTeJJ_2400_960.png,cropped_0013_label_uCXpTeJJ_2400_960_mask.png
cropped_0013_label_uCXpTeJJ_3840_480.png,cropped_0013_label_uCXpTeJJ_3840_480_mask.png
cropped_0013_label_uCXpTeJJ_3360_0.png,cropped_0013_label_uCXpTeJJ_3360_0_mask.png
cropped_0013_label_uCXpTeJJ_3840_1920.png,cropped_0013_label_uCXpTeJJ_3840_1920_mask.png
cropped_0013_label_uCXpTeJJ_2400_2400.png,cropped_0013_label_uCXpTeJJ_2400_2400_mask.png
cropped_0013_label_uCXpTeJJ_1920_2880.png,cropped_0013_label_uCXpTeJJ_1920_2880_mask.png
cropped_0013_label_uCXpTeJJ_3840_2880.png,cropped_0013_label_uCXpTeJJ_3840_2880_mask.png
cropped_0013_label_uCXpTeJJ_3360_480.png,cropped_0013_label_uCXpTeJJ_3360_480_mask.png
cropped_0013_label_uCXpTeJJ_0_2400.png,cropped_0013_label_uCXpTeJJ_0_2400_mask.png
cropped_0006_label_nKTYvVYf_2400_2400.png,cropped_0006_label_nKTYvVYf_2400_2400_mask.png
cropped_0006_label_nKTYvVYf_960_2400.png,cropped_0006_label_nKTYvVYf_960_2400_mask.png
cropped_0006_label_nKTYvVYf_0_2400.png,cropped_0006_label_nKTYvVYf_0_2400_mask.png
cropped_0006_label_nKTYvVYf_480_1440.png,cropped_0006_label_nKTYvVYf_480_1440_mask.png
cropped_0006_label_nKTYvVYf_3840_2880.png,cropped_0006_label_nKTYvVYf_3840_2880_mask.png
cropped_0006_label_nKTYvVYf_1920_1440.png,cropped_0006_label_nKTYvVYf_1920_1440_mask.png
cropped_0006_label_nKTYvVYf_2880_0.png,cropped_0006_label_nKTYvVYf_2880_0_mask.png
cropped_0006_label_nKTYvVYf_1440_0.png,cropped_0006_label_nKTYvVYf_1440_0_mask.png
cropped_0006_label_nKTYvVYf_1440_2400.png,cropped_0006_label_nKTYvVYf_1440_2400_mask.png
cropped_0006_label_nKTYvVYf_3840_1440.png,cropped_0006_label_nKTYvVYf_3840_1440_mask.png
cropped_0006_label_nKTYvVYf_0_2880.png,cropped_0006_label_nKTYvVYf_0_2880_mask.png
cropped_0006_label_nKTYvVYf_3360_0.png,cropped_0006_label_nKTYvVYf_3360_0_mask.png
cropped_0006_label_nKTYvVYf_1440_960.png,cropped_0006_label_nKTYvVYf_1440_960_mask.png
cropped_0006_label_nKTYvVYf_2880_2400.png,cropped_0006_label_nKTYvVYf_2880_2400_mask.png
cropped_0006_label_nKTYvVYf_1440_1440.png,cropped_0006_label_nKTYvVYf_1440_1440_mask.png
cropped_0014_label_egaPlFje_3840_2400.png,cropped_0014_label_egaPlFje_3840_2400_mask.png
cropped_0014_label_egaPlFje_1920_1920.png,cropped_0014_label_egaPlFje_1920_1920_mask.png
cropped_0014_label_egaPlFje_960_2880.png,cropped_0014_label_egaPlFje_960_2880_mask.png
cropped_0014_label_egaPlFje_3840_960.png,cropped_0014_label_egaPlFje_3840_960_mask.png
cropped_0014_label_egaPlFje_2400_1920.png,cropped_0014_label_egaPlFje_2400_1920_mask.png
cropped_0014_label_egaPlFje_3840_0.png,cropped_0014_label_egaPlFje_3840_0_mask.png
cropped_0014_label_egaPlFje_2400_0.png,cropped_0014_label_egaPlFje_2400_0_mask.png
cropped_0014_label_egaPlFje_960_960.png,cropped_0014_label_egaPlFje_960_960_mask.png
cropped_0014_label_egaPlFje_2400_480.png,cropped_0014_label_egaPlFje_2400_480_mask.png
cropped_0014_label_egaPlFje_1440_0.png,cropped_0014_label_egaPlFje_1440_0_mask.png
cropped_0014_label_egaPlFje_1440_1440.png,cropped_0014_label_egaPlFje_1440_1440_mask.png
cropped_0014_label_egaPlFje_1440_2400.png,cropped_0014_label_egaPlFje_1440_2400_mask.png
cropped_0001_label_lY40XnMe_1440_960.png,cropped_0001_label_lY40XnMe_1440_960_mask.png
cropped_0001_label_lY40XnMe_3360_1920.png,cropped_0001_label_lY40XnMe_3360_1920_mask.png
cropped_0001_label_lY40XnMe_1440_480.png,cropped_0001_label_lY40XnMe_1440_480_mask.png
cropped_0001_label_lY40XnMe_960_960.png,cropped_0001_label_lY40XnMe_960_960_mask.png
cropped_0001_label_lY40XnMe_3360_2880.png,cropped_0001_label_lY40XnMe_3360_2880_mask.png
cropped_0001_label_lY40XnMe_1920_480.png,cropped_0001_label_lY40XnMe_1920_480_mask.png
cropped_0001_label_lY40XnMe_2880_960.png,cropped_0001_label_lY40XnMe_2880_960_mask.png
cropped_0001_label_lY40XnMe_0_0.png,cropped_0001_label_lY40XnMe_0_0_mask.png
cropped_0001_label_lY40XnMe_960_1920.png,cropped_0001_label_lY40XnMe_960_1920_mask.png
cropped_0001_label_lY40XnMe_480_960.png,cropped_0001_label_lY40XnMe_480_960_mask.png
cropped_0001_label_lY40XnMe_480_480.png,cropped_0001_label_lY40XnMe_480_480_mask.png
cropped_0001_label_lY40XnMe_3360_480.png,cropped_0001_label_lY40XnMe_3360_480_mask.png
cropped_0001_label_lY40XnMe_3840_2400.png,cropped_0001_label_lY40XnMe_3840_2400_mask.png
cropped_0001_label_lY40XnMe_1440_0.png,cropped_0001_label_lY40XnMe_1440_0_mask.png
cropped_0001_label_lY40XnMe_960_480.png,cropped_0001_label_lY40XnMe_960_480_mask.png
cropped_0001_label_lY40XnMe_3840_1920.png,cropped_0001_label_lY40XnMe_3840_1920_mask.png
cropped_0001_label_lY40XnMe_0_480.png,cropped_0001_label_lY40XnMe_0_480_mask.png
cropped_0001_label_lY40XnMe_1440_1920.png,cropped_0001_label_lY40XnMe_1440_1920_mask.png
cropped_0001_label_lY40XnMe_960_1440.png,cropped_0001_label_lY40XnMe_960_1440_mask.png
cropped_0001_label_lY40XnMe_3360_960.png,cropped_0001_label_lY40XnMe_3360_960_mask.png
cropped_0001_label_lY40XnMe_0_2400.png,cropped_0001_label_lY40XnMe_0_2400_mask.png
cropped_0007_label_nKTYvVYf_1440_960.png,cropped_0007_label_nKTYvVYf_1440_960_mask.png
cropped_0007_label_nKTYvVYf_2880_1920.png,cropped_0007_label_nKTYvVYf_2880_1920_mask.png
cropped_0007_label_nKTYvVYf_2400_2880.png,cropped_0007_label_nKTYvVYf_2400_2880_mask.png
cropped_0007_label_nKTYvVYf_2400_0.png,cropped_0007_label_nKTYvVYf_2400_0_mask.png
cropped_0007_label_nKTYvVYf_3360_2400.png,cropped_0007_label_nKTYvVYf_3360_2400_mask.png
cropped_0007_label_nKTYvVYf_480_960.png,cropped_0007_label_nKTYvVYf_480_960_mask.png
cropped_0007_label_nKTYvVYf_3360_0.png,cropped_0007_label_nKTYvVYf_3360_0_mask.png
cropped_0007_label_nKTYvVYf_960_960.png,cropped_0007_label_nKTYvVYf_960_960_mask.png
cropped_0007_label_nKTYvVYf_0_480.png,cropped_0007_label_nKTYvVYf_0_480_mask.png
cropped_0007_label_nKTYvVYf_0_2880.png,cropped_0007_label_nKTYvVYf_0_2880_mask.png
cropped_0007_label_nKTYvVYf_0_1920.png,cropped_0007_label_nKTYvVYf_0_1920_mask.png
cropped_0007_label_nKTYvVYf_480_2880.png,cropped_0007_label_nKTYvVYf_480_2880_mask.png
cropped_0007_label_nKTYvVYf_2880_960.png,cropped_0007_label_nKTYvVYf_2880_960_mask.png
cropped_0007_label_nKTYvVYf_2880_1440.png,cropped_0007_label_nKTYvVYf_2880_1440_mask.png
cropped_0007_label_nKTYvVYf_1440_0.png,cropped_0007_label_nKTYvVYf_1440_0_mask.png
cropped_0007_label_nKTYvVYf_2880_2400.png,cropped_0007_label_nKTYvVYf_2880_2400_mask.png
cropped_0007_label_nKTYvVYf_3840_1440.png,cropped_0007_label_nKTYvVYf_3840_1440_mask.png
cropped_0007_label_nKTYvVYf_2880_0.png,cropped_0007_label_nKTYvVYf_2880_0_mask.png
cropped_00000008_1_1920_480.png,cropped_00000008_1_1920_480_mask.png
cropped_00000008_1_2400_1440.png,cropped_00000008_1_2400_1440_mask.png
cropped_00000008_1_2400_480.png,cropped_00000008_1_2400_480_mask.png
cropped_00000008_1_3840_1440.png,cropped_00000008_1_3840_1440_mask.png
cropped_00000008_1_480_1440.png,cropped_00000008_1_480_1440_mask.png
cropped_00000008_1_0_960.png,cropped_00000008_1_0_960_mask.png
cropped_00000008_1_0_2400.png,cropped_00000008_1_0_2400_mask.png
cropped_00000008_1_2880_2880.png,cropped_00000008_1_2880_2880_mask.png
cropped_00000008_1_480_1920.png,cropped_00000008_1_480_1920_mask.png
cropped_00000008_1_1440_2400.png,cropped_00000008_1_1440_2400_mask.png
cropped_00000008_1_3360_2880.png,cropped_00000008_1_3360_2880_mask.png
cropped_00000008_1_0_2880.png,cropped_00000008_1_0_2880_mask.png
cropped_00000008_1_2880_960.png,cropped_00000008_1_2880_960_mask.png
cropped_00000008_1_1440_480.png,cropped_00000008_1_1440_480_mask.png
cropped_00000008_1_0_0.png,cropped_00000008_1_0_0_mask.png
cropped_00000008_1_480_480.png,cropped_00000008_1_480_480_mask.png
cropped_00000008_1_0_480.png,cropped_00000008_1_0_480_mask.png
cropped_00000008_1_3840_2880.png,cropped_00000008_1_3840_2880_mask.png
cropped_00000008_1_1920_2400.png,cropped_00000008_1_1920_2400_mask.png
cropped_00000008_1_2400_960.png,cropped_00000008_1_2400_960_mask.png
cropped_00000008_1_3360_1920.png,cropped_00000008_1_3360_1920_mask.png
cropped_00000026_2_480_960.png,cropped_00000026_2_480_960_mask.png
cropped_00000026_2_2400_1440.png,cropped_00000026_2_2400_1440_mask.png
cropped_00000026_2_0_960.png,cropped_00000026_2_0_960_mask.png
cropped_00000026_2_0_480.png,cropped_00000026_2_0_480_mask.png
cropped_00000026_2_480_2400.png,cropped_00000026_2_480_2400_mask.png
cropped_00000026_2_960_1920.png,cropped_00000026_2_960_1920_mask.png
cropped_00000026_2_960_2400.png,cropped_00000026_2_960_2400_mask.png
cropped_00000026_2_2400_480.png,cropped_00000026_2_2400_480_mask.png
cropped_00000026_2_1440_1440.png,cropped_00000026_2_1440_1440_mask.png
cropped_00000026_2_480_1920.png,cropped_00000026_2_480_1920_mask.png
cropped_00000026_2_1440_1920.png,cropped_00000026_2_1440_1920_mask.png
cropped_00000026_2_3840_960.png,cropped_00000026_2_3840_960_mask.png
cropped_00000026_2_2880_1440.png,cropped_00000026_2_2880_1440_mask.png
cropped_00000026_2_2400_0.png,cropped_00000026_2_2400_0_mask.png
cropped_00000026_2_1440_960.png,cropped_00000026_2_1440_960_mask.png
cropped_00000026_2_3840_1440.png,cropped_00000026_2_3840_1440_mask.png
cropped_00000026_2_0_2400.png,cropped_00000026_2_0_2400_mask.png
cropped_0018_label_ckrYP90D_1440_480.png,cropped_0018_label_ckrYP90D_1440_480_mask.png
cropped_0018_label_ckrYP90D_1440_960.png,cropped_0018_label_ckrYP90D_1440_960_mask.png
cropped_0018_label_ckrYP90D_960_960.png,cropped_0018_label_ckrYP90D_960_960_mask.png
cropped_0018_label_ckrYP90D_1920_480.png,cropped_0018_label_ckrYP90D_1920_480_mask.png
cropped_0018_label_ckrYP90D_1440_2880.png,cropped_0018_label_ckrYP90D_1440_2880_mask.png
cropped_0018_label_ckrYP90D_3840_2400.png,cropped_0018_label_ckrYP90D_3840_2400_mask.png
cropped_0018_label_ckrYP90D_2880_480.png,cropped_0018_label_ckrYP90D_2880_480_mask.png
cropped_0018_label_ckrYP90D_1920_2880.png,cropped_0018_label_ckrYP90D_1920_2880_mask.png
cropped_0018_label_ckrYP90D_1440_1440.png,cropped_0018_label_ckrYP90D_1440_1440_mask.png
cropped_0018_label_ckrYP90D_2880_960.png,cropped_0018_label_ckrYP90D_2880_960_mask.png
cropped_0018_label_ckrYP90D_2400_1440.png,cropped_0018_label_ckrYP90D_2400_1440_mask.png
cropped_0018_label_ckrYP90D_0_480.png,cropped_0018_label_ckrYP90D_0_480_mask.png
cropped_0018_label_ckrYP90D_2880_2880.png,cropped_0018_label_ckrYP90D_2880_2880_mask.png
cropped_0018_label_ckrYP90D_3360_0.png,cropped_0018_label_ckrYP90D_3360_0_mask.png
cropped_0018_label_ckrYP90D_1920_1440.png,cropped_0018_label_ckrYP90D_1920_1440_mask.png
cropped_0018_label_ckrYP90D_2400_0.png,cropped_0018_label_ckrYP90D_2400_0_mask.png
cropped_0018_label_ckrYP90D_2880_1440.png,cropped_0018_label_ckrYP90D_2880_1440_mask.png
cropped_0018_label_ckrYP90D_2400_1920.png,cropped_0018_label_ckrYP90D_2400_1920_mask.png
cropped_0018_label_ckrYP90D_1440_1920.png,cropped_0018_label_ckrYP90D_1440_1920_mask.png
cropped_0018_label_ckrYP90D_960_1920.png,cropped_0018_label_ckrYP90D_960_1920_mask.png
cropped_0018_label_ckrYP90D_480_1440.png,cropped_0018_label_ckrYP90D_480_1440_mask.png
cropped_0018_label_ckrYP90D_960_1440.png,cropped_0018_label_ckrYP90D_960_1440_mask.png
cropped_0018_label_ckrYP90D_0_1440.png,cropped_0018_label_ckrYP90D_0_1440_mask.png
cropped_0011_label_nKTYvVYf_3360_2400.png,cropped_0011_label_nKTYvVYf_3360_2400_mask.png
cropped_0011_label_nKTYvVYf_960_960.png,cropped_0011_label_nKTYvVYf_960_960_mask.png
cropped_0011_label_nKTYvVYf_2400_2880.png,cropped_0011_label_nKTYvVYf_2400_2880_mask.png
cropped_0011_label_nKTYvVYf_1920_960.png,cropped_0011_label_nKTYvVYf_1920_960_mask.png
cropped_0011_label_nKTYvVYf_480_1440.png,cropped_0011_label_nKTYvVYf_480_1440_mask.png
cropped_0011_label_nKTYvVYf_3840_1440.png,cropped_0011_label_nKTYvVYf_3840_1440_mask.png
cropped_0011_label_nKTYvVYf_960_480.png,cropped_0011_label_nKTYvVYf_960_480_mask.png
cropped_0011_label_nKTYvVYf_960_1440.png,cropped_0011_label_nKTYvVYf_960_1440_mask.png
cropped_0011_label_nKTYvVYf_2400_1440.png,cropped_0011_label_nKTYvVYf_2400_1440_mask.png
cropped_0011_label_nKTYvVYf_1440_2400.png,cropped_0011_label_nKTYvVYf_1440_2400_mask.png
cropped_0011_label_nKTYvVYf_2400_480.png,cropped_0011_label_nKTYvVYf_2400_480_mask.png
cropped_0011_label_nKTYvVYf_3840_2400.png,cropped_0011_label_nKTYvVYf_3840_2400_mask.png
cropped_0011_label_nKTYvVYf_1440_480.png,cropped_0011_label_nKTYvVYf_1440_480_mask.png
cropped_0011_label_nKTYvVYf_1440_0.png,cropped_0011_label_nKTYvVYf_1440_0_mask.png
cropped_00000029_5_1920_480.png,cropped_00000029_5_1920_480_mask.png
cropped_00000029_5_1920_1920.png,cropped_00000029_5_1920_1920_mask.png
cropped_00000029_5_0_480.png,cropped_00000029_5_0_480_mask.png
cropped_00000029_5_1440_0.png,cropped_00000029_5_1440_0_mask.png
cropped_00000029_5_480_960.png,cropped_00000029_5_480_960_mask.png
cropped_00000029_5_480_2880.png,cropped_00000029_5_480_2880_mask.png
cropped_00000029_5_1440_960.png,cropped_00000029_5_1440_960_mask.png
cropped_00000029_5_3360_480.png,cropped_00000029_5_3360_480_mask.png
cropped_00000029_5_1440_480.png,cropped_00000029_5_1440_480_mask.png
cropped_00000029_5_3840_2880.png,cropped_00000029_5_3840_2880_mask.png
cropped_00000029_5_2880_480.png,cropped_00000029_5_2880_480_mask.png
cropped_00000029_5_960_2400.png,cropped_00000029_5_960_2400_mask.png
cropped_00000029_5_480_2400.png,cropped_00000029_5_480_2400_mask.png
cropped_00000029_5_480_480.png,cropped_00000029_5_480_480_mask.png
cropped_00000029_5_2880_0.png,cropped_00000029_5_2880_0_mask.png
cropped_00000029_5_1920_0.png,cropped_00000029_5_1920_0_mask.png
cropped_00000029_5_2400_0.png,cropped_00000029_5_2400_0_mask.png
cropped_00000029_5_3360_960.png,cropped_00000029_5_3360_960_mask.png
cropped_00000029_5_1920_1440.png,cropped_00000029_5_1920_1440_mask.png
cropped_00000029_5_960_480.png,cropped_00000029_5_960_480_mask.png
cropped_00000001_7_1440_1920.png,cropped_00000001_7_1440_1920_mask.png
cropped_00000001_7_1920_480.png,cropped_00000001_7_1920_480_mask.png
cropped_00000001_7_1920_2880.png,cropped_00000001_7_1920_2880_mask.png
cropped_00000001_7_480_2880.png,cropped_00000001_7_480_2880_mask.png
cropped_00000001_7_3360_2880.png,cropped_00000001_7_3360_2880_mask.png
cropped_00000001_7_2400_2880.png,cropped_00000001_7_2400_2880_mask.png
cropped_00000001_7_3360_0.png,cropped_00000001_7_3360_0_mask.png
cropped_00000001_7_960_0.png,cropped_00000001_7_960_0_mask.png
cropped_00000001_7_2880_1440.png,cropped_00000001_7_2880_1440_mask.png
cropped_00000001_7_3840_960.png,cropped_00000001_7_3840_960_mask.png
cropped_00000001_7_3360_1920.png,cropped_00000001_7_3360_1920_mask.png
cropped_00000001_7_960_2400.png,cropped_00000001_7_960_2400_mask.png
cropped_00000001_7_0_960.png,cropped_00000001_7_0_960_mask.png
cropped_00000001_7_480_480.png,cropped_00000001_7_480_480_mask.png
cropped_00000001_7_1440_1440.png,cropped_00000001_7_1440_1440_mask.png
cropped_00000001_7_3840_1440.png,cropped_00000001_7_3840_1440_mask.png
cropped_00000058_960_0.png,cropped_00000058_960_0_mask.png
cropped_00000058_3840_2400.png,cropped_00000058_3840_2400_mask.png
cropped_00000058_2880_2400.png,cropped_00000058_2880_2400_mask.png
cropped_00000058_480_0.png,cropped_00000058_480_0_mask.png
cropped_00000058_960_1920.png,cropped_00000058_960_1920_mask.png
cropped_00000058_1920_480.png,cropped_00000058_1920_480_mask.png
cropped_00000058_0_1920.png,cropped_00000058_0_1920_mask.png
cropped_00000058_3840_2880.png,cropped_00000058_3840_2880_mask.png
cropped_00000058_480_1440.png,cropped_00000058_480_1440_mask.png
cropped_00000058_1920_0.png,cropped_00000058_1920_0_mask.png
cropped_00000058_1440_1440.png,cropped_00000058_1440_1440_mask.png
cropped_00000058_3360_1440.png,cropped_00000058_3360_1440_mask.png
cropped_00000058_960_2400.png,cropped_00000058_960_2400_mask.png
cropped_00000058_1440_480.png,cropped_00000058_1440_480_mask.png
cropped_00000058_1440_960.png,cropped_00000058_1440_960_mask.png
cropped_00000058_1440_1920.png,cropped_00000058_1440_1920_mask.png
cropped_00000058_2400_0.png,cropped_00000058_2400_0_mask.png
cropped_00000058_2400_1920.png,cropped_00000058_2400_1920_mask.png
cropped_00000058_2400_1440.png,cropped_00000058_2400_1440_mask.png
cropped_00000058_1920_960.png,cropped_00000058_1920_960_mask.png
cropped_0001_label_5caRcr55_1920_1440.png,cropped_0001_label_5caRcr55_1920_1440_mask.png
cropped_0001_label_5caRcr55_1920_2400.png,cropped_0001_label_5caRcr55_1920_2400_mask.png
cropped_0001_label_5caRcr55_1920_2880.png,cropped_0001_label_5caRcr55_1920_2880_mask.png
cropped_0001_label_5caRcr55_0_1440.png,cropped_0001_label_5caRcr55_0_1440_mask.png
cropped_0001_label_5caRcr55_480_1920.png,cropped_0001_label_5caRcr55_480_1920_mask.png
cropped_0001_label_5caRcr55_480_1440.png,cropped_0001_label_5caRcr55_480_1440_mask.png
cropped_0001_label_5caRcr55_0_1920.png,cropped_0001_label_5caRcr55_0_1920_mask.png
cropped_0001_label_5caRcr55_2880_1920.png,cropped_0001_label_5caRcr55_2880_1920_mask.png
cropped_0001_label_5caRcr55_2400_2880.png,cropped_0001_label_5caRcr55_2400_2880_mask.png
cropped_0001_label_5caRcr55_1440_960.png,cropped_0001_label_5caRcr55_1440_960_mask.png
cropped_0001_label_5caRcr55_960_480.png,cropped_0001_label_5caRcr55_960_480_mask.png
cropped_0001_label_5caRcr55_2400_960.png,cropped_0001_label_5caRcr55_2400_960_mask.png
cropped_0001_label_5caRcr55_1920_960.png,cropped_0001_label_5caRcr55_1920_960_mask.png
cropped_0001_label_5caRcr55_1440_1920.png,cropped_0001_label_5caRcr55_1440_1920_mask.png
cropped_0001_label_5caRcr55_1440_2880.png,cropped_0001_label_5caRcr55_1440_2880_mask.png
cropped_0001_label_5caRcr55_3840_960.png,cropped_0001_label_5caRcr55_3840_960_mask.png
cropped_0001_label_5caRcr55_3840_480.png,cropped_0001_label_5caRcr55_3840_480_mask.png
cropped_0001_label_5caRcr55_3360_0.png,cropped_0001_label_5caRcr55_3360_0_mask.png
cropped_0001_label_5caRcr55_3840_2400.png,cropped_0001_label_5caRcr55_3840_2400_mask.png
cropped_0001_label_5caRcr55_3360_480.png,cropped_0001_label_5caRcr55_3360_480_mask.png
cropped_0001_label_5caRcr55_1920_0.png,cropped_0001_label_5caRcr55_1920_0_mask.png
cropped_0001_label_5caRcr55_1920_1920.png,cropped_0001_label_5caRcr55_1920_1920_mask.png
cropped_0001_label_5caRcr55_2400_1920.png,cropped_0001_label_5caRcr55_2400_1920_mask.png
cropped_0001_label_5caRcr55_3360_2880.png,cropped_0001_label_5caRcr55_3360_2880_mask.png
cropped_0007_label_ouHctxiB_2880_2400.png,cropped_0007_label_ouHctxiB_2880_2400_mask.png
cropped_0007_label_ouHctxiB_3360_2880.png,cropped_0007_label_ouHctxiB_3360_2880_mask.png
cropped_0007_label_ouHctxiB_2400_1920.png,cropped_0007_label_ouHctxiB_2400_1920_mask.png
cropped_0007_label_ouHctxiB_1440_480.png,cropped_0007_label_ouHctxiB_1440_480_mask.png
cropped_0007_label_ouHctxiB_2400_2880.png,cropped_0007_label_ouHctxiB_2400_2880_mask.png
cropped_0007_label_ouHctxiB_2880_1920.png,cropped_0007_label_ouHctxiB_2880_1920_mask.png
cropped_0007_label_ouHctxiB_1440_2400.png,cropped_0007_label_ouHctxiB_1440_2400_mask.png
cropped_0007_label_ouHctxiB_1440_1440.png,cropped_0007_label_ouHctxiB_1440_1440_mask.png
cropped_0007_label_ouHctxiB_2400_2400.png,cropped_0007_label_ouHctxiB_2400_2400_mask.png
cropped_0007_label_ouHctxiB_960_0.png,cropped_0007_label_ouHctxiB_960_0_mask.png
cropped_0007_label_ouHctxiB_960_960.png,cropped_0007_label_ouHctxiB_960_960_mask.png
cropped_0007_label_ouHctxiB_960_1920.png,cropped_0007_label_ouHctxiB_960_1920_mask.png
cropped_0007_label_ouHctxiB_2880_480.png,cropped_0007_label_ouHctxiB_2880_480_mask.png
cropped_0007_label_ouHctxiB_1440_960.png,cropped_0007_label_ouHctxiB_1440_960_mask.png
cropped_0007_label_ouHctxiB_960_2880.png,cropped_0007_label_ouHctxiB_960_2880_mask.png
cropped_0017_label_Y0sRpXgl_2400_0.png,cropped_0017_label_Y0sRpXgl_2400_0_mask.png
cropped_0017_label_Y0sRpXgl_480_0.png,cropped_0017_label_Y0sRpXgl_480_0_mask.png
cropped_0017_label_Y0sRpXgl_480_1920.png,cropped_0017_label_Y0sRpXgl_480_1920_mask.png
cropped_0017_label_Y0sRpXgl_0_480.png,cropped_0017_label_Y0sRpXgl_0_480_mask.png
cropped_0017_label_Y0sRpXgl_480_480.png,cropped_0017_label_Y0sRpXgl_480_480_mask.png
cropped_0017_label_Y0sRpXgl_2880_0.png,cropped_0017_label_Y0sRpXgl_2880_0_mask.png
cropped_0017_label_Y0sRpXgl_1920_480.png,cropped_0017_label_Y0sRpXgl_1920_480_mask.png
cropped_0017_label_Y0sRpXgl_2400_480.png,cropped_0017_label_Y0sRpXgl_2400_480_mask.png
cropped_0017_label_Y0sRpXgl_3360_2880.png,cropped_0017_label_Y0sRpXgl_3360_2880_mask.png
cropped_0017_label_Y0sRpXgl_1440_1440.png,cropped_0017_label_Y0sRpXgl_1440_1440_mask.png
cropped_0017_label_Y0sRpXgl_1440_0.png,cropped_0017_label_Y0sRpXgl_1440_0_mask.png
cropped_0017_label_Y0sRpXgl_1920_1440.png,cropped_0017_label_Y0sRpXgl_1920_1440_mask.png
cropped_0017_label_Y0sRpXgl_3360_1440.png,cropped_0017_label_Y0sRpXgl_3360_1440_mask.png
cropped_0017_label_Y0sRpXgl_2400_1920.png,cropped_0017_label_Y0sRpXgl_2400_1920_mask.png
cropped_0017_label_Y0sRpXgl_1920_960.png,cropped_0017_label_Y0sRpXgl_1920_960_mask.png
cropped_0017_label_Y0sRpXgl_960_1920.png,cropped_0017_label_Y0sRpXgl_960_1920_mask.png
cropped_0017_label_Y0sRpXgl_1440_2400.png,cropped_0017_label_Y0sRpXgl_1440_2400_mask.png
cropped_0017_label_Y0sRpXgl_2400_1440.png,cropped_0017_label_Y0sRpXgl_2400_1440_mask.png
cropped_0006_label_5caRcr55_1440_960.png,cropped_0006_label_5caRcr55_1440_960_mask.png
cropped_0006_label_5caRcr55_2880_960.png,cropped_0006_label_5caRcr55_2880_960_mask.png
cropped_0006_label_5caRcr55_2400_960.png,cropped_0006_label_5caRcr55_2400_960_mask.png
cropped_0006_label_5caRcr55_480_1440.png,cropped_0006_label_5caRcr55_480_1440_mask.png
cropped_0006_label_5caRcr55_2400_0.png,cropped_0006_label_5caRcr55_2400_0_mask.png
cropped_0006_label_5caRcr55_1920_0.png,cropped_0006_label_5caRcr55_1920_0_mask.png
cropped_0006_label_5caRcr55_3840_2880.png,cropped_0006_label_5caRcr55_3840_2880_mask.png
cropped_0006_label_5caRcr55_480_2880.png,cropped_0006_label_5caRcr55_480_2880_mask.png
cropped_0006_label_5caRcr55_3360_1920.png,cropped_0006_label_5caRcr55_3360_1920_mask.png
cropped_0006_label_5caRcr55_1440_480.png,cropped_0006_label_5caRcr55_1440_480_mask.png
cropped_0006_label_5caRcr55_1920_960.png,cropped_0006_label_5caRcr55_1920_960_mask.png
cropped_0006_label_5caRcr55_0_480.png,cropped_0006_label_5caRcr55_0_480_mask.png
cropped_0006_label_5caRcr55_960_1440.png,cropped_0006_label_5caRcr55_960_1440_mask.png
cropped_0006_label_5caRcr55_2400_2880.png,cropped_0006_label_5caRcr55_2400_2880_mask.png
cropped_0006_label_5caRcr55_1920_480.png,cropped_0006_label_5caRcr55_1920_480_mask.png
cropped_0006_label_5caRcr55_960_2880.png,cropped_0006_label_5caRcr55_960_2880_mask.png
cropped_0006_label_5caRcr55_480_0.png,cropped_0006_label_5caRcr55_480_0_mask.png
cropped_0006_label_5caRcr55_2400_480.png,cropped_0006_label_5caRcr55_2400_480_mask.png
cropped_0006_label_5caRcr55_0_960.png,cropped_0006_label_5caRcr55_0_960_mask.png
cropped_00000039_2_960_480.png,cropped_00000039_2_960_480_mask.png
cropped_00000039_2_960_960.png,cropped_00000039_2_960_960_mask.png
cropped_00000039_2_2400_0.png,cropped_00000039_2_2400_0_mask.png
cropped_00000039_2_1920_2880.png,cropped_00000039_2_1920_2880_mask.png
cropped_00000039_2_960_1440.png,cropped_00000039_2_960_1440_mask.png
cropped_00000039_2_0_960.png,cropped_00000039_2_0_960_mask.png
cropped_00000039_2_1920_960.png,cropped_00000039_2_1920_960_mask.png
cropped_00000039_2_3360_0.png,cropped_00000039_2_3360_0_mask.png
cropped_00000039_2_3840_2880.png,cropped_00000039_2_3840_2880_mask.png
cropped_00000039_2_2880_1440.png,cropped_00000039_2_2880_1440_mask.png
cropped_00000039_2_960_0.png,cropped_00000039_2_960_0_mask.png
cropped_00000039_2_3360_1920.png,cropped_00000039_2_3360_1920_mask.png
cropped_00000039_2_0_0.png,cropped_00000039_2_0_0_mask.png
cropped_00000039_2_0_480.png,cropped_00000039_2_0_480_mask.png
cropped_00000039_2_3840_1920.png,cropped_00000039_2_3840_1920_mask.png
cropped_00000039_2_2400_2880.png,cropped_00000039_2_2400_2880_mask.png
cropped_00000039_2_480_2400.png,cropped_00000039_2_480_2400_mask.png
cropped_0016_label_wFKL6cSt_3360_2880.png,cropped_0016_label_wFKL6cSt_3360_2880_mask.png
cropped_0016_label_wFKL6cSt_2880_480.png,cropped_0016_label_wFKL6cSt_2880_480_mask.png
cropped_0016_label_wFKL6cSt_1920_2400.png,cropped_0016_label_wFKL6cSt_1920_2400_mask.png
cropped_0016_label_wFKL6cSt_960_1920.png,cropped_0016_label_wFKL6cSt_960_1920_mask.png
cropped_0016_label_wFKL6cSt_3840_2880.png,cropped_0016_label_wFKL6cSt_3840_2880_mask.png
cropped_0016_label_wFKL6cSt_2880_0.png,cropped_0016_label_wFKL6cSt_2880_0_mask.png
cropped_0016_label_wFKL6cSt_1440_2880.png,cropped_0016_label_wFKL6cSt_1440_2880_mask.png
cropped_0016_label_wFKL6cSt_1920_2880.png,cropped_0016_label_wFKL6cSt_1920_2880_mask.png
cropped_0016_label_wFKL6cSt_480_480.png,cropped_0016_label_wFKL6cSt_480_480_mask.png
cropped_0016_label_wFKL6cSt_1440_480.png,cropped_0016_label_wFKL6cSt_1440_480_mask.png
cropped_0016_label_wFKL6cSt_3360_2400.png,cropped_0016_label_wFKL6cSt_3360_2400_mask.png
cropped_0016_label_wFKL6cSt_960_480.png,cropped_0016_label_wFKL6cSt_960_480_mask.png
cropped_0016_label_wFKL6cSt_1920_480.png,cropped_0016_label_wFKL6cSt_1920_480_mask.png
cropped_0000_label_M4HYDr16_3360_0.png,cropped_0000_label_M4HYDr16_3360_0_mask.png
cropped_0000_label_M4HYDr16_2880_480.png,cropped_0000_label_M4HYDr16_2880_480_mask.png
cropped_0000_label_M4HYDr16_2400_1920.png,cropped_0000_label_M4HYDr16_2400_1920_mask.png
cropped_0000_label_M4HYDr16_2880_960.png,cropped_0000_label_M4HYDr16_2880_960_mask.png
cropped_0000_label_M4HYDr16_0_1920.png,cropped_0000_label_M4HYDr16_0_1920_mask.png
cropped_0000_label_M4HYDr16_3840_2880.png,cropped_0000_label_M4HYDr16_3840_2880_mask.png
cropped_0000_label_M4HYDr16_3360_960.png,cropped_0000_label_M4HYDr16_3360_960_mask.png
cropped_0000_label_M4HYDr16_0_2880.png,cropped_0000_label_M4HYDr16_0_2880_mask.png
cropped_0000_label_M4HYDr16_2400_2400.png,cropped_0000_label_M4HYDr16_2400_2400_mask.png
cropped_0000_label_M4HYDr16_480_2400.png,cropped_0000_label_M4HYDr16_480_2400_mask.png
cropped_0000_label_M4HYDr16_2880_0.png,cropped_0000_label_M4HYDr16_2880_0_mask.png
cropped_0000_label_M4HYDr16_1440_480.png,cropped_0000_label_M4HYDr16_1440_480_mask.png
cropped_0000_label_M4HYDr16_2880_2400.png,cropped_0000_label_M4HYDr16_2880_2400_mask.png
cropped_0000_label_M4HYDr16_1440_1920.png,cropped_0000_label_M4HYDr16_1440_1920_mask.png
cropped_0000_label_M4HYDr16_2880_2880.png,cropped_0000_label_M4HYDr16_2880_2880_mask.png
cropped_0000_label_M4HYDr16_0_1440.png,cropped_0000_label_M4HYDr16_0_1440_mask.png
cropped_0000_label_M4HYDr16_2400_960.png,cropped_0000_label_M4HYDr16_2400_960_mask.png
cropped_0000_label_M4HYDr16_3360_1920.png,cropped_0000_label_M4HYDr16_3360_1920_mask.png
cropped_0000_label_M4HYDr16_1920_0.png,cropped_0000_label_M4HYDr16_1920_0_mask.png
cropped_0000_label_M4HYDr16_2400_480.png,cropped_0000_label_M4HYDr16_2400_480_mask.png
cropped_0000_label_M4HYDr16_1920_480.png,cropped_0000_label_M4HYDr16_1920_480_mask.png
cropped_0000_label_M4HYDr16_2400_0.png,cropped_0000_label_M4HYDr16_2400_0_mask.png
cropped_0000_label_M4HYDr16_2880_1920.png,cropped_0000_label_M4HYDr16_2880_1920_mask.png
cropped_0000_label_M4HYDr16_1920_960.png,cropped_0000_label_M4HYDr16_1920_960_mask.png
cropped_0000_label_M4HYDr16_1920_2400.png,cropped_0000_label_M4HYDr16_1920_2400_mask.png
cropped_0000_label_M4HYDr16_1440_2400.png,cropped_0000_label_M4HYDr16_1440_2400_mask.png
cropped_0000_label_M4HYDr16_3360_2400.png,cropped_0000_label_M4HYDr16_3360_2400_mask.png
cropped_0002_label_KhubE3m1_1920_2400.png,cropped_0002_label_KhubE3m1_1920_2400_mask.png
cropped_0002_label_KhubE3m1_0_1440.png,cropped_0002_label_KhubE3m1_0_1440_mask.png
cropped_0002_label_KhubE3m1_2880_2880.png,cropped_0002_label_KhubE3m1_2880_2880_mask.png
cropped_0002_label_KhubE3m1_3360_960.png,cropped_0002_label_KhubE3m1_3360_960_mask.png
cropped_0002_label_KhubE3m1_1440_0.png,cropped_0002_label_KhubE3m1_1440_0_mask.png
cropped_0002_label_KhubE3m1_3360_1920.png,cropped_0002_label_KhubE3m1_3360_1920_mask.png
cropped_0002_label_KhubE3m1_960_1920.png,cropped_0002_label_KhubE3m1_960_1920_mask.png
cropped_0002_label_KhubE3m1_2400_960.png,cropped_0002_label_KhubE3m1_2400_960_mask.png
cropped_0002_label_KhubE3m1_960_960.png,cropped_0002_label_KhubE3m1_960_960_mask.png
cropped_0002_label_KhubE3m1_960_480.png,cropped_0002_label_KhubE3m1_960_480_mask.png
cropped_0002_label_KhubE3m1_2400_480.png,cropped_0002_label_KhubE3m1_2400_480_mask.png
cropped_0002_label_KhubE3m1_480_2400.png,cropped_0002_label_KhubE3m1_480_2400_mask.png
cropped_0002_label_KhubE3m1_2880_2400.png,cropped_0002_label_KhubE3m1_2880_2400_mask.png
cropped_0002_label_KhubE3m1_0_480.png,cropped_0002_label_KhubE3m1_0_480_mask.png
cropped_0002_label_KhubE3m1_3840_2400.png,cropped_0002_label_KhubE3m1_3840_2400_mask.png
cropped_0002_label_KhubE3m1_3840_1440.png,cropped_0002_label_KhubE3m1_3840_1440_mask.png
cropped_0002_label_KhubE3m1_2400_1440.png,cropped_0002_label_KhubE3m1_2400_1440_mask.png
cropped_0002_label_KhubE3m1_1920_960.png,cropped_0002_label_KhubE3m1_1920_960_mask.png
cropped_0002_label_KhubE3m1_1440_1440.png,cropped_0002_label_KhubE3m1_1440_1440_mask.png
cropped_0002_label_KhubE3m1_2880_960.png,cropped_0002_label_KhubE3m1_2880_960_mask.png
cropped_0002_label_KhubE3m1_1920_2880.png,cropped_0002_label_KhubE3m1_1920_2880_mask.png
cropped_00000009_1_960_1920.png,cropped_00000009_1_960_1920_mask.png
cropped_00000009_1_2880_2880.png,cropped_00000009_1_2880_2880_mask.png
cropped_00000009_1_0_480.png,cropped_00000009_1_0_480_mask.png
cropped_00000009_1_480_960.png,cropped_00000009_1_480_960_mask.png
cropped_00000009_1_2880_1440.png,cropped_00000009_1_2880_1440_mask.png
cropped_00000009_1_1920_1440.png,cropped_00000009_1_1920_1440_mask.png
cropped_00000009_1_0_2880.png,cropped_00000009_1_0_2880_mask.png
cropped_00000009_1_3360_960.png,cropped_00000009_1_3360_960_mask.png
cropped_00000009_1_1440_0.png,cropped_00000009_1_1440_0_mask.png
cropped_00000009_1_960_2400.png,cropped_00000009_1_960_2400_mask.png
cropped_00000009_1_1920_960.png,cropped_00000009_1_1920_960_mask.png
cropped_00000009_1_2400_960.png,cropped_00000009_1_2400_960_mask.png
cropped_00000009_1_3840_2880.png,cropped_00000009_1_3840_2880_mask.png
cropped_00000009_1_3360_1440.png,cropped_00000009_1_3360_1440_mask.png
cropped_00000009_1_2400_1440.png,cropped_00000009_1_2400_1440_mask.png
cropped_00000009_1_3360_480.png,cropped_00000009_1_3360_480_mask.png
cropped_00000009_1_1440_2880.png,cropped_00000009_1_1440_2880_mask.png
cropped_00000009_1_960_480.png,cropped_00000009_1_960_480_mask.png
cropped_00000009_1_2880_1920.png,cropped_00000009_1_2880_1920_mask.png
cropped_00000009_1_3840_480.png,cropped_00000009_1_3840_480_mask.png
cropped_00000009_1_480_1920.png,cropped_00000009_1_480_1920_mask.png
cropped_00000009_1_0_960.png,cropped_00000009_1_0_960_mask.png
cropped_0003_label_5YuL3VcR_2880_1440.png,cropped_0003_label_5YuL3VcR_2880_1440_mask.png
cropped_0003_label_5YuL3VcR_2400_960.png,cropped_0003_label_5YuL3VcR_2400_960_mask.png
cropped_0003_label_5YuL3VcR_1440_0.png,cropped_0003_label_5YuL3VcR_1440_0_mask.png
cropped_0003_label_5YuL3VcR_0_2880.png,cropped_0003_label_5YuL3VcR_0_2880_mask.png
cropped_0003_label_5YuL3VcR_2400_2400.png,cropped_0003_label_5YuL3VcR_2400_2400_mask.png
cropped_0003_label_5YuL3VcR_960_480.png,cropped_0003_label_5YuL3VcR_960_480_mask.png
cropped_0003_label_5YuL3VcR_1440_960.png,cropped_0003_label_5YuL3VcR_1440_960_mask.png
cropped_0003_label_5YuL3VcR_3360_1920.png,cropped_0003_label_5YuL3VcR_3360_1920_mask.png
cropped_0003_label_5YuL3VcR_1920_960.png,cropped_0003_label_5YuL3VcR_1920_960_mask.png
cropped_0003_label_5YuL3VcR_960_960.png,cropped_0003_label_5YuL3VcR_960_960_mask.png
cropped_0003_label_5YuL3VcR_3840_1920.png,cropped_0003_label_5YuL3VcR_3840_1920_mask.png
cropped_0003_label_5YuL3VcR_0_960.png,cropped_0003_label_5YuL3VcR_0_960_mask.png
cropped_0003_label_5YuL3VcR_0_480.png,cropped_0003_label_5YuL3VcR_0_480_mask.png
cropped_0003_label_5YuL3VcR_960_2880.png,cropped_0003_label_5YuL3VcR_960_2880_mask.png
cropped_0015_label_QbCmZ2ce_3360_0.png,cropped_0015_label_QbCmZ2ce_3360_0_mask.png
cropped_0015_label_QbCmZ2ce_2400_0.png,cropped_0015_label_QbCmZ2ce_2400_0_mask.png
cropped_0015_label_QbCmZ2ce_3360_2880.png,cropped_0015_label_QbCmZ2ce_3360_2880_mask.png
cropped_0015_label_QbCmZ2ce_480_960.png,cropped_0015_label_QbCmZ2ce_480_960_mask.png
cropped_0015_label_QbCmZ2ce_1440_960.png,cropped_0015_label_QbCmZ2ce_1440_960_mask.png
cropped_0015_label_QbCmZ2ce_3840_480.png,cropped_0015_label_QbCmZ2ce_3840_480_mask.png
cropped_0015_label_QbCmZ2ce_3840_0.png,cropped_0015_label_QbCmZ2ce_3840_0_mask.png
cropped_0015_label_QbCmZ2ce_1440_0.png,cropped_0015_label_QbCmZ2ce_1440_0_mask.png
cropped_0015_label_QbCmZ2ce_0_960.png,cropped_0015_label_QbCmZ2ce_0_960_mask.png
cropped_0015_label_QbCmZ2ce_2880_0.png,cropped_0015_label_QbCmZ2ce_2880_0_mask.png
cropped_0015_label_QbCmZ2ce_960_0.png,cropped_0015_label_QbCmZ2ce_960_0_mask.png
cropped_0015_label_QbCmZ2ce_1920_0.png,cropped_0015_label_QbCmZ2ce_1920_0_mask.png
cropped_0015_label_QbCmZ2ce_3360_960.png,cropped_0015_label_QbCmZ2ce_3360_960_mask.png
cropped_0015_label_QbCmZ2ce_3840_1920.png,cropped_0015_label_QbCmZ2ce_3840_1920_mask.png
cropped_0015_label_QbCmZ2ce_1920_2880.png,cropped_0015_label_QbCmZ2ce_1920_2880_mask.png
cropped_0015_label_QbCmZ2ce_480_2880.png,cropped_0015_label_QbCmZ2ce_480_2880_mask.png
cropped_0015_label_QbCmZ2ce_0_1440.png,cropped_0015_label_QbCmZ2ce_0_1440_mask.png
cropped_0015_label_QbCmZ2ce_1440_480.png,cropped_0015_label_QbCmZ2ce_1440_480_mask.png
cropped_0015_label_QbCmZ2ce_1920_480.png,cropped_0015_label_QbCmZ2ce_1920_480_mask.png
cropped_0015_label_QbCmZ2ce_1440_1920.png,cropped_0015_label_QbCmZ2ce_1440_1920_mask.png
cropped_0015_label_QbCmZ2ce_2880_480.png,cropped_0015_label_QbCmZ2ce_2880_480_mask.png
cropped_0015_label_QbCmZ2ce_3360_1920.png,cropped_0015_label_QbCmZ2ce_3360_1920_mask.png
cropped_0015_label_QbCmZ2ce_2880_2400.png,cropped_0015_label_QbCmZ2ce_2880_2400_mask.png
cropped_0015_label_QbCmZ2ce_3360_480.png,cropped_0015_label_QbCmZ2ce_3360_480_mask.png
cropped_0004_label_GQ173MEa_480_0.png,cropped_0004_label_GQ173MEa_480_0_mask.png
cropped_0004_label_GQ173MEa_480_960.png,cropped_0004_label_GQ173MEa_480_960_mask.png
cropped_0004_label_GQ173MEa_3360_2400.png,cropped_0004_label_GQ173MEa_3360_2400_mask.png
cropped_0004_label_GQ173MEa_2880_2880.png,cropped_0004_label_GQ173MEa_2880_2880_mask.png
cropped_0004_label_GQ173MEa_2880_1440.png,cropped_0004_label_GQ173MEa_2880_1440_mask.png
cropped_0004_label_GQ173MEa_0_2400.png,cropped_0004_label_GQ173MEa_0_2400_mask.png
cropped_0004_label_GQ173MEa_1440_2400.png,cropped_0004_label_GQ173MEa_1440_2400_mask.png
cropped_0004_label_GQ173MEa_2400_480.png,cropped_0004_label_GQ173MEa_2400_480_mask.png
cropped_0004_label_GQ173MEa_1920_1440.png,cropped_0004_label_GQ173MEa_1920_1440_mask.png
cropped_0004_label_GQ173MEa_3360_960.png,cropped_0004_label_GQ173MEa_3360_960_mask.png
cropped_0004_label_GQ173MEa_3840_1440.png,cropped_0004_label_GQ173MEa_3840_1440_mask.png
cropped_0004_label_GQ173MEa_1440_1440.png,cropped_0004_label_GQ173MEa_1440_1440_mask.png
cropped_0004_label_GQ173MEa_0_960.png,cropped_0004_label_GQ173MEa_0_960_mask.png
cropped_0004_label_GQ173MEa_1440_960.png,cropped_0004_label_GQ173MEa_1440_960_mask.png
cropped_0004_label_GQ173MEa_1920_960.png,cropped_0004_label_GQ173MEa_1920_960_mask.png
cropped_0005_label_XP0UKXUr_2400_480.png,cropped_0005_label_XP0UKXUr_2400_480_mask.png
cropped_0005_label_XP0UKXUr_960_480.png,cropped_0005_label_XP0UKXUr_960_480_mask.png
cropped_0005_label_XP0UKXUr_3360_2880.png,cropped_0005_label_XP0UKXUr_3360_2880_mask.png
cropped_0005_label_XP0UKXUr_1440_2400.png,cropped_0005_label_XP0UKXUr_1440_2400_mask.png
cropped_0005_label_XP0UKXUr_2880_1440.png,cropped_0005_label_XP0UKXUr_2880_1440_mask.png
cropped_0005_label_XP0UKXUr_480_1440.png,cropped_0005_label_XP0UKXUr_480_1440_mask.png
cropped_0005_label_XP0UKXUr_1440_1920.png,cropped_0005_label_XP0UKXUr_1440_1920_mask.png
cropped_0005_label_XP0UKXUr_1920_1920.png,cropped_0005_label_XP0UKXUr_1920_1920_mask.png
cropped_0005_label_XP0UKXUr_2880_2880.png,cropped_0005_label_XP0UKXUr_2880_2880_mask.png
cropped_0005_label_XP0UKXUr_3360_480.png,cropped_0005_label_XP0UKXUr_3360_480_mask.png
cropped_0005_label_XP0UKXUr_3840_1920.png,cropped_0005_label_XP0UKXUr_3840_1920_mask.png
cropped_0005_label_XP0UKXUr_0_480.png,cropped_0005_label_XP0UKXUr_0_480_mask.png
cropped_0005_label_XP0UKXUr_2400_1440.png,cropped_0005_label_XP0UKXUr_2400_1440_mask.png
cropped_0005_label_XP0UKXUr_3360_2400.png,cropped_0005_label_XP0UKXUr_3360_2400_mask.png
cropped_0005_label_XP0UKXUr_3360_1920.png,cropped_0005_label_XP0UKXUr_3360_1920_mask.png
cropped_0005_label_XP0UKXUr_2400_960.png,cropped_0005_label_XP0UKXUr_2400_960_mask.png
cropped_0005_label_XP0UKXUr_480_480.png,cropped_0005_label_XP0UKXUr_480_480_mask.png
cropped_0005_label_XP0UKXUr_3840_2400.png,cropped_0005_label_XP0UKXUr_3840_2400_mask.png
cropped_0005_label_XP0UKXUr_960_960.png,cropped_0005_label_XP0UKXUr_960_960_mask.png
cropped_0006_label_Y0sRpXgl_1920_1920.png,cropped_0006_label_Y0sRpXgl_1920_1920_mask.png
cropped_0006_label_Y0sRpXgl_3840_1440.png,cropped_0006_label_Y0sRpXgl_3840_1440_mask.png
cropped_0006_label_Y0sRpXgl_1920_480.png,cropped_0006_label_Y0sRpXgl_1920_480_mask.png
cropped_0006_label_Y0sRpXgl_3360_960.png,cropped_0006_label_Y0sRpXgl_3360_960_mask.png
cropped_0006_label_Y0sRpXgl_3840_2880.png,cropped_0006_label_Y0sRpXgl_3840_2880_mask.png
cropped_0006_label_Y0sRpXgl_2400_0.png,cropped_0006_label_Y0sRpXgl_2400_0_mask.png
cropped_0006_label_Y0sRpXgl_1440_2400.png,cropped_0006_label_Y0sRpXgl_1440_2400_mask.png
cropped_0006_label_Y0sRpXgl_2880_960.png,cropped_0006_label_Y0sRpXgl_2880_960_mask.png
cropped_0006_label_Y0sRpXgl_1440_2880.png,cropped_0006_label_Y0sRpXgl_1440_2880_mask.png
cropped_0006_label_Y0sRpXgl_3360_1920.png,cropped_0006_label_Y0sRpXgl_3360_1920_mask.png
cropped_0006_label_Y0sRpXgl_0_0.png,cropped_0006_label_Y0sRpXgl_0_0_mask.png
cropped_0006_label_Y0sRpXgl_0_480.png,cropped_0006_label_Y0sRpXgl_0_480_mask.png
cropped_0006_label_Y0sRpXgl_2880_0.png,cropped_0006_label_Y0sRpXgl_2880_0_mask.png
cropped_0006_label_Y0sRpXgl_3360_1440.png,cropped_0006_label_Y0sRpXgl_3360_1440_mask.png
cropped_0006_label_Y0sRpXgl_960_1920.png,cropped_0006_label_Y0sRpXgl_960_1920_mask.png
cropped_0006_label_Y0sRpXgl_480_0.png,cropped_0006_label_Y0sRpXgl_480_0_mask.png
cropped_0006_label_Y0sRpXgl_0_2400.png,cropped_0006_label_Y0sRpXgl_0_2400_mask.png
cropped_0006_label_Y0sRpXgl_1920_2880.png,cropped_0006_label_Y0sRpXgl_1920_2880_mask.png
cropped_0006_label_Y0sRpXgl_1920_2400.png,cropped_0006_label_Y0sRpXgl_1920_2400_mask.png
cropped_0006_label_Y0sRpXgl_2880_1440.png,cropped_0006_label_Y0sRpXgl_2880_1440_mask.png
cropped_00000067_1920_2880.png,cropped_00000067_1920_2880_mask.png
cropped_00000067_960_1920.png,cropped_00000067_960_1920_mask.png
cropped_00000067_1440_480.png,cropped_00000067_1440_480_mask.png
cropped_00000067_960_480.png,cropped_00000067_960_480_mask.png
cropped_00000067_1440_0.png,cropped_00000067_1440_0_mask.png
cropped_00000067_1440_960.png,cropped_00000067_1440_960_mask.png
cropped_00000067_960_2880.png,cropped_00000067_960_2880_mask.png
cropped_00000067_2880_0.png,cropped_00000067_2880_0_mask.png
cropped_00000067_2400_2400.png,cropped_00000067_2400_2400_mask.png
cropped_00000067_3360_960.png,cropped_00000067_3360_960_mask.png
cropped_00000067_480_480.png,cropped_00000067_480_480_mask.png
cropped_00000067_2400_480.png,cropped_00000067_2400_480_mask.png
cropped_00000067_2880_480.png,cropped_00000067_2880_480_mask.png
cropped_00000067_3840_0.png,cropped_00000067_3840_0_mask.png
cropped_00000067_2880_2400.png,cropped_00000067_2880_2400_mask.png
cropped_00000067_1440_2400.png,cropped_00000067_1440_2400_mask.png
cropped_00000067_3840_480.png,cropped_00000067_3840_480_mask.png
cropped_00000067_960_0.png,cropped_00000067_960_0_mask.png
cropped_00000067_0_960.png,cropped_00000067_0_960_mask.png
cropped_00000067_1920_1920.png,cropped_00000067_1920_1920_mask.png
cropped_00000067_2400_1440.png,cropped_00000067_2400_1440_mask.png
cropped_0000_label_iSVx22hl_480_480.png,cropped_0000_label_iSVx22hl_480_480_mask.png
cropped_0000_label_iSVx22hl_480_960.png,cropped_0000_label_iSVx22hl_480_960_mask.png
cropped_0000_label_iSVx22hl_2400_960.png,cropped_0000_label_iSVx22hl_2400_960_mask.png
cropped_0000_label_iSVx22hl_2880_0.png,cropped_0000_label_iSVx22hl_2880_0_mask.png
cropped_0000_label_iSVx22hl_1440_2400.png,cropped_0000_label_iSVx22hl_1440_2400_mask.png
cropped_0000_label_iSVx22hl_0_2400.png,cropped_0000_label_iSVx22hl_0_2400_mask.png
cropped_0000_label_iSVx22hl_1920_960.png,cropped_0000_label_iSVx22hl_1920_960_mask.png
cropped_0000_label_iSVx22hl_480_0.png,cropped_0000_label_iSVx22hl_480_0_mask.png
cropped_0000_label_iSVx22hl_3840_2400.png,cropped_0000_label_iSVx22hl_3840_2400_mask.png
cropped_0000_label_iSVx22hl_960_2400.png,cropped_0000_label_iSVx22hl_960_2400_mask.png
cropped_0000_label_iSVx22hl_480_1920.png,cropped_0000_label_iSVx22hl_480_1920_mask.png
cropped_0000_label_iSVx22hl_3840_0.png,cropped_0000_label_iSVx22hl_3840_0_mask.png
cropped_0000_label_iSVx22hl_1440_0.png,cropped_0000_label_iSVx22hl_1440_0_mask.png
cropped_0000_label_iSVx22hl_0_2880.png,cropped_0000_label_iSVx22hl_0_2880_mask.png
cropped_0000_label_iSVx22hl_2880_1440.png,cropped_0000_label_iSVx22hl_2880_1440_mask.png
cropped_0000_label_iSVx22hl_3360_1920.png,cropped_0000_label_iSVx22hl_3360_1920_mask.png
cropped_00000037_5_480_0.png,cropped_00000037_5_480_0_mask.png
cropped_00000037_5_480_1440.png,cropped_00000037_5_480_1440_mask.png
cropped_00000037_5_2400_2400.png,cropped_00000037_5_2400_2400_mask.png
cropped_00000037_5_1920_0.png,cropped_00000037_5_1920_0_mask.png
cropped_00000037_5_2400_1440.png,cropped_00000037_5_2400_1440_mask.png
cropped_00000037_5_3840_2400.png,cropped_00000037_5_3840_2400_mask.png
cropped_00000037_5_3360_0.png,cropped_00000037_5_3360_0_mask.png
cropped_00000037_5_2880_1440.png,cropped_00000037_5_2880_1440_mask.png
cropped_00000037_5_960_2880.png,cropped_00000037_5_960_2880_mask.png
cropped_00000037_5_2400_2880.png,cropped_00000037_5_2400_2880_mask.png
cropped_00000037_5_1920_2880.png,cropped_00000037_5_1920_2880_mask.png
cropped_00000037_5_480_480.png,cropped_00000037_5_480_480_mask.png
cropped_00000037_5_1920_2400.png,cropped_00000037_5_1920_2400_mask.png
cropped_00000011_3_1440_2400.png,cropped_00000011_3_1440_2400_mask.png
cropped_00000011_3_3360_1440.png,cropped_00000011_3_3360_1440_mask.png
cropped_00000011_3_0_960.png,cropped_00000011_3_0_960_mask.png
cropped_00000011_3_1920_480.png,cropped_00000011_3_1920_480_mask.png
cropped_00000011_3_960_2880.png,cropped_00000011_3_960_2880_mask.png
cropped_00000011_3_480_2400.png,cropped_00000011_3_480_2400_mask.png
cropped_00000011_3_3360_960.png,cropped_00000011_3_3360_960_mask.png
cropped_00000011_3_1920_2400.png,cropped_00000011_3_1920_2400_mask.png
cropped_00000011_3_2400_1920.png,cropped_00000011_3_2400_1920_mask.png
cropped_00000011_3_960_480.png,cropped_00000011_3_960_480_mask.png
cropped_00000011_3_0_2880.png,cropped_00000011_3_0_2880_mask.png
cropped_00000011_3_480_480.png,cropped_00000011_3_480_480_mask.png
cropped_00000011_3_1440_960.png,cropped_00000011_3_1440_960_mask.png
cropped_00000011_3_2400_480.png,cropped_00000011_3_2400_480_mask.png
cropped_00000011_3_3360_480.png,cropped_00000011_3_3360_480_mask.png
cropped_00000011_3_1920_1440.png,cropped_00000011_3_1920_1440_mask.png
cropped_00000011_3_3840_1440.png,cropped_00000011_3_3840_1440_mask.png
cropped_00000011_3_480_1920.png,cropped_00000011_3_480_1920_mask.png
cropped_00000011_3_1440_2880.png,cropped_00000011_3_1440_2880_mask.png
cropped_0002_label_s2HioE5t_0_480.png,cropped_0002_label_s2HioE5t_0_480_mask.png
cropped_0002_label_s2HioE5t_2880_1920.png,cropped_0002_label_s2HioE5t_2880_1920_mask.png
cropped_0002_label_s2HioE5t_2400_1920.png,cropped_0002_label_s2HioE5t_2400_1920_mask.png
cropped_0002_label_s2HioE5t_0_1920.png,cropped_0002_label_s2HioE5t_0_1920_mask.png
cropped_0002_label_s2HioE5t_3840_2880.png,cropped_0002_label_s2HioE5t_3840_2880_mask.png
cropped_0002_label_s2HioE5t_1440_0.png,cropped_0002_label_s2HioE5t_1440_0_mask.png
cropped_0002_label_s2HioE5t_1440_1440.png,cropped_0002_label_s2HioE5t_1440_1440_mask.png
cropped_0002_label_s2HioE5t_960_1440.png,cropped_0002_label_s2HioE5t_960_1440_mask.png
cropped_0002_label_s2HioE5t_1440_2880.png,cropped_0002_label_s2HioE5t_1440_2880_mask.png
cropped_0002_label_s2HioE5t_2400_2880.png,cropped_0002_label_s2HioE5t_2400_2880_mask.png
cropped_0002_label_s2HioE5t_1920_1920.png,cropped_0002_label_s2HioE5t_1920_1920_mask.png
cropped_0002_label_s2HioE5t_480_2400.png,cropped_0002_label_s2HioE5t_480_2400_mask.png
cropped_0002_label_s2HioE5t_2880_0.png,cropped_0002_label_s2HioE5t_2880_0_mask.png
cropped_0002_label_s2HioE5t_1920_2400.png,cropped_0002_label_s2HioE5t_1920_2400_mask.png
cropped_0002_label_s2HioE5t_1920_480.png,cropped_0002_label_s2HioE5t_1920_480_mask.png
cropped_0002_label_s2HioE5t_3840_0.png,cropped_0002_label_s2HioE5t_3840_0_mask.png
cropped_0002_label_s2HioE5t_480_1440.png,cropped_0002_label_s2HioE5t_480_1440_mask.png
cropped_0002_label_s2HioE5t_0_0.png,cropped_0002_label_s2HioE5t_0_0_mask.png
cropped_00000005_4_2880_1440.png,cropped_00000005_4_2880_1440_mask.png
cropped_00000005_4_2400_1440.png,cropped_00000005_4_2400_1440_mask.png
cropped_00000005_4_1920_2400.png,cropped_00000005_4_1920_2400_mask.png
cropped_00000005_4_1440_1920.png,cropped_00000005_4_1440_1920_mask.png
cropped_00000005_4_960_480.png,cropped_00000005_4_960_480_mask.png
cropped_00000005_4_3840_1440.png,cropped_00000005_4_3840_1440_mask.png
cropped_00000005_4_480_960.png,cropped_00000005_4_480_960_mask.png
cropped_00000005_4_1920_2880.png,cropped_00000005_4_1920_2880_mask.png
cropped_00000005_4_960_0.png,cropped_00000005_4_960_0_mask.png
cropped_00000005_4_2880_2400.png,cropped_00000005_4_2880_2400_mask.png
cropped_00000005_4_0_480.png,cropped_00000005_4_0_480_mask.png
cropped_00000005_4_2400_960.png,cropped_00000005_4_2400_960_mask.png
cropped_00000005_4_0_960.png,cropped_00000005_4_0_960_mask.png
cropped_00000005_4_0_1440.png,cropped_00000005_4_0_1440_mask.png
cropped_00000005_4_1920_1920.png,cropped_00000005_4_1920_1920_mask.png
cropped_00000005_4_1920_960.png,cropped_00000005_4_1920_960_mask.png
cropped_00000005_4_2880_960.png,cropped_00000005_4_2880_960_mask.png
cropped_00000005_4_2880_480.png,cropped_00000005_4_2880_480_mask.png
cropped_00000005_4_0_2880.png,cropped_00000005_4_0_2880_mask.png
cropped_00000005_4_1920_1440.png,cropped_00000005_4_1920_1440_mask.png
cropped_00000005_4_1920_480.png,cropped_00000005_4_1920_480_mask.png
cropped_00000005_4_2400_480.png,cropped_00000005_4_2400_480_mask.png
cropped_00000005_4_1920_0.png,cropped_00000005_4_1920_0_mask.png
cropped_0000_label_ufQVNw8q_0_2880.png,cropped_0000_label_ufQVNw8q_0_2880_mask.png
cropped_0000_label_ufQVNw8q_3840_1920.png,cropped_0000_label_ufQVNw8q_3840_1920_mask.png
cropped_0000_label_ufQVNw8q_3360_0.png,cropped_0000_label_ufQVNw8q_3360_0_mask.png
cropped_0000_label_ufQVNw8q_3360_1920.png,cropped_0000_label_ufQVNw8q_3360_1920_mask.png
cropped_0000_label_ufQVNw8q_2400_960.png,cropped_0000_label_ufQVNw8q_2400_960_mask.png
cropped_0000_label_ufQVNw8q_960_480.png,cropped_0000_label_ufQVNw8q_960_480_mask.png
cropped_0000_label_ufQVNw8q_2400_480.png,cropped_0000_label_ufQVNw8q_2400_480_mask.png
cropped_0000_label_ufQVNw8q_3360_960.png,cropped_0000_label_ufQVNw8q_3360_960_mask.png
cropped_0000_label_ufQVNw8q_1920_1440.png,cropped_0000_label_ufQVNw8q_1920_1440_mask.png
cropped_0000_label_ufQVNw8q_3360_2400.png,cropped_0000_label_ufQVNw8q_3360_2400_mask.png
cropped_0000_label_ufQVNw8q_3840_2880.png,cropped_0000_label_ufQVNw8q_3840_2880_mask.png
cropped_0000_label_ufQVNw8q_3360_480.png,cropped_0000_label_ufQVNw8q_3360_480_mask.png
cropped_0000_label_ufQVNw8q_960_0.png,cropped_0000_label_ufQVNw8q_960_0_mask.png
cropped_0000_label_ufQVNw8q_1920_960.png,cropped_0000_label_ufQVNw8q_1920_960_mask.png
cropped_0000_label_ufQVNw8q_1440_2400.png,cropped_0000_label_ufQVNw8q_1440_2400_mask.png
cropped_0017_label_PmivjAla_1920_960.png,cropped_0017_label_PmivjAla_1920_960_mask.png
cropped_0017_label_PmivjAla_3840_1440.png,cropped_0017_label_PmivjAla_3840_1440_mask.png
cropped_0017_label_PmivjAla_960_0.png,cropped_0017_label_PmivjAla_960_0_mask.png
cropped_0017_label_PmivjAla_960_960.png,cropped_0017_label_PmivjAla_960_960_mask.png
cropped_0017_label_PmivjAla_3840_0.png,cropped_0017_label_PmivjAla_3840_0_mask.png
cropped_0017_label_PmivjAla_480_0.png,cropped_0017_label_PmivjAla_480_0_mask.png
cropped_0017_label_PmivjAla_0_960.png,cropped_0017_label_PmivjAla_0_960_mask.png
cropped_0017_label_PmivjAla_3360_1440.png,cropped_0017_label_PmivjAla_3360_1440_mask.png
cropped_0017_label_PmivjAla_1920_2400.png,cropped_0017_label_PmivjAla_1920_2400_mask.png
cropped_0017_label_PmivjAla_2880_1920.png,cropped_0017_label_PmivjAla_2880_1920_mask.png
cropped_0017_label_PmivjAla_0_1440.png,cropped_0017_label_PmivjAla_0_1440_mask.png
cropped_0017_label_PmivjAla_0_2880.png,cropped_0017_label_PmivjAla_0_2880_mask.png
cropped_0017_label_PmivjAla_2880_960.png,cropped_0017_label_PmivjAla_2880_960_mask.png
cropped_00000012_1_1920_960.png,cropped_00000012_1_1920_960_mask.png
cropped_00000012_1_3360_480.png,cropped_00000012_1_3360_480_mask.png
cropped_00000012_1_2880_480.png,cropped_00000012_1_2880_480_mask.png
cropped_00000012_1_1440_480.png,cropped_00000012_1_1440_480_mask.png
cropped_00000012_1_3840_960.png,cropped_00000012_1_3840_960_mask.png
cropped_00000012_1_3840_480.png,cropped_00000012_1_3840_480_mask.png
cropped_00000012_1_480_2880.png,cropped_00000012_1_480_2880_mask.png
cropped_00000012_1_2400_960.png,cropped_00000012_1_2400_960_mask.png
cropped_00000012_1_2400_2880.png,cropped_00000012_1_2400_2880_mask.png
cropped_00000012_1_480_2400.png,cropped_00000012_1_480_2400_mask.png
cropped_00000012_1_1920_480.png,cropped_00000012_1_1920_480_mask.png
cropped_00000012_1_3360_960.png,cropped_00000012_1_3360_960_mask.png
cropped_0010_label_5YuL3VcR_1440_2880.png,cropped_0010_label_5YuL3VcR_1440_2880_mask.png
cropped_0010_label_5YuL3VcR_3840_1920.png,cropped_0010_label_5YuL3VcR_3840_1920_mask.png
cropped_0010_label_5YuL3VcR_1440_960.png,cropped_0010_label_5YuL3VcR_1440_960_mask.png
cropped_0010_label_5YuL3VcR_480_2880.png,cropped_0010_label_5YuL3VcR_480_2880_mask.png
cropped_0010_label_5YuL3VcR_960_960.png,cropped_0010_label_5YuL3VcR_960_960_mask.png
cropped_0010_label_5YuL3VcR_3360_960.png,cropped_0010_label_5YuL3VcR_3360_960_mask.png
cropped_0010_label_5YuL3VcR_2400_960.png,cropped_0010_label_5YuL3VcR_2400_960_mask.png
cropped_0010_label_5YuL3VcR_2880_960.png,cropped_0010_label_5YuL3VcR_2880_960_mask.png
cropped_0010_label_5YuL3VcR_1920_480.png,cropped_0010_label_5YuL3VcR_1920_480_mask.png
cropped_0010_label_5YuL3VcR_2400_1440.png,cropped_0010_label_5YuL3VcR_2400_1440_mask.png
cropped_0010_label_5YuL3VcR_1440_0.png,cropped_0010_label_5YuL3VcR_1440_0_mask.png
cropped_0009_label_lY40XnMe_3840_480.png,cropped_0009_label_lY40XnMe_3840_480_mask.png
cropped_0009_label_lY40XnMe_3360_1920.png,cropped_0009_label_lY40XnMe_3360_1920_mask.png
cropped_0009_label_lY40XnMe_1920_2880.png,cropped_0009_label_lY40XnMe_1920_2880_mask.png
cropped_0009_label_lY40XnMe_480_0.png,cropped_0009_label_lY40XnMe_480_0_mask.png
cropped_0009_label_lY40XnMe_0_2880.png,cropped_0009_label_lY40XnMe_0_2880_mask.png
cropped_0009_label_lY40XnMe_2880_0.png,cropped_0009_label_lY40XnMe_2880_0_mask.png
cropped_0009_label_lY40XnMe_960_0.png,cropped_0009_label_lY40XnMe_960_0_mask.png
cropped_0009_label_lY40XnMe_0_960.png,cropped_0009_label_lY40XnMe_0_960_mask.png
cropped_0009_label_lY40XnMe_3360_480.png,cropped_0009_label_lY40XnMe_3360_480_mask.png
cropped_0009_label_lY40XnMe_3840_2880.png,cropped_0009_label_lY40XnMe_3840_2880_mask.png
cropped_0009_label_lY40XnMe_1920_960.png,cropped_0009_label_lY40XnMe_1920_960_mask.png
cropped_0009_label_lY40XnMe_2400_1920.png,cropped_0009_label_lY40XnMe_2400_1920_mask.png
cropped_0009_label_lY40XnMe_1920_2400.png,cropped_0009_label_lY40XnMe_1920_2400_mask.png
cropped_0010_label_iSVx22hl_480_480.png,cropped_0010_label_iSVx22hl_480_480_mask.png
cropped_0010_label_iSVx22hl_3840_960.png,cropped_0010_label_iSVx22hl_3840_960_mask.png
cropped_0010_label_iSVx22hl_3840_0.png,cropped_0010_label_iSVx22hl_3840_0_mask.png
cropped_0010_label_iSVx22hl_1920_0.png,cropped_0010_label_iSVx22hl_1920_0_mask.png
cropped_0010_label_iSVx22hl_1920_1440.png,cropped_0010_label_iSVx22hl_1920_1440_mask.png
cropped_0010_label_iSVx22hl_0_1440.png,cropped_0010_label_iSVx22hl_0_1440_mask.png
cropped_0010_label_iSVx22hl_480_1440.png,cropped_0010_label_iSVx22hl_480_1440_mask.png
cropped_0010_label_iSVx22hl_1440_1920.png,cropped_0010_label_iSVx22hl_1440_1920_mask.png
cropped_0010_label_iSVx22hl_480_2880.png,cropped_0010_label_iSVx22hl_480_2880_mask.png
cropped_0010_label_iSVx22hl_1440_960.png,cropped_0010_label_iSVx22hl_1440_960_mask.png
cropped_0010_label_iSVx22hl_2880_1920.png,cropped_0010_label_iSVx22hl_2880_1920_mask.png
cropped_0010_label_iSVx22hl_0_1920.png,cropped_0010_label_iSVx22hl_0_1920_mask.png
cropped_0010_label_iSVx22hl_0_480.png,cropped_0010_label_iSVx22hl_0_480_mask.png
cropped_0000_label_F5Njd0Gq_2400_2400.png,cropped_0000_label_F5Njd0Gq_2400_2400_mask.png
cropped_0000_label_F5Njd0Gq_1920_960.png,cropped_0000_label_F5Njd0Gq_1920_960_mask.png
cropped_0000_label_F5Njd0Gq_1440_0.png,cropped_0000_label_F5Njd0Gq_1440_0_mask.png
cropped_0000_label_F5Njd0Gq_1440_1920.png,cropped_0000_label_F5Njd0Gq_1440_1920_mask.png
cropped_0000_label_F5Njd0Gq_1920_480.png,cropped_0000_label_F5Njd0Gq_1920_480_mask.png
cropped_0000_label_F5Njd0Gq_0_2880.png,cropped_0000_label_F5Njd0Gq_0_2880_mask.png
cropped_0000_label_F5Njd0Gq_2880_2880.png,cropped_0000_label_F5Njd0Gq_2880_2880_mask.png
cropped_0000_label_F5Njd0Gq_2880_480.png,cropped_0000_label_F5Njd0Gq_2880_480_mask.png
cropped_0000_label_F5Njd0Gq_1920_1440.png,cropped_0000_label_F5Njd0Gq_1920_1440_mask.png
cropped_0000_label_F5Njd0Gq_1440_2400.png,cropped_0000_label_F5Njd0Gq_1440_2400_mask.png
cropped_0000_label_F5Njd0Gq_1920_2880.png,cropped_0000_label_F5Njd0Gq_1920_2880_mask.png
cropped_0000_label_F5Njd0Gq_3840_1920.png,cropped_0000_label_F5Njd0Gq_3840_1920_mask.png
cropped_0000_label_F5Njd0Gq_960_1440.png,cropped_0000_label_F5Njd0Gq_960_1440_mask.png
cropped_00000035_3_1440_960.png,cropped_00000035_3_1440_960_mask.png
cropped_00000035_3_1920_1920.png,cropped_00000035_3_1920_1920_mask.png
cropped_00000035_3_1920_2880.png,cropped_00000035_3_1920_2880_mask.png
cropped_00000035_3_3360_2880.png,cropped_00000035_3_3360_2880_mask.png
cropped_00000035_3_1440_1440.png,cropped_00000035_3_1440_1440_mask.png
cropped_00000035_3_480_2880.png,cropped_00000035_3_480_2880_mask.png
cropped_00000035_3_480_480.png,cropped_00000035_3_480_480_mask.png
cropped_00000035_3_2880_0.png,cropped_00000035_3_2880_0_mask.png
cropped_00000035_3_3840_2880.png,cropped_00000035_3_3840_2880_mask.png
cropped_00000035_3_960_0.png,cropped_00000035_3_960_0_mask.png
cropped_00000035_3_3360_480.png,cropped_00000035_3_3360_480_mask.png
cropped_00000035_3_0_1440.png,cropped_00000035_3_0_1440_mask.png
cropped_00000035_3_960_480.png,cropped_00000035_3_960_480_mask.png
cropped_00000035_3_2400_1440.png,cropped_00000035_3_2400_1440_mask.png
cropped_00000035_3_0_960.png,cropped_00000035_3_0_960_mask.png
cropped_00000035_3_0_480.png,cropped_00000035_3_0_480_mask.png
cropped_00000035_3_2400_1920.png,cropped_00000035_3_2400_1920_mask.png
cropped_00000035_3_960_1920.png,cropped_00000035_3_960_1920_mask.png
cropped_00000035_3_1440_0.png,cropped_00000035_3_1440_0_mask.png
cropped_00000035_3_1440_480.png,cropped_00000035_3_1440_480_mask.png
cropped_00000035_3_480_2400.png,cropped_00000035_3_480_2400_mask.png
cropped_00000035_3_3360_1440.png,cropped_00000035_3_3360_1440_mask.png
cropped_00000035_3_3840_1440.png,cropped_00000035_3_3840_1440_mask.png
cropped_00000035_3_3840_2400.png,cropped_00000035_3_3840_2400_mask.png
cropped_00000035_3_1920_2400.png,cropped_00000035_3_1920_2400_mask.png
cropped_00000097_0_960.png,cropped_00000097_0_960_mask.png
cropped_00000097_1920_960.png,cropped_00000097_1920_960_mask.png
cropped_00000097_2880_1920.png,cropped_00000097_2880_1920_mask.png
cropped_00000097_480_480.png,cropped_00000097_480_480_mask.png
cropped_00000097_3360_960.png,cropped_00000097_3360_960_mask.png
cropped_00000097_3840_1440.png,cropped_00000097_3840_1440_mask.png
cropped_00000097_960_960.png,cropped_00000097_960_960_mask.png
cropped_00000097_0_480.png,cropped_00000097_0_480_mask.png
cropped_00000097_960_1440.png,cropped_00000097_960_1440_mask.png
cropped_00000097_480_1440.png,cropped_00000097_480_1440_mask.png
cropped_00000097_0_0.png,cropped_00000097_0_0_mask.png
cropped_00000097_1920_1920.png,cropped_00000097_1920_1920_mask.png
cropped_00000023_3_480_2400.png,cropped_00000023_3_480_2400_mask.png
cropped_00000023_3_1920_1440.png,cropped_00000023_3_1920_1440_mask.png
cropped_00000023_3_1440_0.png,cropped_00000023_3_1440_0_mask.png
cropped_00000023_3_2880_2880.png,cropped_00000023_3_2880_2880_mask.png
cropped_00000023_3_960_1920.png,cropped_00000023_3_960_1920_mask.png
cropped_00000023_3_2400_1920.png,cropped_00000023_3_2400_1920_mask.png
cropped_00000023_3_1440_960.png,cropped_00000023_3_1440_960_mask.png
cropped_00000023_3_1440_1920.png,cropped_00000023_3_1440_1920_mask.png
cropped_00000023_3_0_1440.png,cropped_00000023_3_0_1440_mask.png
cropped_00000023_3_3840_960.png,cropped_00000023_3_3840_960_mask.png
cropped_00000023_3_1920_960.png,cropped_00000023_3_1920_960_mask.png
cropped_00000023_3_0_480.png,cropped_00000023_3_0_480_mask.png
cropped_00000023_3_3360_960.png,cropped_00000023_3_3360_960_mask.png
cropped_00000023_3_0_1920.png,cropped_00000023_3_0_1920_mask.png
cropped_00000023_3_960_2400.png,cropped_00000023_3_960_2400_mask.png
cropped_00000023_3_480_960.png,cropped_00000023_3_480_960_mask.png
cropped_00000023_3_480_1920.png,cropped_00000023_3_480_1920_mask.png
cropped_00000023_3_1440_2400.png,cropped_00000023_3_1440_2400_mask.png
cropped_00000023_3_2400_2400.png,cropped_00000023_3_2400_2400_mask.png
cropped_00000023_3_3360_2880.png,cropped_00000023_3_3360_2880_mask.png
cropped_00000023_3_0_2400.png,cropped_00000023_3_0_2400_mask.png
cropped_00000023_3_1920_480.png,cropped_00000023_3_1920_480_mask.png
cropped_00000023_3_1440_1440.png,cropped_00000023_3_1440_1440_mask.png
cropped_00000023_3_0_0.png,cropped_00000023_3_0_0_mask.png
cropped_00000023_3_2400_0.png,cropped_00000023_3_2400_0_mask.png
cropped_00000023_3_0_960.png,cropped_00000023_3_0_960_mask.png
cropped_00000023_3_960_1440.png,cropped_00000023_3_960_1440_mask.png
cropped_00000023_3_480_1440.png,cropped_00000023_3_480_1440_mask.png
cropped_0015_label_0xjUoY7D_2400_2880.png,cropped_0015_label_0xjUoY7D_2400_2880_mask.png
cropped_0015_label_0xjUoY7D_960_960.png,cropped_0015_label_0xjUoY7D_960_960_mask.png
cropped_0015_label_0xjUoY7D_480_0.png,cropped_0015_label_0xjUoY7D_480_0_mask.png
cropped_0015_label_0xjUoY7D_480_1440.png,cropped_0015_label_0xjUoY7D_480_1440_mask.png
cropped_0015_label_0xjUoY7D_960_2880.png,cropped_0015_label_0xjUoY7D_960_2880_mask.png
cropped_0015_label_0xjUoY7D_2400_960.png,cropped_0015_label_0xjUoY7D_2400_960_mask.png
cropped_0015_label_0xjUoY7D_2880_2400.png,cropped_0015_label_0xjUoY7D_2880_2400_mask.png
cropped_0015_label_0xjUoY7D_3360_1440.png,cropped_0015_label_0xjUoY7D_3360_1440_mask.png
cropped_0015_label_0xjUoY7D_0_960.png,cropped_0015_label_0xjUoY7D_0_960_mask.png
cropped_0015_label_0xjUoY7D_2880_960.png,cropped_0015_label_0xjUoY7D_2880_960_mask.png
cropped_0015_label_0xjUoY7D_1920_2880.png,cropped_0015_label_0xjUoY7D_1920_2880_mask.png
cropped_0015_label_0xjUoY7D_3360_480.png,cropped_0015_label_0xjUoY7D_3360_480_mask.png
cropped_0015_label_0xjUoY7D_1920_960.png,cropped_0015_label_0xjUoY7D_1920_960_mask.png
cropped_0015_label_0xjUoY7D_3840_2880.png,cropped_0015_label_0xjUoY7D_3840_2880_mask.png
cropped_0015_label_0xjUoY7D_1440_0.png,cropped_0015_label_0xjUoY7D_1440_0_mask.png
cropped_0015_label_0xjUoY7D_2400_1440.png,cropped_0015_label_0xjUoY7D_2400_1440_mask.png
cropped_0003_label_ouHctxiB_3360_1440.png,cropped_0003_label_ouHctxiB_3360_1440_mask.png
cropped_0003_label_ouHctxiB_3360_480.png,cropped_0003_label_ouHctxiB_3360_480_mask.png
cropped_0003_label_ouHctxiB_0_960.png,cropped_0003_label_ouHctxiB_0_960_mask.png
cropped_0003_label_ouHctxiB_0_2400.png,cropped_0003_label_ouHctxiB_0_2400_mask.png
cropped_0003_label_ouHctxiB_2880_1920.png,cropped_0003_label_ouHctxiB_2880_1920_mask.png
cropped_0003_label_ouHctxiB_2880_1440.png,cropped_0003_label_ouHctxiB_2880_1440_mask.png
cropped_0003_label_ouHctxiB_2880_480.png,cropped_0003_label_ouHctxiB_2880_480_mask.png
cropped_0003_label_ouHctxiB_0_0.png,cropped_0003_label_ouHctxiB_0_0_mask.png
cropped_0003_label_ouHctxiB_0_1440.png,cropped_0003_label_ouHctxiB_0_1440_mask.png
cropped_0003_label_ouHctxiB_480_960.png,cropped_0003_label_ouHctxiB_480_960_mask.png
cropped_0003_label_ouHctxiB_960_480.png,cropped_0003_label_ouHctxiB_960_480_mask.png
cropped_0003_label_ouHctxiB_960_0.png,cropped_0003_label_ouHctxiB_960_0_mask.png
cropped_0003_label_ouHctxiB_0_2880.png,cropped_0003_label_ouHctxiB_0_2880_mask.png
cropped_0003_label_ouHctxiB_3840_960.png,cropped_0003_label_ouHctxiB_3840_960_mask.png
cropped_0003_label_ouHctxiB_2400_1440.png,cropped_0003_label_ouHctxiB_2400_1440_mask.png
cropped_0003_label_ouHctxiB_0_480.png,cropped_0003_label_ouHctxiB_0_480_mask.png
cropped_0003_label_ouHctxiB_480_2880.png,cropped_0003_label_ouHctxiB_480_2880_mask.png
cropped_0003_label_ouHctxiB_3840_1440.png,cropped_0003_label_ouHctxiB_3840_1440_mask.png
cropped_0004_label_5caRcr55_1920_1920.png,cropped_0004_label_5caRcr55_1920_1920_mask.png
cropped_0004_label_5caRcr55_0_2400.png,cropped_0004_label_5caRcr55_0_2400_mask.png
cropped_0004_label_5caRcr55_960_2400.png,cropped_0004_label_5caRcr55_960_2400_mask.png
cropped_0004_label_5caRcr55_3360_1920.png,cropped_0004_label_5caRcr55_3360_1920_mask.png
cropped_0004_label_5caRcr55_2400_1440.png,cropped_0004_label_5caRcr55_2400_1440_mask.png
cropped_0004_label_5caRcr55_3840_960.png,cropped_0004_label_5caRcr55_3840_960_mask.png
cropped_0004_label_5caRcr55_1440_1920.png,cropped_0004_label_5caRcr55_1440_1920_mask.png
cropped_0004_label_5caRcr55_2880_0.png,cropped_0004_label_5caRcr55_2880_0_mask.png
cropped_0004_label_5caRcr55_1440_480.png,cropped_0004_label_5caRcr55_1440_480_mask.png
cropped_0004_label_5caRcr55_1920_0.png,cropped_0004_label_5caRcr55_1920_0_mask.png
cropped_0004_label_5caRcr55_1920_960.png,cropped_0004_label_5caRcr55_1920_960_mask.png
cropped_0004_label_5caRcr55_2880_480.png,cropped_0004_label_5caRcr55_2880_480_mask.png
cropped_0004_label_5caRcr55_1920_2880.png,cropped_0004_label_5caRcr55_1920_2880_mask.png
cropped_0004_label_5caRcr55_480_0.png,cropped_0004_label_5caRcr55_480_0_mask.png
cropped_0004_label_5caRcr55_2400_0.png,cropped_0004_label_5caRcr55_2400_0_mask.png
cropped_00000011_5_3840_960.png,cropped_00000011_5_3840_960_mask.png
cropped_00000011_5_480_960.png,cropped_00000011_5_480_960_mask.png
cropped_00000011_5_2880_2880.png,cropped_00000011_5_2880_2880_mask.png
cropped_00000011_5_3840_2880.png,cropped_00000011_5_3840_2880_mask.png
cropped_00000011_5_3840_1920.png,cropped_00000011_5_3840_1920_mask.png
cropped_00000011_5_3840_0.png,cropped_00000011_5_3840_0_mask.png
cropped_00000011_5_2880_480.png,cropped_00000011_5_2880_480_mask.png
cropped_00000011_5_2400_2400.png,cropped_00000011_5_2400_2400_mask.png
cropped_00000011_5_1920_960.png,cropped_00000011_5_1920_960_mask.png
cropped_00000011_5_480_1440.png,cropped_00000011_5_480_1440_mask.png
cropped_00000011_5_2400_480.png,cropped_00000011_5_2400_480_mask.png
cropped_00000011_5_1920_480.png,cropped_00000011_5_1920_480_mask.png
cropped_00000011_5_960_480.png,cropped_00000011_5_960_480_mask.png
cropped_00000011_5_3840_2400.png,cropped_00000011_5_3840_2400_mask.png
cropped_00000011_5_480_0.png,cropped_00000011_5_480_0_mask.png
cropped_00000011_5_3360_0.png,cropped_00000011_5_3360_0_mask.png
cropped_00000011_5_2880_0.png,cropped_00000011_5_2880_0_mask.png
cropped_00000011_5_960_960.png,cropped_00000011_5_960_960_mask.png
cropped_00000011_5_1440_1440.png,cropped_00000011_5_1440_1440_mask.png
cropped_00000011_5_1440_960.png,cropped_00000011_5_1440_960_mask.png
cropped_00000011_5_1440_480.png,cropped_00000011_5_1440_480_mask.png
cropped_00000011_5_1440_0.png,cropped_00000011_5_1440_0_mask.png
cropped_0001_label_QbCmZ2ce_1440_480.png,cropped_0001_label_QbCmZ2ce_1440_480_mask.png
cropped_0001_label_QbCmZ2ce_3360_2880.png,cropped_0001_label_QbCmZ2ce_3360_2880_mask.png
cropped_0001_label_QbCmZ2ce_1440_960.png,cropped_0001_label_QbCmZ2ce_1440_960_mask.png
cropped_0001_label_QbCmZ2ce_1440_2400.png,cropped_0001_label_QbCmZ2ce_1440_2400_mask.png
cropped_0001_label_QbCmZ2ce_480_480.png,cropped_0001_label_QbCmZ2ce_480_480_mask.png
cropped_0001_label_QbCmZ2ce_1920_0.png,cropped_0001_label_QbCmZ2ce_1920_0_mask.png
cropped_0001_label_QbCmZ2ce_960_2880.png,cropped_0001_label_QbCmZ2ce_960_2880_mask.png
cropped_0001_label_QbCmZ2ce_1440_1920.png,cropped_0001_label_QbCmZ2ce_1440_1920_mask.png
cropped_0001_label_QbCmZ2ce_1440_1440.png,cropped_0001_label_QbCmZ2ce_1440_1440_mask.png
cropped_0001_label_QbCmZ2ce_3360_1440.png,cropped_0001_label_QbCmZ2ce_3360_1440_mask.png
cropped_0001_label_QbCmZ2ce_3840_2400.png,cropped_0001_label_QbCmZ2ce_3840_2400_mask.png
cropped_0001_label_QbCmZ2ce_480_2400.png,cropped_0001_label_QbCmZ2ce_480_2400_mask.png
cropped_0001_label_QbCmZ2ce_1440_0.png,cropped_0001_label_QbCmZ2ce_1440_0_mask.png
cropped_0001_label_QbCmZ2ce_3840_2880.png,cropped_0001_label_QbCmZ2ce_3840_2880_mask.png
cropped_0001_label_QbCmZ2ce_480_0.png,cropped_0001_label_QbCmZ2ce_480_0_mask.png
cropped_0001_label_QbCmZ2ce_960_1440.png,cropped_0001_label_QbCmZ2ce_960_1440_mask.png
cropped_0001_label_QbCmZ2ce_480_1440.png,cropped_0001_label_QbCmZ2ce_480_1440_mask.png
cropped_0001_label_QbCmZ2ce_1920_2880.png,cropped_0001_label_QbCmZ2ce_1920_2880_mask.png
cropped_0001_label_QbCmZ2ce_3840_480.png,cropped_0001_label_QbCmZ2ce_3840_480_mask.png
cropped_0001_label_QbCmZ2ce_2400_480.png,cropped_0001_label_QbCmZ2ce_2400_480_mask.png
cropped_0009_label_PmivjAla_960_2400.png,cropped_0009_label_PmivjAla_960_2400_mask.png
cropped_0009_label_PmivjAla_2880_1440.png,cropped_0009_label_PmivjAla_2880_1440_mask.png
cropped_0009_label_PmivjAla_1440_1920.png,cropped_0009_label_PmivjAla_1440_1920_mask.png
cropped_0009_label_PmivjAla_3360_0.png,cropped_0009_label_PmivjAla_3360_0_mask.png
cropped_0009_label_PmivjAla_0_0.png,cropped_0009_label_PmivjAla_0_0_mask.png
cropped_0009_label_PmivjAla_1440_960.png,cropped_0009_label_PmivjAla_1440_960_mask.png
cropped_0009_label_PmivjAla_960_1440.png,cropped_0009_label_PmivjAla_960_1440_mask.png
cropped_0009_label_PmivjAla_1440_1440.png,cropped_0009_label_PmivjAla_1440_1440_mask.png
cropped_0009_label_PmivjAla_3840_2400.png,cropped_0009_label_PmivjAla_3840_2400_mask.png
cropped_0009_label_PmivjAla_0_2400.png,cropped_0009_label_PmivjAla_0_2400_mask.png
cropped_0009_label_PmivjAla_1920_1440.png,cropped_0009_label_PmivjAla_1920_1440_mask.png
cropped_0009_label_PmivjAla_960_480.png,cropped_0009_label_PmivjAla_960_480_mask.png
cropped_0009_label_PmivjAla_480_1440.png,cropped_0009_label_PmivjAla_480_1440_mask.png
cropped_0009_label_PmivjAla_1440_2880.png,cropped_0009_label_PmivjAla_1440_2880_mask.png
cropped_0009_label_PmivjAla_960_960.png,cropped_0009_label_PmivjAla_960_960_mask.png
cropped_0009_label_PmivjAla_3840_0.png,cropped_0009_label_PmivjAla_3840_0_mask.png
cropped_0009_label_PmivjAla_1440_2400.png,cropped_0009_label_PmivjAla_1440_2400_mask.png
cropped_0009_label_PmivjAla_960_1920.png,cropped_0009_label_PmivjAla_960_1920_mask.png
cropped_0009_label_PmivjAla_480_0.png,cropped_0009_label_PmivjAla_480_0_mask.png
cropped_0009_label_PmivjAla_2880_960.png,cropped_0009_label_PmivjAla_2880_960_mask.png
cropped_0009_label_PmivjAla_0_1440.png,cropped_0009_label_PmivjAla_0_1440_mask.png
cropped_0009_label_PmivjAla_3840_1920.png,cropped_0009_label_PmivjAla_3840_1920_mask.png
cropped_0009_label_PmivjAla_480_2880.png,cropped_0009_label_PmivjAla_480_2880_mask.png
cropped_0009_label_PmivjAla_2400_1440.png,cropped_0009_label_PmivjAla_2400_1440_mask.png
cropped_0008_label_lY40XnMe_1920_1440.png,cropped_0008_label_lY40XnMe_1920_1440_mask.png
cropped_0008_label_lY40XnMe_3840_1440.png,cropped_0008_label_lY40XnMe_3840_1440_mask.png
cropped_0008_label_lY40XnMe_1440_960.png,cropped_0008_label_lY40XnMe_1440_960_mask.png
cropped_0008_label_lY40XnMe_3840_2400.png,cropped_0008_label_lY40XnMe_3840_2400_mask.png
cropped_0008_label_lY40XnMe_1920_960.png,cropped_0008_label_lY40XnMe_1920_960_mask.png
cropped_0008_label_lY40XnMe_3840_960.png,cropped_0008_label_lY40XnMe_3840_960_mask.png
cropped_0008_label_lY40XnMe_2400_2400.png,cropped_0008_label_lY40XnMe_2400_2400_mask.png
cropped_0008_label_lY40XnMe_3360_960.png,cropped_0008_label_lY40XnMe_3360_960_mask.png
cropped_0008_label_lY40XnMe_0_960.png,cropped_0008_label_lY40XnMe_0_960_mask.png
cropped_0008_label_lY40XnMe_2880_2880.png,cropped_0008_label_lY40XnMe_2880_2880_mask.png
cropped_0008_label_lY40XnMe_3360_1920.png,cropped_0008_label_lY40XnMe_3360_1920_mask.png
cropped_0008_label_lY40XnMe_960_960.png,cropped_0008_label_lY40XnMe_960_960_mask.png
cropped_0008_label_lY40XnMe_2880_1440.png,cropped_0008_label_lY40XnMe_2880_1440_mask.png
cropped_0008_label_lY40XnMe_480_960.png,cropped_0008_label_lY40XnMe_480_960_mask.png
cropped_0008_label_lY40XnMe_2400_960.png,cropped_0008_label_lY40XnMe_2400_960_mask.png
cropped_0008_label_lY40XnMe_3360_1440.png,cropped_0008_label_lY40XnMe_3360_1440_mask.png
cropped_0008_label_lY40XnMe_1440_2400.png,cropped_0008_label_lY40XnMe_1440_2400_mask.png
cropped_0008_label_lY40XnMe_2880_960.png,cropped_0008_label_lY40XnMe_2880_960_mask.png
cropped_0008_label_lY40XnMe_1920_1920.png,cropped_0008_label_lY40XnMe_1920_1920_mask.png
cropped_0008_label_lY40XnMe_3840_1920.png,cropped_0008_label_lY40XnMe_3840_1920_mask.png
cropped_0008_label_lY40XnMe_1920_2880.png,cropped_0008_label_lY40XnMe_1920_2880_mask.png
cropped_0008_label_lY40XnMe_480_0.png,cropped_0008_label_lY40XnMe_480_0_mask.png
cropped_0008_label_lY40XnMe_2400_480.png,cropped_0008_label_lY40XnMe_2400_480_mask.png
cropped_0008_label_lY40XnMe_480_1440.png,cropped_0008_label_lY40XnMe_480_1440_mask.png
cropped_0008_label_lY40XnMe_1920_480.png,cropped_0008_label_lY40XnMe_1920_480_mask.png
cropped_0008_label_lY40XnMe_3840_2880.png,cropped_0008_label_lY40XnMe_3840_2880_mask.png
cropped_0004_label_tALCG3Yy_2400_0.png,cropped_0004_label_tALCG3Yy_2400_0_mask.png
cropped_0004_label_tALCG3Yy_960_1440.png,cropped_0004_label_tALCG3Yy_960_1440_mask.png
cropped_0004_label_tALCG3Yy_2400_1440.png,cropped_0004_label_tALCG3Yy_2400_1440_mask.png
cropped_0004_label_tALCG3Yy_3840_480.png,cropped_0004_label_tALCG3Yy_3840_480_mask.png
cropped_0004_label_tALCG3Yy_1440_960.png,cropped_0004_label_tALCG3Yy_1440_960_mask.png
cropped_0004_label_tALCG3Yy_480_0.png,cropped_0004_label_tALCG3Yy_480_0_mask.png
cropped_0004_label_tALCG3Yy_480_1440.png,cropped_0004_label_tALCG3Yy_480_1440_mask.png
cropped_0004_label_tALCG3Yy_2880_2400.png,cropped_0004_label_tALCG3Yy_2880_2400_mask.png
cropped_0004_label_tALCG3Yy_1920_2880.png,cropped_0004_label_tALCG3Yy_1920_2880_mask.png
cropped_0004_label_tALCG3Yy_2400_1920.png,cropped_0004_label_tALCG3Yy_2400_1920_mask.png
cropped_0004_label_tALCG3Yy_480_1920.png,cropped_0004_label_tALCG3Yy_480_1920_mask.png
cropped_0004_label_tALCG3Yy_1920_1440.png,cropped_0004_label_tALCG3Yy_1920_1440_mask.png
cropped_0004_label_tALCG3Yy_0_0.png,cropped_0004_label_tALCG3Yy_0_0_mask.png
cropped_0004_label_tALCG3Yy_0_1440.png,cropped_0004_label_tALCG3Yy_0_1440_mask.png
cropped_0004_label_tALCG3Yy_0_2880.png,cropped_0004_label_tALCG3Yy_0_2880_mask.png
cropped_0004_label_tALCG3Yy_1920_1920.png,cropped_0004_label_tALCG3Yy_1920_1920_mask.png
cropped_0004_label_tALCG3Yy_0_960.png,cropped_0004_label_tALCG3Yy_0_960_mask.png
cropped_0004_label_tALCG3Yy_3840_1440.png,cropped_0004_label_tALCG3Yy_3840_1440_mask.png
cropped_00000023_4_960_2880.png,cropped_00000023_4_960_2880_mask.png
cropped_00000023_4_0_2400.png,cropped_00000023_4_0_2400_mask.png
cropped_00000023_4_3360_480.png,cropped_00000023_4_3360_480_mask.png
cropped_00000023_4_2400_0.png,cropped_00000023_4_2400_0_mask.png
cropped_00000023_4_2880_480.png,cropped_00000023_4_2880_480_mask.png
cropped_00000023_4_1920_1440.png,cropped_00000023_4_1920_1440_mask.png
cropped_00000023_4_3840_480.png,cropped_00000023_4_3840_480_mask.png
cropped_00000023_4_1920_960.png,cropped_00000023_4_1920_960_mask.png
cropped_00000023_4_3360_2880.png,cropped_00000023_4_3360_2880_mask.png
cropped_00000023_4_2400_960.png,cropped_00000023_4_2400_960_mask.png
cropped_00000023_4_0_480.png,cropped_00000023_4_0_480_mask.png
cropped_00000023_4_3840_2880.png,cropped_00000023_4_3840_2880_mask.png
cropped_00000023_4_2880_2400.png,cropped_00000023_4_2880_2400_mask.png
cropped_00000023_4_2880_1920.png,cropped_00000023_4_2880_1920_mask.png
cropped_00000001_8_0_480.png,cropped_00000001_8_0_480_mask.png
cropped_00000001_8_2880_1920.png,cropped_00000001_8_2880_1920_mask.png
cropped_00000001_8_960_2880.png,cropped_00000001_8_960_2880_mask.png
cropped_00000001_8_2400_1920.png,cropped_00000001_8_2400_1920_mask.png
cropped_00000001_8_3840_0.png,cropped_00000001_8_3840_0_mask.png
cropped_00000001_8_3360_1440.png,cropped_00000001_8_3360_1440_mask.png
cropped_00000001_8_1440_2880.png,cropped_00000001_8_1440_2880_mask.png
cropped_00000001_8_1920_0.png,cropped_00000001_8_1920_0_mask.png
cropped_00000001_8_1440_2400.png,cropped_00000001_8_1440_2400_mask.png
cropped_00000001_8_2880_1440.png,cropped_00000001_8_2880_1440_mask.png
cropped_00000001_8_3840_1920.png,cropped_00000001_8_3840_1920_mask.png
cropped_00000001_8_2880_960.png,cropped_00000001_8_2880_960_mask.png
cropped_00000001_8_1920_1920.png,cropped_00000001_8_1920_1920_mask.png
cropped_00000001_8_1920_480.png,cropped_00000001_8_1920_480_mask.png
cropped_00000001_8_480_1440.png,cropped_00000001_8_480_1440_mask.png
cropped_00000001_8_2400_480.png,cropped_00000001_8_2400_480_mask.png
cropped_00000001_8_0_1440.png,cropped_00000001_8_0_1440_mask.png
cropped_00000001_8_2400_2880.png,cropped_00000001_8_2400_2880_mask.png
cropped_00000001_8_1920_2400.png,cropped_00000001_8_1920_2400_mask.png
cropped_00000001_8_2880_0.png,cropped_00000001_8_2880_0_mask.png
cropped_00000001_8_2400_960.png,cropped_00000001_8_2400_960_mask.png
cropped_00000001_8_3360_2880.png,cropped_00000001_8_3360_2880_mask.png
cropped_00000001_8_3360_1920.png,cropped_00000001_8_3360_1920_mask.png
cropped_00000020_2_0_960.png,cropped_00000020_2_0_960_mask.png
cropped_00000020_2_2880_2400.png,cropped_00000020_2_2880_2400_mask.png
cropped_00000020_2_3360_0.png,cropped_00000020_2_3360_0_mask.png
cropped_00000020_2_480_960.png,cropped_00000020_2_480_960_mask.png
cropped_00000020_2_2880_1920.png,cropped_00000020_2_2880_1920_mask.png
cropped_00000020_2_960_960.png,cropped_00000020_2_960_960_mask.png
cropped_00000020_2_3840_480.png,cropped_00000020_2_3840_480_mask.png
cropped_00000020_2_1920_960.png,cropped_00000020_2_1920_960_mask.png
cropped_00000020_2_1440_2400.png,cropped_00000020_2_1440_2400_mask.png
cropped_00000020_2_960_2880.png,cropped_00000020_2_960_2880_mask.png
cropped_00000020_2_960_1440.png,cropped_00000020_2_960_1440_mask.png
cropped_00000020_2_960_1920.png,cropped_00000020_2_960_1920_mask.png
cropped_00000020_2_3360_2880.png,cropped_00000020_2_3360_2880_mask.png
cropped_00000020_2_480_2400.png,cropped_00000020_2_480_2400_mask.png
cropped_00000002_2_0_2400.png,cropped_00000002_2_0_2400_mask.png
cropped_00000002_2_1440_1920.png,cropped_00000002_2_1440_1920_mask.png
cropped_00000002_2_1920_0.png,cropped_00000002_2_1920_0_mask.png
cropped_00000002_2_960_1440.png,cropped_00000002_2_960_1440_mask.png
cropped_00000002_2_1440_1440.png,cropped_00000002_2_1440_1440_mask.png
cropped_00000002_2_2400_1920.png,cropped_00000002_2_2400_1920_mask.png
cropped_00000002_2_960_0.png,cropped_00000002_2_960_0_mask.png
cropped_00000002_2_1920_960.png,cropped_00000002_2_1920_960_mask.png
cropped_00000002_2_480_480.png,cropped_00000002_2_480_480_mask.png
cropped_00000002_2_480_2400.png,cropped_00000002_2_480_2400_mask.png
cropped_00000002_2_1440_960.png,cropped_00000002_2_1440_960_mask.png
cropped_00000002_2_2400_2400.png,cropped_00000002_2_2400_2400_mask.png
cropped_00000002_2_3360_1440.png,cropped_00000002_2_3360_1440_mask.png
cropped_00000002_2_2400_960.png,cropped_00000002_2_2400_960_mask.png
cropped_00000002_2_1440_0.png,cropped_00000002_2_1440_0_mask.png
cropped_00000002_2_1440_480.png,cropped_00000002_2_1440_480_mask.png
cropped_00000101_3360_960.png,cropped_00000101_3360_960_mask.png
cropped_00000101_960_960.png,cropped_00000101_960_960_mask.png
cropped_00000101_480_1920.png,cropped_00000101_480_1920_mask.png
cropped_00000101_3360_480.png,cropped_00000101_3360_480_mask.png
cropped_00000101_960_1440.png,cropped_00000101_960_1440_mask.png
cropped_00000101_960_0.png,cropped_00000101_960_0_mask.png
cropped_00000101_3360_2400.png,cropped_00000101_3360_2400_mask.png
cropped_00000101_3840_1920.png,cropped_00000101_3840_1920_mask.png
cropped_00000101_1920_2880.png,cropped_00000101_1920_2880_mask.png
cropped_00000101_960_2400.png,cropped_00000101_960_2400_mask.png
cropped_00000101_960_1920.png,cropped_00000101_960_1920_mask.png
cropped_00000101_1920_0.png,cropped_00000101_1920_0_mask.png
cropped_00000101_1440_1440.png,cropped_00000101_1440_1440_mask.png
cropped_00000044_2_2400_1920.png,cropped_00000044_2_2400_1920_mask.png
cropped_00000044_2_2400_2880.png,cropped_00000044_2_2400_2880_mask.png
cropped_00000044_2_960_0.png,cropped_00000044_2_960_0_mask.png
cropped_00000044_2_3360_960.png,cropped_00000044_2_3360_960_mask.png
cropped_00000044_2_2880_2400.png,cropped_00000044_2_2880_2400_mask.png
cropped_00000044_2_0_0.png,cropped_00000044_2_0_0_mask.png
cropped_00000044_2_2400_960.png,cropped_00000044_2_2400_960_mask.png
cropped_00000044_2_2880_1440.png,cropped_00000044_2_2880_1440_mask.png
cropped_00000044_2_3360_1920.png,cropped_00000044_2_3360_1920_mask.png
cropped_00000044_2_0_2400.png,cropped_00000044_2_0_2400_mask.png
cropped_00000044_2_2880_0.png,cropped_00000044_2_2880_0_mask.png
cropped_00000044_2_1440_2880.png,cropped_00000044_2_1440_2880_mask.png
cropped_00000044_2_1920_960.png,cropped_00000044_2_1920_960_mask.png
cropped_00000044_2_3360_1440.png,cropped_00000044_2_3360_1440_mask.png
cropped_00000044_2_0_2880.png,cropped_00000044_2_0_2880_mask.png
cropped_00000044_2_480_1920.png,cropped_00000044_2_480_1920_mask.png
cropped_00000044_2_1920_480.png,cropped_00000044_2_1920_480_mask.png
cropped_00000044_2_2880_480.png,cropped_00000044_2_2880_480_mask.png
cropped_00000044_2_3360_2880.png,cropped_00000044_2_3360_2880_mask.png
cropped_00000044_2_3840_0.png,cropped_00000044_2_3840_0_mask.png
cropped_00000044_2_0_480.png,cropped_00000044_2_0_480_mask.png
cropped_0016_label_G2fWPEgz_0_2880.png,cropped_0016_label_G2fWPEgz_0_2880_mask.png
cropped_0016_label_G2fWPEgz_2400_960.png,cropped_0016_label_G2fWPEgz_2400_960_mask.png
cropped_0016_label_G2fWPEgz_2400_0.png,cropped_0016_label_G2fWPEgz_2400_0_mask.png
cropped_0016_label_G2fWPEgz_960_2400.png,cropped_0016_label_G2fWPEgz_960_2400_mask.png
cropped_0016_label_G2fWPEgz_2880_2880.png,cropped_0016_label_G2fWPEgz_2880_2880_mask.png
cropped_0016_label_G2fWPEgz_480_1440.png,cropped_0016_label_G2fWPEgz_480_1440_mask.png
cropped_0016_label_G2fWPEgz_1440_0.png,cropped_0016_label_G2fWPEgz_1440_0_mask.png
cropped_0016_label_G2fWPEgz_3360_2400.png,cropped_0016_label_G2fWPEgz_3360_2400_mask.png
cropped_0016_label_G2fWPEgz_960_0.png,cropped_0016_label_G2fWPEgz_960_0_mask.png
cropped_0016_label_G2fWPEgz_960_1440.png,cropped_0016_label_G2fWPEgz_960_1440_mask.png
cropped_0016_label_G2fWPEgz_0_0.png,cropped_0016_label_G2fWPEgz_0_0_mask.png
cropped_0016_label_G2fWPEgz_960_480.png,cropped_0016_label_G2fWPEgz_960_480_mask.png
cropped_0016_label_G2fWPEgz_1440_2880.png,cropped_0016_label_G2fWPEgz_1440_2880_mask.png
cropped_0016_label_G2fWPEgz_1920_480.png,cropped_0016_label_G2fWPEgz_1920_480_mask.png
cropped_0016_label_G2fWPEgz_2400_480.png,cropped_0016_label_G2fWPEgz_2400_480_mask.png
cropped_0016_label_G2fWPEgz_2400_2880.png,cropped_0016_label_G2fWPEgz_2400_2880_mask.png
cropped_0016_label_G2fWPEgz_3840_2400.png,cropped_0016_label_G2fWPEgz_3840_2400_mask.png
cropped_0016_label_G2fWPEgz_2880_960.png,cropped_0016_label_G2fWPEgz_2880_960_mask.png
cropped_0016_label_G2fWPEgz_0_2400.png,cropped_0016_label_G2fWPEgz_0_2400_mask.png
cropped_0016_label_G2fWPEgz_1920_960.png,cropped_0016_label_G2fWPEgz_1920_960_mask.png
cropped_00000039_5_2400_0.png,cropped_00000039_5_2400_0_mask.png
cropped_00000039_5_2880_2400.png,cropped_00000039_5_2880_2400_mask.png
cropped_00000039_5_2400_2400.png,cropped_00000039_5_2400_2400_mask.png
cropped_00000039_5_2880_0.png,cropped_00000039_5_2880_0_mask.png
cropped_00000039_5_960_960.png,cropped_00000039_5_960_960_mask.png
cropped_00000039_5_3360_2880.png,cropped_00000039_5_3360_2880_mask.png
cropped_00000039_5_3840_0.png,cropped_00000039_5_3840_0_mask.png
cropped_00000039_5_3360_480.png,cropped_00000039_5_3360_480_mask.png
cropped_00000039_5_480_960.png,cropped_00000039_5_480_960_mask.png
cropped_00000039_5_3360_0.png,cropped_00000039_5_3360_0_mask.png
cropped_00000039_5_1920_960.png,cropped_00000039_5_1920_960_mask.png
cropped_00000039_5_1440_480.png,cropped_00000039_5_1440_480_mask.png
cropped_00000039_5_3360_2400.png,cropped_00000039_5_3360_2400_mask.png
cropped_00000039_5_2880_1440.png,cropped_00000039_5_2880_1440_mask.png
cropped_00000039_5_3360_1920.png,cropped_00000039_5_3360_1920_mask.png
cropped_00000039_5_2400_960.png,cropped_00000039_5_2400_960_mask.png
cropped_00000039_5_1440_1920.png,cropped_00000039_5_1440_1920_mask.png
cropped_00000039_5_1440_960.png,cropped_00000039_5_1440_960_mask.png
cropped_00000039_5_3840_480.png,cropped_00000039_5_3840_480_mask.png
cropped_00000039_5_480_0.png,cropped_00000039_5_480_0_mask.png
cropped_00000039_5_2880_960.png,cropped_00000039_5_2880_960_mask.png
cropped_0006_label_BRxm2MyU_3360_960.png,cropped_0006_label_BRxm2MyU_3360_960_mask.png
cropped_0006_label_BRxm2MyU_1440_480.png,cropped_0006_label_BRxm2MyU_1440_480_mask.png
cropped_0006_label_BRxm2MyU_960_0.png,cropped_0006_label_BRxm2MyU_960_0_mask.png
cropped_0006_label_BRxm2MyU_2400_0.png,cropped_0006_label_BRxm2MyU_2400_0_mask.png
cropped_0006_label_BRxm2MyU_960_960.png,cropped_0006_label_BRxm2MyU_960_960_mask.png
cropped_0006_label_BRxm2MyU_3360_1920.png,cropped_0006_label_BRxm2MyU_3360_1920_mask.png
cropped_0006_label_BRxm2MyU_0_480.png,cropped_0006_label_BRxm2MyU_0_480_mask.png
cropped_0006_label_BRxm2MyU_3840_2400.png,cropped_0006_label_BRxm2MyU_3840_2400_mask.png
cropped_0006_label_BRxm2MyU_480_1440.png,cropped_0006_label_BRxm2MyU_480_1440_mask.png
cropped_0006_label_BRxm2MyU_480_0.png,cropped_0006_label_BRxm2MyU_480_0_mask.png
cropped_0006_label_BRxm2MyU_1920_0.png,cropped_0006_label_BRxm2MyU_1920_0_mask.png
cropped_0006_label_BRxm2MyU_960_1440.png,cropped_0006_label_BRxm2MyU_960_1440_mask.png
cropped_0006_label_BRxm2MyU_2400_960.png,cropped_0006_label_BRxm2MyU_2400_960_mask.png
cropped_0006_label_BRxm2MyU_2400_480.png,cropped_0006_label_BRxm2MyU_2400_480_mask.png
cropped_0006_label_BRxm2MyU_2400_1920.png,cropped_0006_label_BRxm2MyU_2400_1920_mask.png
cropped_0006_label_BRxm2MyU_0_2400.png,cropped_0006_label_BRxm2MyU_0_2400_mask.png
cropped_0006_label_BRxm2MyU_1440_960.png,cropped_0006_label_BRxm2MyU_1440_960_mask.png
cropped_0006_label_BRxm2MyU_2400_2880.png,cropped_0006_label_BRxm2MyU_2400_2880_mask.png
cropped_0006_label_BRxm2MyU_3360_2400.png,cropped_0006_label_BRxm2MyU_3360_2400_mask.png
cropped_0006_label_BRxm2MyU_960_480.png,cropped_0006_label_BRxm2MyU_960_480_mask.png
cropped_0006_label_BRxm2MyU_1440_2880.png,cropped_0006_label_BRxm2MyU_1440_2880_mask.png
cropped_0006_label_BRxm2MyU_1440_0.png,cropped_0006_label_BRxm2MyU_1440_0_mask.png
cropped_00000006_2_2880_960.png,cropped_00000006_2_2880_960_mask.png
cropped_00000006_2_960_2880.png,cropped_00000006_2_960_2880_mask.png
cropped_00000006_2_3360_0.png,cropped_00000006_2_3360_0_mask.png
cropped_00000006_2_0_1440.png,cropped_00000006_2_0_1440_mask.png
cropped_00000006_2_0_2880.png,cropped_00000006_2_0_2880_mask.png
cropped_00000006_2_1440_2880.png,cropped_00000006_2_1440_2880_mask.png
cropped_00000006_2_1920_960.png,cropped_00000006_2_1920_960_mask.png
cropped_00000006_2_480_2400.png,cropped_00000006_2_480_2400_mask.png
cropped_00000006_2_480_2880.png,cropped_00000006_2_480_2880_mask.png
cropped_00000006_2_1440_2400.png,cropped_00000006_2_1440_2400_mask.png
cropped_00000006_2_1920_1920.png,cropped_00000006_2_1920_1920_mask.png
cropped_00000006_2_2880_0.png,cropped_00000006_2_2880_0_mask.png
cropped_00000006_2_480_1920.png,cropped_00000006_2_480_1920_mask.png
cropped_00000006_2_0_480.png,cropped_00000006_2_0_480_mask.png
cropped_00000006_2_1440_1440.png,cropped_00000006_2_1440_1440_mask.png
cropped_00000006_2_480_960.png,cropped_00000006_2_480_960_mask.png
cropped_00000006_2_0_2400.png,cropped_00000006_2_0_2400_mask.png
cropped_00000006_2_3840_1440.png,cropped_00000006_2_3840_1440_mask.png
cropped_00000006_2_960_1920.png,cropped_00000006_2_960_1920_mask.png
cropped_00000006_2_960_1440.png,cropped_00000006_2_960_1440_mask.png
cropped_00000006_2_1440_960.png,cropped_00000006_2_1440_960_mask.png
cropped_00000006_2_1920_480.png,cropped_00000006_2_1920_480_mask.png
cropped_0017_label_ckrYP90D_1440_1440.png,cropped_0017_label_ckrYP90D_1440_1440_mask.png
cropped_0017_label_ckrYP90D_2880_960.png,cropped_0017_label_ckrYP90D_2880_960_mask.png
cropped_0017_label_ckrYP90D_480_2880.png,cropped_0017_label_ckrYP90D_480_2880_mask.png
cropped_0017_label_ckrYP90D_2400_0.png,cropped_0017_label_ckrYP90D_2400_0_mask.png
cropped_0017_label_ckrYP90D_2880_2400.png,cropped_0017_label_ckrYP90D_2880_2400_mask.png
cropped_0017_label_ckrYP90D_1920_1440.png,cropped_0017_label_ckrYP90D_1920_1440_mask.png
cropped_0017_label_ckrYP90D_3840_2400.png,cropped_0017_label_ckrYP90D_3840_2400_mask.png
cropped_0017_label_ckrYP90D_1920_960.png,cropped_0017_label_ckrYP90D_1920_960_mask.png
cropped_0017_label_ckrYP90D_1440_2400.png,cropped_0017_label_ckrYP90D_1440_2400_mask.png
cropped_0017_label_ckrYP90D_1440_960.png,cropped_0017_label_ckrYP90D_1440_960_mask.png
cropped_0017_label_ckrYP90D_960_1440.png,cropped_0017_label_ckrYP90D_960_1440_mask.png
cropped_0017_label_ckrYP90D_480_1440.png,cropped_0017_label_ckrYP90D_480_1440_mask.png
cropped_0017_label_ckrYP90D_2880_1920.png,cropped_0017_label_ckrYP90D_2880_1920_mask.png
cropped_0017_label_ckrYP90D_960_960.png,cropped_0017_label_ckrYP90D_960_960_mask.png
cropped_0017_label_ckrYP90D_480_2400.png,cropped_0017_label_ckrYP90D_480_2400_mask.png
cropped_0017_label_ckrYP90D_2400_1440.png,cropped_0017_label_ckrYP90D_2400_1440_mask.png
cropped_0017_label_ckrYP90D_960_1920.png,cropped_0017_label_ckrYP90D_960_1920_mask.png
cropped_0017_label_ckrYP90D_1920_0.png,cropped_0017_label_ckrYP90D_1920_0_mask.png
cropped_0017_label_ckrYP90D_3840_1920.png,cropped_0017_label_ckrYP90D_3840_1920_mask.png
cropped_0014_label_iGFOdcQt_960_1920.png,cropped_0014_label_iGFOdcQt_960_1920_mask.png
cropped_0014_label_iGFOdcQt_0_2400.png,cropped_0014_label_iGFOdcQt_0_2400_mask.png
cropped_0014_label_iGFOdcQt_480_2400.png,cropped_0014_label_iGFOdcQt_480_2400_mask.png
cropped_0014_label_iGFOdcQt_0_0.png,cropped_0014_label_iGFOdcQt_0_0_mask.png
cropped_0014_label_iGFOdcQt_3840_0.png,cropped_0014_label_iGFOdcQt_3840_0_mask.png
cropped_0014_label_iGFOdcQt_3840_2400.png,cropped_0014_label_iGFOdcQt_3840_2400_mask.png
cropped_0014_label_iGFOdcQt_1440_480.png,cropped_0014_label_iGFOdcQt_1440_480_mask.png
cropped_0014_label_iGFOdcQt_2880_960.png,cropped_0014_label_iGFOdcQt_2880_960_mask.png
cropped_0014_label_iGFOdcQt_2400_2880.png,cropped_0014_label_iGFOdcQt_2400_2880_mask.png
cropped_0014_label_iGFOdcQt_480_2880.png,cropped_0014_label_iGFOdcQt_480_2880_mask.png
cropped_0014_label_iGFOdcQt_2400_0.png,cropped_0014_label_iGFOdcQt_2400_0_mask.png
cropped_0014_label_iGFOdcQt_480_1440.png,cropped_0014_label_iGFOdcQt_480_1440_mask.png
cropped_0014_label_iGFOdcQt_0_480.png,cropped_0014_label_iGFOdcQt_0_480_mask.png
cropped_0014_label_iGFOdcQt_0_960.png,cropped_0014_label_iGFOdcQt_0_960_mask.png
cropped_0014_label_iGFOdcQt_3840_480.png,cropped_0014_label_iGFOdcQt_3840_480_mask.png
cropped_0014_label_iGFOdcQt_960_0.png,cropped_0014_label_iGFOdcQt_960_0_mask.png
cropped_00000032_1440_1920.png,cropped_00000032_1440_1920_mask.png
cropped_00000032_480_480.png,cropped_00000032_480_480_mask.png
cropped_00000032_3840_480.png,cropped_00000032_3840_480_mask.png
cropped_00000032_3360_0.png,cropped_00000032_3360_0_mask.png
cropped_00000032_2880_480.png,cropped_00000032_2880_480_mask.png
cropped_00000032_960_1920.png,cropped_00000032_960_1920_mask.png
cropped_00000032_480_1920.png,cropped_00000032_480_1920_mask.png
cropped_00000032_1920_1920.png,cropped_00000032_1920_1920_mask.png
cropped_00000032_3840_0.png,cropped_00000032_3840_0_mask.png
cropped_00000032_480_960.png,cropped_00000032_480_960_mask.png
cropped_00000032_1920_1440.png,cropped_00000032_1920_1440_mask.png
cropped_00000032_1440_2880.png,cropped_00000032_1440_2880_mask.png
cropped_00000032_0_2880.png,cropped_00000032_0_2880_mask.png
cropped_00000032_1920_2880.png,cropped_00000032_1920_2880_mask.png
cropped_00000032_3360_480.png,cropped_00000032_3360_480_mask.png
cropped_00000032_2400_1440.png,cropped_00000032_2400_1440_mask.png
cropped_00000032_1440_2400.png,cropped_00000032_1440_2400_mask.png
cropped_00000032_480_2400.png,cropped_00000032_480_2400_mask.png
cropped_00000032_2880_1440.png,cropped_00000032_2880_1440_mask.png
cropped_00000032_2880_960.png,cropped_00000032_2880_960_mask.png
cropped_00000032_1920_960.png,cropped_00000032_1920_960_mask.png
cropped_00000032_2400_480.png,cropped_00000032_2400_480_mask.png
cropped_00000032_0_0.png,cropped_00000032_0_0_mask.png
cropped_0002_label_5YuL3VcR_3360_2880.png,cropped_0002_label_5YuL3VcR_3360_2880_mask.png
cropped_0002_label_5YuL3VcR_3360_480.png,cropped_0002_label_5YuL3VcR_3360_480_mask.png
cropped_0002_label_5YuL3VcR_960_2880.png,cropped_0002_label_5YuL3VcR_960_2880_mask.png
cropped_0002_label_5YuL3VcR_1920_960.png,cropped_0002_label_5YuL3VcR_1920_960_mask.png
cropped_0002_label_5YuL3VcR_2880_2400.png,cropped_0002_label_5YuL3VcR_2880_2400_mask.png
cropped_0002_label_5YuL3VcR_0_1440.png,cropped_0002_label_5YuL3VcR_0_1440_mask.png
cropped_0002_label_5YuL3VcR_0_480.png,cropped_0002_label_5YuL3VcR_0_480_mask.png
cropped_0002_label_5YuL3VcR_0_960.png,cropped_0002_label_5YuL3VcR_0_960_mask.png
cropped_0002_label_5YuL3VcR_1920_0.png,cropped_0002_label_5YuL3VcR_1920_0_mask.png
cropped_0002_label_5YuL3VcR_2880_2880.png,cropped_0002_label_5YuL3VcR_2880_2880_mask.png
cropped_0002_label_5YuL3VcR_2400_1920.png,cropped_0002_label_5YuL3VcR_2400_1920_mask.png
cropped_0002_label_5YuL3VcR_480_2880.png,cropped_0002_label_5YuL3VcR_480_2880_mask.png
cropped_0002_label_5YuL3VcR_2400_960.png,cropped_0002_label_5YuL3VcR_2400_960_mask.png
cropped_0002_label_5YuL3VcR_2400_2880.png,cropped_0002_label_5YuL3VcR_2400_2880_mask.png
cropped_0002_label_5YuL3VcR_2400_0.png,cropped_0002_label_5YuL3VcR_2400_0_mask.png
cropped_0002_label_5YuL3VcR_3840_2400.png,cropped_0002_label_5YuL3VcR_3840_2400_mask.png
cropped_00000031_4_3840_2880.png,cropped_00000031_4_3840_2880_mask.png
cropped_00000031_4_3360_1920.png,cropped_00000031_4_3360_1920_mask.png
cropped_00000031_4_1920_1920.png,cropped_00000031_4_1920_1920_mask.png
cropped_00000031_4_1440_960.png,cropped_00000031_4_1440_960_mask.png
cropped_00000031_4_2880_2880.png,cropped_00000031_4_2880_2880_mask.png
cropped_00000031_4_1440_0.png,cropped_00000031_4_1440_0_mask.png
cropped_00000031_4_3360_1440.png,cropped_00000031_4_3360_1440_mask.png
cropped_00000031_4_2880_480.png,cropped_00000031_4_2880_480_mask.png
cropped_00000031_4_1920_1440.png,cropped_00000031_4_1920_1440_mask.png
cropped_00000031_4_1440_1920.png,cropped_00000031_4_1440_1920_mask.png
cropped_00000031_4_3840_1440.png,cropped_00000031_4_3840_1440_mask.png
cropped_00000031_4_1440_1440.png,cropped_00000031_4_1440_1440_mask.png
cropped_00000031_4_1920_0.png,cropped_00000031_4_1920_0_mask.png
cropped_00000031_4_2400_1920.png,cropped_00000031_4_2400_1920_mask.png
cropped_00000031_4_3360_0.png,cropped_00000031_4_3360_0_mask.png
cropped_00000031_4_480_1920.png,cropped_00000031_4_480_1920_mask.png
cropped_00000031_4_1920_960.png,cropped_00000031_4_1920_960_mask.png
cropped_00000031_4_960_1920.png,cropped_00000031_4_960_1920_mask.png
cropped_0003_label_TNURd9tv_480_960.png,cropped_0003_label_TNURd9tv_480_960_mask.png
cropped_0003_label_TNURd9tv_1920_960.png,cropped_0003_label_TNURd9tv_1920_960_mask.png
cropped_0003_label_TNURd9tv_1440_480.png,cropped_0003_label_TNURd9tv_1440_480_mask.png
cropped_0003_label_TNURd9tv_1440_960.png,cropped_0003_label_TNURd9tv_1440_960_mask.png
cropped_0003_label_TNURd9tv_480_480.png,cropped_0003_label_TNURd9tv_480_480_mask.png
cropped_0003_label_TNURd9tv_3840_2400.png,cropped_0003_label_TNURd9tv_3840_2400_mask.png
cropped_0003_label_TNURd9tv_0_1440.png,cropped_0003_label_TNURd9tv_0_1440_mask.png
cropped_0003_label_TNURd9tv_3360_1920.png,cropped_0003_label_TNURd9tv_3360_1920_mask.png
cropped_0003_label_TNURd9tv_960_1920.png,cropped_0003_label_TNURd9tv_960_1920_mask.png
cropped_0003_label_TNURd9tv_3840_960.png,cropped_0003_label_TNURd9tv_3840_960_mask.png
cropped_0003_label_TNURd9tv_2880_960.png,cropped_0003_label_TNURd9tv_2880_960_mask.png
cropped_0003_label_TNURd9tv_960_480.png,cropped_0003_label_TNURd9tv_960_480_mask.png
cropped_0003_label_TNURd9tv_0_2880.png,cropped_0003_label_TNURd9tv_0_2880_mask.png
cropped_0003_label_TNURd9tv_1440_0.png,cropped_0003_label_TNURd9tv_1440_0_mask.png
cropped_0003_label_TNURd9tv_3840_480.png,cropped_0003_label_TNURd9tv_3840_480_mask.png
cropped_0003_label_TNURd9tv_1920_0.png,cropped_0003_label_TNURd9tv_1920_0_mask.png
cropped_0003_label_TNURd9tv_0_960.png,cropped_0003_label_TNURd9tv_0_960_mask.png
cropped_0003_label_TNURd9tv_3360_480.png,cropped_0003_label_TNURd9tv_3360_480_mask.png
cropped_0003_label_TNURd9tv_480_1440.png,cropped_0003_label_TNURd9tv_480_1440_mask.png
cropped_0004_label_1XDZxhBC_3360_2880.png,cropped_0004_label_1XDZxhBC_3360_2880_mask.png
cropped_0004_label_1XDZxhBC_960_1920.png,cropped_0004_label_1XDZxhBC_960_1920_mask.png
cropped_0004_label_1XDZxhBC_960_960.png,cropped_0004_label_1XDZxhBC_960_960_mask.png
cropped_0004_label_1XDZxhBC_480_1920.png,cropped_0004_label_1XDZxhBC_480_1920_mask.png
cropped_0004_label_1XDZxhBC_960_480.png,cropped_0004_label_1XDZxhBC_960_480_mask.png
cropped_0004_label_1XDZxhBC_2400_0.png,cropped_0004_label_1XDZxhBC_2400_0_mask.png
cropped_0004_label_1XDZxhBC_1920_2400.png,cropped_0004_label_1XDZxhBC_1920_2400_mask.png
cropped_0004_label_1XDZxhBC_2400_480.png,cropped_0004_label_1XDZxhBC_2400_480_mask.png
cropped_0004_label_1XDZxhBC_1920_960.png,cropped_0004_label_1XDZxhBC_1920_960_mask.png
cropped_0004_label_1XDZxhBC_2400_960.png,cropped_0004_label_1XDZxhBC_2400_960_mask.png
cropped_0004_label_1XDZxhBC_3840_480.png,cropped_0004_label_1XDZxhBC_3840_480_mask.png
cropped_0004_label_1XDZxhBC_3840_0.png,cropped_0004_label_1XDZxhBC_3840_0_mask.png
cropped_0004_label_1XDZxhBC_1920_1440.png,cropped_0004_label_1XDZxhBC_1920_1440_mask.png
cropped_0004_label_1XDZxhBC_0_1920.png,cropped_0004_label_1XDZxhBC_0_1920_mask.png
cropped_0004_label_1XDZxhBC_2400_1440.png,cropped_0004_label_1XDZxhBC_2400_1440_mask.png
cropped_0004_label_1XDZxhBC_3360_1920.png,cropped_0004_label_1XDZxhBC_3360_1920_mask.png
cropped_0004_label_1XDZxhBC_0_1440.png,cropped_0004_label_1XDZxhBC_0_1440_mask.png
cropped_0004_label_1XDZxhBC_1440_2880.png,cropped_0004_label_1XDZxhBC_1440_2880_mask.png
cropped_0004_label_1XDZxhBC_2880_480.png,cropped_0004_label_1XDZxhBC_2880_480_mask.png
cropped_0014_label_ckrYP90D_3840_480.png,cropped_0014_label_ckrYP90D_3840_480_mask.png
cropped_0014_label_ckrYP90D_2400_2880.png,cropped_0014_label_ckrYP90D_2400_2880_mask.png
cropped_0014_label_ckrYP90D_480_480.png,cropped_0014_label_ckrYP90D_480_480_mask.png
cropped_0014_label_ckrYP90D_1920_1920.png,cropped_0014_label_ckrYP90D_1920_1920_mask.png
cropped_0014_label_ckrYP90D_2400_1920.png,cropped_0014_label_ckrYP90D_2400_1920_mask.png
cropped_0014_label_ckrYP90D_3360_1920.png,cropped_0014_label_ckrYP90D_3360_1920_mask.png
cropped_0014_label_ckrYP90D_1440_960.png,cropped_0014_label_ckrYP90D_1440_960_mask.png
cropped_0014_label_ckrYP90D_1440_1440.png,cropped_0014_label_ckrYP90D_1440_1440_mask.png
cropped_0014_label_ckrYP90D_1920_1440.png,cropped_0014_label_ckrYP90D_1920_1440_mask.png
cropped_0014_label_ckrYP90D_0_0.png,cropped_0014_label_ckrYP90D_0_0_mask.png
cropped_0014_label_ckrYP90D_1440_0.png,cropped_0014_label_ckrYP90D_1440_0_mask.png
cropped_0014_label_ckrYP90D_2880_0.png,cropped_0014_label_ckrYP90D_2880_0_mask.png
cropped_0014_label_ckrYP90D_2880_480.png,cropped_0014_label_ckrYP90D_2880_480_mask.png
cropped_0014_label_ckrYP90D_1440_480.png,cropped_0014_label_ckrYP90D_1440_480_mask.png
cropped_0014_label_ckrYP90D_3360_2400.png,cropped_0014_label_ckrYP90D_3360_2400_mask.png
cropped_0014_label_ckrYP90D_2880_1440.png,cropped_0014_label_ckrYP90D_2880_1440_mask.png
cropped_0014_label_ckrYP90D_480_0.png,cropped_0014_label_ckrYP90D_480_0_mask.png
cropped_0014_label_ckrYP90D_960_1440.png,cropped_0014_label_ckrYP90D_960_1440_mask.png
cropped_0014_label_ckrYP90D_0_2880.png,cropped_0014_label_ckrYP90D_0_2880_mask.png
cropped_0014_label_ckrYP90D_2880_2400.png,cropped_0014_label_ckrYP90D_2880_2400_mask.png
cropped_0014_label_ckrYP90D_3840_2400.png,cropped_0014_label_ckrYP90D_3840_2400_mask.png
cropped_0014_label_ckrYP90D_2880_1920.png,cropped_0014_label_ckrYP90D_2880_1920_mask.png
cropped_0014_label_ckrYP90D_1440_1920.png,cropped_0014_label_ckrYP90D_1440_1920_mask.png
cropped_0014_label_ckrYP90D_2880_2880.png,cropped_0014_label_ckrYP90D_2880_2880_mask.png
cropped_0014_label_ckrYP90D_0_2400.png,cropped_0014_label_ckrYP90D_0_2400_mask.png
cropped_0014_label_ckrYP90D_3360_0.png,cropped_0014_label_ckrYP90D_3360_0_mask.png
cropped_0014_label_ckrYP90D_1920_0.png,cropped_0014_label_ckrYP90D_1920_0_mask.png
cropped_0014_label_ckrYP90D_480_1920.png,cropped_0014_label_ckrYP90D_480_1920_mask.png
cropped_0014_label_ckrYP90D_3360_960.png,cropped_0014_label_ckrYP90D_3360_960_mask.png
cropped_0014_label_ckrYP90D_3360_2880.png,cropped_0014_label_ckrYP90D_3360_2880_mask.png
cropped_0014_label_ckrYP90D_1920_960.png,cropped_0014_label_ckrYP90D_1920_960_mask.png
cropped_0014_label_ckrYP90D_3360_480.png,cropped_0014_label_ckrYP90D_3360_480_mask.png
cropped_0006_label_WgYVYe3Q_3360_1920.png,cropped_0006_label_WgYVYe3Q_3360_1920_mask.png
cropped_0006_label_WgYVYe3Q_2880_1440.png,cropped_0006_label_WgYVYe3Q_2880_1440_mask.png
cropped_0006_label_WgYVYe3Q_2400_0.png,cropped_0006_label_WgYVYe3Q_2400_0_mask.png
cropped_0006_label_WgYVYe3Q_3360_1440.png,cropped_0006_label_WgYVYe3Q_3360_1440_mask.png
cropped_0006_label_WgYVYe3Q_1440_1440.png,cropped_0006_label_WgYVYe3Q_1440_1440_mask.png
cropped_0006_label_WgYVYe3Q_1920_960.png,cropped_0006_label_WgYVYe3Q_1920_960_mask.png
cropped_0006_label_WgYVYe3Q_960_960.png,cropped_0006_label_WgYVYe3Q_960_960_mask.png
cropped_0006_label_WgYVYe3Q_3360_960.png,cropped_0006_label_WgYVYe3Q_3360_960_mask.png
cropped_0006_label_WgYVYe3Q_0_1440.png,cropped_0006_label_WgYVYe3Q_0_1440_mask.png
cropped_0006_label_WgYVYe3Q_0_960.png,cropped_0006_label_WgYVYe3Q_0_960_mask.png
cropped_0006_label_WgYVYe3Q_2880_1920.png,cropped_0006_label_WgYVYe3Q_2880_1920_mask.png
cropped_0006_label_WgYVYe3Q_3840_480.png,cropped_0006_label_WgYVYe3Q_3840_480_mask.png
cropped_0006_label_WgYVYe3Q_3840_0.png,cropped_0006_label_WgYVYe3Q_3840_0_mask.png
cropped_0006_label_WgYVYe3Q_1440_2400.png,cropped_0006_label_WgYVYe3Q_1440_2400_mask.png
cropped_0006_label_WgYVYe3Q_480_2880.png,cropped_0006_label_WgYVYe3Q_480_2880_mask.png
cropped_0006_label_WgYVYe3Q_1440_2880.png,cropped_0006_label_WgYVYe3Q_1440_2880_mask.png
cropped_0006_label_WgYVYe3Q_3360_480.png,cropped_0006_label_WgYVYe3Q_3360_480_mask.png
cropped_0006_label_WgYVYe3Q_1440_0.png,cropped_0006_label_WgYVYe3Q_1440_0_mask.png
cropped_0006_label_WgYVYe3Q_2400_2400.png,cropped_0006_label_WgYVYe3Q_2400_2400_mask.png
cropped_0006_label_WgYVYe3Q_1920_480.png,cropped_0006_label_WgYVYe3Q_1920_480_mask.png
cropped_0006_label_WgYVYe3Q_3840_1920.png,cropped_0006_label_WgYVYe3Q_3840_1920_mask.png
cropped_0006_label_M4HYDr16_2880_480.png,cropped_0006_label_M4HYDr16_2880_480_mask.png
cropped_0006_label_M4HYDr16_0_2400.png,cropped_0006_label_M4HYDr16_0_2400_mask.png
cropped_0006_label_M4HYDr16_3840_0.png,cropped_0006_label_M4HYDr16_3840_0_mask.png
cropped_0006_label_M4HYDr16_1920_1920.png,cropped_0006_label_M4HYDr16_1920_1920_mask.png
cropped_0006_label_M4HYDr16_2880_960.png,cropped_0006_label_M4HYDr16_2880_960_mask.png
cropped_0006_label_M4HYDr16_0_0.png,cropped_0006_label_M4HYDr16_0_0_mask.png
cropped_0006_label_M4HYDr16_2400_960.png,cropped_0006_label_M4HYDr16_2400_960_mask.png
cropped_0006_label_M4HYDr16_0_2880.png,cropped_0006_label_M4HYDr16_0_2880_mask.png
cropped_0006_label_M4HYDr16_480_1440.png,cropped_0006_label_M4HYDr16_480_1440_mask.png
cropped_0006_label_M4HYDr16_2400_2880.png,cropped_0006_label_M4HYDr16_2400_2880_mask.png
cropped_0006_label_M4HYDr16_1440_1440.png,cropped_0006_label_M4HYDr16_1440_1440_mask.png
cropped_0006_label_M4HYDr16_3840_1920.png,cropped_0006_label_M4HYDr16_3840_1920_mask.png
cropped_0006_label_M4HYDr16_3360_960.png,cropped_0006_label_M4HYDr16_3360_960_mask.png
cropped_0005_label_0xjUoY7D_0_0.png,cropped_0005_label_0xjUoY7D_0_0_mask.png
cropped_0005_label_0xjUoY7D_960_0.png,cropped_0005_label_0xjUoY7D_960_0_mask.png
cropped_0005_label_0xjUoY7D_3840_0.png,cropped_0005_label_0xjUoY7D_3840_0_mask.png
cropped_0005_label_0xjUoY7D_3360_2880.png,cropped_0005_label_0xjUoY7D_3360_2880_mask.png
cropped_0005_label_0xjUoY7D_960_1920.png,cropped_0005_label_0xjUoY7D_960_1920_mask.png
cropped_0005_label_0xjUoY7D_0_1920.png,cropped_0005_label_0xjUoY7D_0_1920_mask.png
cropped_0005_label_0xjUoY7D_3360_480.png,cropped_0005_label_0xjUoY7D_3360_480_mask.png
cropped_0005_label_0xjUoY7D_3840_1440.png,cropped_0005_label_0xjUoY7D_3840_1440_mask.png
cropped_0005_label_0xjUoY7D_2880_0.png,cropped_0005_label_0xjUoY7D_2880_0_mask.png
cropped_0005_label_0xjUoY7D_0_2880.png,cropped_0005_label_0xjUoY7D_0_2880_mask.png
cropped_0005_label_0xjUoY7D_2880_480.png,cropped_0005_label_0xjUoY7D_2880_480_mask.png
cropped_0005_label_0xjUoY7D_480_2400.png,cropped_0005_label_0xjUoY7D_480_2400_mask.png
cropped_0005_label_0xjUoY7D_2400_0.png,cropped_0005_label_0xjUoY7D_2400_0_mask.png
cropped_0005_label_0xjUoY7D_960_960.png,cropped_0005_label_0xjUoY7D_960_960_mask.png
cropped_0005_label_0xjUoY7D_2880_2880.png,cropped_0005_label_0xjUoY7D_2880_2880_mask.png
cropped_0005_label_0xjUoY7D_960_2400.png,cropped_0005_label_0xjUoY7D_960_2400_mask.png
cropped_0005_label_0xjUoY7D_960_1440.png,cropped_0005_label_0xjUoY7D_960_1440_mask.png
cropped_0016_label_s2HioE5t_1440_0.png,cropped_0016_label_s2HioE5t_1440_0_mask.png
cropped_0016_label_s2HioE5t_3360_1440.png,cropped_0016_label_s2HioE5t_3360_1440_mask.png
cropped_0016_label_s2HioE5t_1440_480.png,cropped_0016_label_s2HioE5t_1440_480_mask.png
cropped_0016_label_s2HioE5t_1920_2400.png,cropped_0016_label_s2HioE5t_1920_2400_mask.png
cropped_0016_label_s2HioE5t_960_1920.png,cropped_0016_label_s2HioE5t_960_1920_mask.png
cropped_0016_label_s2HioE5t_1440_960.png,cropped_0016_label_s2HioE5t_1440_960_mask.png
cropped_0016_label_s2HioE5t_2400_1440.png,cropped_0016_label_s2HioE5t_2400_1440_mask.png
cropped_0016_label_s2HioE5t_1920_960.png,cropped_0016_label_s2HioE5t_1920_960_mask.png
cropped_0016_label_s2HioE5t_2880_960.png,cropped_0016_label_s2HioE5t_2880_960_mask.png
cropped_0016_label_s2HioE5t_2400_0.png,cropped_0016_label_s2HioE5t_2400_0_mask.png
cropped_0016_label_s2HioE5t_1440_2400.png,cropped_0016_label_s2HioE5t_1440_2400_mask.png
cropped_0016_label_s2HioE5t_2400_2880.png,cropped_0016_label_s2HioE5t_2400_2880_mask.png
cropped_0016_label_s2HioE5t_1920_2880.png,cropped_0016_label_s2HioE5t_1920_2880_mask.png
cropped_0016_label_s2HioE5t_3360_1920.png,cropped_0016_label_s2HioE5t_3360_1920_mask.png
cropped_0003_label_iGFOdcQt_2400_1920.png,cropped_0003_label_iGFOdcQt_2400_1920_mask.png
cropped_0003_label_iGFOdcQt_2880_960.png,cropped_0003_label_iGFOdcQt_2880_960_mask.png
cropped_0003_label_iGFOdcQt_2400_960.png,cropped_0003_label_iGFOdcQt_2400_960_mask.png
cropped_0003_label_iGFOdcQt_960_1440.png,cropped_0003_label_iGFOdcQt_960_1440_mask.png
cropped_0003_label_iGFOdcQt_960_0.png,cropped_0003_label_iGFOdcQt_960_0_mask.png
cropped_0003_label_iGFOdcQt_3840_2880.png,cropped_0003_label_iGFOdcQt_3840_2880_mask.png
cropped_0003_label_iGFOdcQt_2400_1440.png,cropped_0003_label_iGFOdcQt_2400_1440_mask.png
cropped_0003_label_iGFOdcQt_1440_2880.png,cropped_0003_label_iGFOdcQt_1440_2880_mask.png
cropped_0003_label_iGFOdcQt_3360_2400.png,cropped_0003_label_iGFOdcQt_3360_2400_mask.png
cropped_0003_label_iGFOdcQt_3360_960.png,cropped_0003_label_iGFOdcQt_3360_960_mask.png
cropped_0003_label_iGFOdcQt_1920_2880.png,cropped_0003_label_iGFOdcQt_1920_2880_mask.png
cropped_0003_label_iGFOdcQt_1440_480.png,cropped_0003_label_iGFOdcQt_1440_480_mask.png
cropped_0003_label_iGFOdcQt_960_960.png,cropped_0003_label_iGFOdcQt_960_960_mask.png
cropped_0003_label_iGFOdcQt_2400_2400.png,cropped_0003_label_iGFOdcQt_2400_2400_mask.png
cropped_0003_label_iGFOdcQt_1440_2400.png,cropped_0003_label_iGFOdcQt_1440_2400_mask.png
cropped_0003_label_iGFOdcQt_960_2400.png,cropped_0003_label_iGFOdcQt_960_2400_mask.png
cropped_0003_label_iGFOdcQt_960_480.png,cropped_0003_label_iGFOdcQt_960_480_mask.png
cropped_0003_label_iGFOdcQt_2880_480.png,cropped_0003_label_iGFOdcQt_2880_480_mask.png
cropped_0003_label_iGFOdcQt_0_1920.png,cropped_0003_label_iGFOdcQt_0_1920_mask.png
cropped_0003_label_iGFOdcQt_0_2880.png,cropped_0003_label_iGFOdcQt_0_2880_mask.png
cropped_0003_label_iGFOdcQt_3840_480.png,cropped_0003_label_iGFOdcQt_3840_480_mask.png
cropped_0003_label_iGFOdcQt_1920_2400.png,cropped_0003_label_iGFOdcQt_1920_2400_mask.png
cropped_0003_label_iGFOdcQt_2880_1440.png,cropped_0003_label_iGFOdcQt_2880_1440_mask.png
cropped_0003_label_iGFOdcQt_3840_1920.png,cropped_0003_label_iGFOdcQt_3840_1920_mask.png
cropped_0003_label_iGFOdcQt_3360_480.png,cropped_0003_label_iGFOdcQt_3360_480_mask.png
cropped_0016_label_GQ173MEa_0_0.png,cropped_0016_label_GQ173MEa_0_0_mask.png
cropped_0016_label_GQ173MEa_1920_2880.png,cropped_0016_label_GQ173MEa_1920_2880_mask.png
cropped_0016_label_GQ173MEa_1440_1440.png,cropped_0016_label_GQ173MEa_1440_1440_mask.png
cropped_0016_label_GQ173MEa_1440_480.png,cropped_0016_label_GQ173MEa_1440_480_mask.png
cropped_0016_label_GQ173MEa_1440_0.png,cropped_0016_label_GQ173MEa_1440_0_mask.png
cropped_0016_label_GQ173MEa_1920_960.png,cropped_0016_label_GQ173MEa_1920_960_mask.png
cropped_0016_label_GQ173MEa_1440_1920.png,cropped_0016_label_GQ173MEa_1440_1920_mask.png
cropped_0016_label_GQ173MEa_480_960.png,cropped_0016_label_GQ173MEa_480_960_mask.png
cropped_0016_label_GQ173MEa_960_1440.png,cropped_0016_label_GQ173MEa_960_1440_mask.png
cropped_0016_label_GQ173MEa_0_1920.png,cropped_0016_label_GQ173MEa_0_1920_mask.png
cropped_0016_label_GQ173MEa_960_2880.png,cropped_0016_label_GQ173MEa_960_2880_mask.png
cropped_0016_label_GQ173MEa_0_480.png,cropped_0016_label_GQ173MEa_0_480_mask.png
cropped_00000035_4_2880_0.png,cropped_00000035_4_2880_0_mask.png
cropped_00000035_4_480_960.png,cropped_00000035_4_480_960_mask.png
cropped_00000035_4_1440_0.png,cropped_00000035_4_1440_0_mask.png
cropped_00000035_4_960_960.png,cropped_00000035_4_960_960_mask.png
cropped_00000035_4_3840_0.png,cropped_00000035_4_3840_0_mask.png
cropped_00000035_4_3360_0.png,cropped_00000035_4_3360_0_mask.png
cropped_00000035_4_2400_1920.png,cropped_00000035_4_2400_1920_mask.png
cropped_00000035_4_480_0.png,cropped_00000035_4_480_0_mask.png
cropped_00000035_4_2400_1440.png,cropped_00000035_4_2400_1440_mask.png
cropped_00000035_4_0_480.png,cropped_00000035_4_0_480_mask.png
cropped_00000035_4_960_0.png,cropped_00000035_4_960_0_mask.png
cropped_00000035_4_0_0.png,cropped_00000035_4_0_0_mask.png
cropped_00000035_4_960_480.png,cropped_00000035_4_960_480_mask.png
cropped_00000035_4_480_2400.png,cropped_00000035_4_480_2400_mask.png
cropped_00000031_1_480_960.png,cropped_00000031_1_480_960_mask.png
cropped_00000031_1_3360_480.png,cropped_00000031_1_3360_480_mask.png
cropped_00000031_1_2400_1920.png,cropped_00000031_1_2400_1920_mask.png
cropped_00000031_1_1440_2880.png,cropped_00000031_1_1440_2880_mask.png
cropped_00000031_1_3840_960.png,cropped_00000031_1_3840_960_mask.png
cropped_00000031_1_2880_2400.png,cropped_00000031_1_2880_2400_mask.png
cropped_00000031_1_1920_2880.png,cropped_00000031_1_1920_2880_mask.png
cropped_00000031_1_0_1920.png,cropped_00000031_1_0_1920_mask.png
cropped_00000031_1_1920_0.png,cropped_00000031_1_1920_0_mask.png
cropped_00000031_1_960_1920.png,cropped_00000031_1_960_1920_mask.png
cropped_00000031_1_1440_480.png,cropped_00000031_1_1440_480_mask.png
cropped_00000031_1_2400_2880.png,cropped_00000031_1_2400_2880_mask.png
cropped_00000031_1_2400_2400.png,cropped_00000031_1_2400_2400_mask.png
cropped_00000031_1_1920_2400.png,cropped_00000031_1_1920_2400_mask.png
cropped_00000031_1_3360_0.png,cropped_00000031_1_3360_0_mask.png
cropped_00000031_1_1440_1920.png,cropped_00000031_1_1440_1920_mask.png
cropped_0003_label_M4HYDr16_0_2880.png,cropped_0003_label_M4HYDr16_0_2880_mask.png
cropped_0003_label_M4HYDr16_3360_480.png,cropped_0003_label_M4HYDr16_3360_480_mask.png
cropped_0003_label_M4HYDr16_1920_0.png,cropped_0003_label_M4HYDr16_1920_0_mask.png
cropped_0003_label_M4HYDr16_0_1440.png,cropped_0003_label_M4HYDr16_0_1440_mask.png
cropped_0003_label_M4HYDr16_960_480.png,cropped_0003_label_M4HYDr16_960_480_mask.png
cropped_0003_label_M4HYDr16_3360_1440.png,cropped_0003_label_M4HYDr16_3360_1440_mask.png
cropped_0003_label_M4HYDr16_480_480.png,cropped_0003_label_M4HYDr16_480_480_mask.png
cropped_0003_label_M4HYDr16_2400_1920.png,cropped_0003_label_M4HYDr16_2400_1920_mask.png
cropped_0003_label_M4HYDr16_3840_1920.png,cropped_0003_label_M4HYDr16_3840_1920_mask.png
cropped_0003_label_M4HYDr16_1920_1440.png,cropped_0003_label_M4HYDr16_1920_1440_mask.png
cropped_0003_label_M4HYDr16_1440_2880.png,cropped_0003_label_M4HYDr16_1440_2880_mask.png
cropped_0003_label_M4HYDr16_2400_2880.png,cropped_0003_label_M4HYDr16_2400_2880_mask.png
cropped_0003_label_M4HYDr16_480_2400.png,cropped_0003_label_M4HYDr16_480_2400_mask.png
cropped_0003_label_M4HYDr16_2400_960.png,cropped_0003_label_M4HYDr16_2400_960_mask.png
cropped_0003_label_M4HYDr16_480_960.png,cropped_0003_label_M4HYDr16_480_960_mask.png
cropped_0003_label_M4HYDr16_3840_960.png,cropped_0003_label_M4HYDr16_3840_960_mask.png
cropped_0003_label_M4HYDr16_2880_0.png,cropped_0003_label_M4HYDr16_2880_0_mask.png
cropped_0003_label_M4HYDr16_1920_480.png,cropped_0003_label_M4HYDr16_1920_480_mask.png
cropped_0003_label_M4HYDr16_3360_2880.png,cropped_0003_label_M4HYDr16_3360_2880_mask.png
cropped_0004_label_F5Njd0Gq_0_960.png,cropped_0004_label_F5Njd0Gq_0_960_mask.png
cropped_0004_label_F5Njd0Gq_0_480.png,cropped_0004_label_F5Njd0Gq_0_480_mask.png
cropped_0004_label_F5Njd0Gq_1920_1440.png,cropped_0004_label_F5Njd0Gq_1920_1440_mask.png
cropped_0004_label_F5Njd0Gq_960_0.png,cropped_0004_label_F5Njd0Gq_960_0_mask.png
cropped_0004_label_F5Njd0Gq_2880_1920.png,cropped_0004_label_F5Njd0Gq_2880_1920_mask.png
cropped_0004_label_F5Njd0Gq_3840_0.png,cropped_0004_label_F5Njd0Gq_3840_0_mask.png
cropped_0004_label_F5Njd0Gq_3360_0.png,cropped_0004_label_F5Njd0Gq_3360_0_mask.png
cropped_0004_label_F5Njd0Gq_1440_960.png,cropped_0004_label_F5Njd0Gq_1440_960_mask.png
cropped_0004_label_F5Njd0Gq_480_2880.png,cropped_0004_label_F5Njd0Gq_480_2880_mask.png
cropped_0004_label_F5Njd0Gq_480_0.png,cropped_0004_label_F5Njd0Gq_480_0_mask.png
cropped_0004_label_F5Njd0Gq_2880_2400.png,cropped_0004_label_F5Njd0Gq_2880_2400_mask.png
cropped_0004_label_F5Njd0Gq_1920_960.png,cropped_0004_label_F5Njd0Gq_1920_960_mask.png
cropped_0004_label_F5Njd0Gq_3360_480.png,cropped_0004_label_F5Njd0Gq_3360_480_mask.png
cropped_0004_label_F5Njd0Gq_2400_2880.png,cropped_0004_label_F5Njd0Gq_2400_2880_mask.png
cropped_0001_label_egaPlFje_960_2880.png,cropped_0001_label_egaPlFje_960_2880_mask.png
cropped_0001_label_egaPlFje_1440_0.png,cropped_0001_label_egaPlFje_1440_0_mask.png
cropped_0001_label_egaPlFje_1440_2880.png,cropped_0001_label_egaPlFje_1440_2880_mask.png
cropped_0001_label_egaPlFje_3360_1920.png,cropped_0001_label_egaPlFje_3360_1920_mask.png
cropped_0001_label_egaPlFje_1440_1440.png,cropped_0001_label_egaPlFje_1440_1440_mask.png
cropped_0001_label_egaPlFje_480_1920.png,cropped_0001_label_egaPlFje_480_1920_mask.png
cropped_0001_label_egaPlFje_960_0.png,cropped_0001_label_egaPlFje_960_0_mask.png
cropped_0001_label_egaPlFje_3840_960.png,cropped_0001_label_egaPlFje_3840_960_mask.png
cropped_0001_label_egaPlFje_1440_1920.png,cropped_0001_label_egaPlFje_1440_1920_mask.png
cropped_0001_label_egaPlFje_3840_1440.png,cropped_0001_label_egaPlFje_3840_1440_mask.png
cropped_0001_label_egaPlFje_2400_960.png,cropped_0001_label_egaPlFje_2400_960_mask.png
cropped_0001_label_egaPlFje_0_2400.png,cropped_0001_label_egaPlFje_0_2400_mask.png
cropped_0001_label_egaPlFje_3360_1440.png,cropped_0001_label_egaPlFje_3360_1440_mask.png
cropped_0001_label_egaPlFje_2400_2400.png,cropped_0001_label_egaPlFje_2400_2400_mask.png
cropped_0001_label_egaPlFje_2880_0.png,cropped_0001_label_egaPlFje_2880_0_mask.png
cropped_0001_label_egaPlFje_2880_960.png,cropped_0001_label_egaPlFje_2880_960_mask.png
cropped_0001_label_egaPlFje_0_0.png,cropped_0001_label_egaPlFje_0_0_mask.png
cropped_0001_label_egaPlFje_1920_2400.png,cropped_0001_label_egaPlFje_1920_2400_mask.png
cropped_0020_label_Y0sRpXgl_3840_0.png,cropped_0020_label_Y0sRpXgl_3840_0_mask.png
cropped_0020_label_Y0sRpXgl_480_480.png,cropped_0020_label_Y0sRpXgl_480_480_mask.png
cropped_0020_label_Y0sRpXgl_3360_0.png,cropped_0020_label_Y0sRpXgl_3360_0_mask.png
cropped_0020_label_Y0sRpXgl_1440_480.png,cropped_0020_label_Y0sRpXgl_1440_480_mask.png
cropped_0020_label_Y0sRpXgl_0_1920.png,cropped_0020_label_Y0sRpXgl_0_1920_mask.png
cropped_0020_label_Y0sRpXgl_1920_1440.png,cropped_0020_label_Y0sRpXgl_1920_1440_mask.png
cropped_0020_label_Y0sRpXgl_2400_480.png,cropped_0020_label_Y0sRpXgl_2400_480_mask.png
cropped_0020_label_Y0sRpXgl_2400_2400.png,cropped_0020_label_Y0sRpXgl_2400_2400_mask.png
cropped_0020_label_Y0sRpXgl_3840_1920.png,cropped_0020_label_Y0sRpXgl_3840_1920_mask.png
cropped_0020_label_Y0sRpXgl_3360_960.png,cropped_0020_label_Y0sRpXgl_3360_960_mask.png
cropped_0020_label_Y0sRpXgl_3840_960.png,cropped_0020_label_Y0sRpXgl_3840_960_mask.png
cropped_0020_label_Y0sRpXgl_3360_480.png,cropped_0020_label_Y0sRpXgl_3360_480_mask.png
cropped_0020_label_Y0sRpXgl_960_960.png,cropped_0020_label_Y0sRpXgl_960_960_mask.png
cropped_0020_label_Y0sRpXgl_2880_1440.png,cropped_0020_label_Y0sRpXgl_2880_1440_mask.png
cropped_0020_label_Y0sRpXgl_1920_480.png,cropped_0020_label_Y0sRpXgl_1920_480_mask.png
cropped_0020_label_Y0sRpXgl_2400_2880.png,cropped_0020_label_Y0sRpXgl_2400_2880_mask.png
cropped_0020_label_Y0sRpXgl_2400_960.png,cropped_0020_label_Y0sRpXgl_2400_960_mask.png
cropped_00000005_8_1920_0.png,cropped_00000005_8_1920_0_mask.png
cropped_00000005_8_480_0.png,cropped_00000005_8_480_0_mask.png
cropped_00000005_8_1920_2880.png,cropped_00000005_8_1920_2880_mask.png
cropped_00000005_8_0_2400.png,cropped_00000005_8_0_2400_mask.png
cropped_00000005_8_1440_1440.png,cropped_00000005_8_1440_1440_mask.png
cropped_00000005_8_1920_2400.png,cropped_00000005_8_1920_2400_mask.png
cropped_00000005_8_0_2880.png,cropped_00000005_8_0_2880_mask.png
cropped_00000005_8_3360_2880.png,cropped_00000005_8_3360_2880_mask.png
cropped_00000005_8_960_960.png,cropped_00000005_8_960_960_mask.png
cropped_00000005_8_3840_1920.png,cropped_00000005_8_3840_1920_mask.png
cropped_00000005_8_2880_2880.png,cropped_00000005_8_2880_2880_mask.png
cropped_00000005_8_2880_960.png,cropped_00000005_8_2880_960_mask.png
cropped_00000005_8_1440_480.png,cropped_00000005_8_1440_480_mask.png
cropped_00000005_8_3840_0.png,cropped_00000005_8_3840_0_mask.png
cropped_00000005_8_2400_2880.png,cropped_00000005_8_2400_2880_mask.png
cropped_00000005_8_480_1440.png,cropped_00000005_8_480_1440_mask.png
cropped_0020_label_iGFOdcQt_2880_1920.png,cropped_0020_label_iGFOdcQt_2880_1920_mask.png
cropped_0020_label_iGFOdcQt_0_1440.png,cropped_0020_label_iGFOdcQt_0_1440_mask.png
cropped_0020_label_iGFOdcQt_3840_0.png,cropped_0020_label_iGFOdcQt_3840_0_mask.png
cropped_0020_label_iGFOdcQt_1440_1440.png,cropped_0020_label_iGFOdcQt_1440_1440_mask.png
cropped_0020_label_iGFOdcQt_0_1920.png,cropped_0020_label_iGFOdcQt_0_1920_mask.png
cropped_0020_label_iGFOdcQt_1440_2400.png,cropped_0020_label_iGFOdcQt_1440_2400_mask.png
cropped_0020_label_iGFOdcQt_0_2400.png,cropped_0020_label_iGFOdcQt_0_2400_mask.png
cropped_0020_label_iGFOdcQt_2880_2400.png,cropped_0020_label_iGFOdcQt_2880_2400_mask.png
cropped_0020_label_iGFOdcQt_480_2880.png,cropped_0020_label_iGFOdcQt_480_2880_mask.png
cropped_0020_label_iGFOdcQt_480_1440.png,cropped_0020_label_iGFOdcQt_480_1440_mask.png
cropped_0020_label_iGFOdcQt_480_1920.png,cropped_0020_label_iGFOdcQt_480_1920_mask.png
cropped_0020_label_iGFOdcQt_1440_960.png,cropped_0020_label_iGFOdcQt_1440_960_mask.png
cropped_0020_label_iGFOdcQt_1920_1440.png,cropped_0020_label_iGFOdcQt_1920_1440_mask.png
cropped_0020_label_iGFOdcQt_960_2880.png,cropped_0020_label_iGFOdcQt_960_2880_mask.png
cropped_0020_label_iGFOdcQt_3360_480.png,cropped_0020_label_iGFOdcQt_3360_480_mask.png
cropped_0020_label_iGFOdcQt_3840_1440.png,cropped_0020_label_iGFOdcQt_3840_1440_mask.png
cropped_00000021_3_960_960.png,cropped_00000021_3_960_960_mask.png
cropped_00000021_3_960_1920.png,cropped_00000021_3_960_1920_mask.png
cropped_00000021_3_1440_1920.png,cropped_00000021_3_1440_1920_mask.png
cropped_00000021_3_1440_2880.png,cropped_00000021_3_1440_2880_mask.png
cropped_00000021_3_0_2400.png,cropped_00000021_3_0_2400_mask.png
cropped_00000021_3_1440_960.png,cropped_00000021_3_1440_960_mask.png
cropped_00000021_3_480_1920.png,cropped_00000021_3_480_1920_mask.png
cropped_00000021_3_0_960.png,cropped_00000021_3_0_960_mask.png
cropped_00000021_3_3360_1920.png,cropped_00000021_3_3360_1920_mask.png
cropped_00000021_3_1920_2400.png,cropped_00000021_3_1920_2400_mask.png
cropped_00000021_3_3840_2880.png,cropped_00000021_3_3840_2880_mask.png
cropped_00000021_3_0_480.png,cropped_00000021_3_0_480_mask.png
cropped_00000021_3_1440_2400.png,cropped_00000021_3_1440_2400_mask.png
cropped_00000021_3_1920_480.png,cropped_00000021_3_1920_480_mask.png
cropped_00000021_3_960_1440.png,cropped_00000021_3_960_1440_mask.png
cropped_00000021_3_1920_1440.png,cropped_00000021_3_1920_1440_mask.png
cropped_00000021_3_3360_1440.png,cropped_00000021_3_3360_1440_mask.png
cropped_00000021_3_960_2880.png,cropped_00000021_3_960_2880_mask.png
cropped_00000021_3_1440_480.png,cropped_00000021_3_1440_480_mask.png
cropped_00000021_3_2400_2880.png,cropped_00000021_3_2400_2880_mask.png
cropped_00000021_3_960_480.png,cropped_00000021_3_960_480_mask.png
cropped_00000021_3_2880_2400.png,cropped_00000021_3_2880_2400_mask.png
cropped_00000015_1_3840_960.png,cropped_00000015_1_3840_960_mask.png
cropped_00000015_1_2400_1920.png,cropped_00000015_1_2400_1920_mask.png
cropped_00000015_1_2880_1920.png,cropped_00000015_1_2880_1920_mask.png
cropped_00000015_1_1440_2880.png,cropped_00000015_1_1440_2880_mask.png
cropped_00000015_1_2880_480.png,cropped_00000015_1_2880_480_mask.png
cropped_00000015_1_1920_480.png,cropped_00000015_1_1920_480_mask.png
cropped_00000015_1_1440_960.png,cropped_00000015_1_1440_960_mask.png
cropped_00000015_1_2400_960.png,cropped_00000015_1_2400_960_mask.png
cropped_00000015_1_2880_960.png,cropped_00000015_1_2880_960_mask.png
cropped_00000015_1_0_480.png,cropped_00000015_1_0_480_mask.png
cropped_00000015_1_3360_960.png,cropped_00000015_1_3360_960_mask.png
cropped_00000015_1_1920_960.png,cropped_00000015_1_1920_960_mask.png
cropped_00000015_1_2400_1440.png,cropped_00000015_1_2400_1440_mask.png
cropped_00000015_1_0_0.png,cropped_00000015_1_0_0_mask.png
cropped_00000015_1_3360_1440.png,cropped_00000015_1_3360_1440_mask.png
cropped_00000015_1_3360_480.png,cropped_00000015_1_3360_480_mask.png
cropped_00000015_1_3840_2880.png,cropped_00000015_1_3840_2880_mask.png
cropped_00000015_1_0_2880.png,cropped_00000015_1_0_2880_mask.png
cropped_00000015_1_2400_480.png,cropped_00000015_1_2400_480_mask.png
cropped_00000015_1_3360_2400.png,cropped_00000015_1_3360_2400_mask.png
cropped_00000015_1_480_1920.png,cropped_00000015_1_480_1920_mask.png
cropped_00000015_1_0_1440.png,cropped_00000015_1_0_1440_mask.png
cropped_00000015_1_960_960.png,cropped_00000015_1_960_960_mask.png
cropped_00000015_1_1440_480.png,cropped_00000015_1_1440_480_mask.png
cropped_00000015_1_1920_1440.png,cropped_00000015_1_1920_1440_mask.png
cropped_00000015_1_0_1920.png,cropped_00000015_1_0_1920_mask.png
cropped_00000015_1_480_1440.png,cropped_00000015_1_480_1440_mask.png
cropped_00000015_1_960_1920.png,cropped_00000015_1_960_1920_mask.png
cropped_00000029_1_2400_0.png,cropped_00000029_1_2400_0_mask.png
cropped_00000029_1_960_1440.png,cropped_00000029_1_960_1440_mask.png
cropped_00000029_1_2400_960.png,cropped_00000029_1_2400_960_mask.png
cropped_00000029_1_0_960.png,cropped_00000029_1_0_960_mask.png
cropped_00000029_1_1920_480.png,cropped_00000029_1_1920_480_mask.png
cropped_00000029_1_3360_960.png,cropped_00000029_1_3360_960_mask.png
cropped_00000029_1_0_2880.png,cropped_00000029_1_0_2880_mask.png
cropped_00000029_1_2880_960.png,cropped_00000029_1_2880_960_mask.png
cropped_00000029_1_480_480.png,cropped_00000029_1_480_480_mask.png
cropped_00000029_1_480_0.png,cropped_00000029_1_480_0_mask.png
cropped_00000029_1_1440_2880.png,cropped_00000029_1_1440_2880_mask.png
cropped_00000029_1_1440_0.png,cropped_00000029_1_1440_0_mask.png
cropped_00000029_1_960_480.png,cropped_00000029_1_960_480_mask.png
cropped_00000029_1_1920_2880.png,cropped_00000029_1_1920_2880_mask.png
cropped_00000029_1_3360_2880.png,cropped_00000029_1_3360_2880_mask.png
cropped_00000029_1_2400_480.png,cropped_00000029_1_2400_480_mask.png
cropped_00000029_1_0_1920.png,cropped_00000029_1_0_1920_mask.png
cropped_00000029_1_960_1920.png,cropped_00000029_1_960_1920_mask.png
cropped_00000029_1_480_2880.png,cropped_00000029_1_480_2880_mask.png
cropped_00000029_1_3840_2880.png,cropped_00000029_1_3840_2880_mask.png
cropped_00000029_1_1920_2400.png,cropped_00000029_1_1920_2400_mask.png
cropped_00000029_1_2880_1440.png,cropped_00000029_1_2880_1440_mask.png
cropped_00000029_1_1920_0.png,cropped_00000029_1_1920_0_mask.png
cropped_00000038_2_0_1920.png,cropped_00000038_2_0_1920_mask.png
cropped_00000038_2_480_1440.png,cropped_00000038_2_480_1440_mask.png
cropped_00000038_2_3360_2880.png,cropped_00000038_2_3360_2880_mask.png
cropped_00000038_2_3840_1920.png,cropped_00000038_2_3840_1920_mask.png
cropped_00000038_2_960_2880.png,cropped_00000038_2_960_2880_mask.png
cropped_00000038_2_2400_1440.png,cropped_00000038_2_2400_1440_mask.png
cropped_00000038_2_480_960.png,cropped_00000038_2_480_960_mask.png
cropped_00000038_2_3360_2400.png,cropped_00000038_2_3360_2400_mask.png
cropped_00000038_2_1440_960.png,cropped_00000038_2_1440_960_mask.png
cropped_00000038_2_480_1920.png,cropped_00000038_2_480_1920_mask.png
cropped_00000038_2_1440_0.png,cropped_00000038_2_1440_0_mask.png
cropped_00000038_2_1920_1920.png,cropped_00000038_2_1920_1920_mask.png
cropped_00000038_2_1920_0.png,cropped_00000038_2_1920_0_mask.png
cropped_00000038_2_2880_0.png,cropped_00000038_2_2880_0_mask.png
cropped_00000038_2_3360_960.png,cropped_00000038_2_3360_960_mask.png
cropped_00000038_2_3840_2400.png,cropped_00000038_2_3840_2400_mask.png
cropped_0018_label_h2qBCL3Q_3360_0.png,cropped_0018_label_h2qBCL3Q_3360_0_mask.png
cropped_0018_label_h2qBCL3Q_1920_0.png,cropped_0018_label_h2qBCL3Q_1920_0_mask.png
cropped_0018_label_h2qBCL3Q_1440_960.png,cropped_0018_label_h2qBCL3Q_1440_960_mask.png
cropped_0018_label_h2qBCL3Q_0_1440.png,cropped_0018_label_h2qBCL3Q_0_1440_mask.png
cropped_0018_label_h2qBCL3Q_1920_2880.png,cropped_0018_label_h2qBCL3Q_1920_2880_mask.png
cropped_0018_label_h2qBCL3Q_2880_1440.png,cropped_0018_label_h2qBCL3Q_2880_1440_mask.png
cropped_0018_label_h2qBCL3Q_3360_1920.png,cropped_0018_label_h2qBCL3Q_3360_1920_mask.png
cropped_0018_label_h2qBCL3Q_1920_1440.png,cropped_0018_label_h2qBCL3Q_1920_1440_mask.png
cropped_0018_label_h2qBCL3Q_1920_480.png,cropped_0018_label_h2qBCL3Q_1920_480_mask.png
cropped_0018_label_h2qBCL3Q_3840_2400.png,cropped_0018_label_h2qBCL3Q_3840_2400_mask.png
cropped_0018_label_h2qBCL3Q_480_0.png,cropped_0018_label_h2qBCL3Q_480_0_mask.png
cropped_0018_label_h2qBCL3Q_2400_480.png,cropped_0018_label_h2qBCL3Q_2400_480_mask.png
cropped_0018_label_h2qBCL3Q_3840_0.png,cropped_0018_label_h2qBCL3Q_3840_0_mask.png
cropped_0018_label_h2qBCL3Q_1440_2880.png,cropped_0018_label_h2qBCL3Q_1440_2880_mask.png
cropped_0018_label_h2qBCL3Q_480_2400.png,cropped_0018_label_h2qBCL3Q_480_2400_mask.png
cropped_0018_label_h2qBCL3Q_1920_2400.png,cropped_0018_label_h2qBCL3Q_1920_2400_mask.png
cropped_0018_label_h2qBCL3Q_2400_1920.png,cropped_0018_label_h2qBCL3Q_2400_1920_mask.png
cropped_0018_label_h2qBCL3Q_2880_1920.png,cropped_0018_label_h2qBCL3Q_2880_1920_mask.png
cropped_0018_label_h2qBCL3Q_960_480.png,cropped_0018_label_h2qBCL3Q_960_480_mask.png
cropped_0018_label_h2qBCL3Q_3360_1440.png,cropped_0018_label_h2qBCL3Q_3360_1440_mask.png
cropped_0018_label_h2qBCL3Q_3360_2880.png,cropped_0018_label_h2qBCL3Q_3360_2880_mask.png
cropped_0018_label_h2qBCL3Q_960_2880.png,cropped_0018_label_h2qBCL3Q_960_2880_mask.png
cropped_0018_label_h2qBCL3Q_2880_480.png,cropped_0018_label_h2qBCL3Q_2880_480_mask.png
cropped_00000069_1920_480.png,cropped_00000069_1920_480_mask.png
cropped_00000069_0_480.png,cropped_00000069_0_480_mask.png
cropped_00000069_0_0.png,cropped_00000069_0_0_mask.png
cropped_00000069_0_2400.png,cropped_00000069_0_2400_mask.png
cropped_00000069_480_480.png,cropped_00000069_480_480_mask.png
cropped_00000069_1920_1440.png,cropped_00000069_1920_1440_mask.png
cropped_00000069_480_2880.png,cropped_00000069_480_2880_mask.png
cropped_00000069_3360_2400.png,cropped_00000069_3360_2400_mask.png
cropped_00000069_960_2400.png,cropped_00000069_960_2400_mask.png
cropped_00000069_3840_2400.png,cropped_00000069_3840_2400_mask.png
cropped_00000069_480_2400.png,cropped_00000069_480_2400_mask.png
cropped_00000069_480_1920.png,cropped_00000069_480_1920_mask.png
cropped_00000069_1440_1920.png,cropped_00000069_1440_1920_mask.png
cropped_00000069_960_0.png,cropped_00000069_960_0_mask.png
cropped_00000069_1440_2400.png,cropped_00000069_1440_2400_mask.png
cropped_00000069_3360_1920.png,cropped_00000069_3360_1920_mask.png
cropped_00000069_0_1920.png,cropped_00000069_0_1920_mask.png
cropped_00000069_480_1440.png,cropped_00000069_480_1440_mask.png
cropped_00000069_0_1440.png,cropped_00000069_0_1440_mask.png
cropped_00000069_2400_480.png,cropped_00000069_2400_480_mask.png
cropped_00000069_1920_1920.png,cropped_00000069_1920_1920_mask.png
cropped_00000069_3360_480.png,cropped_00000069_3360_480_mask.png
cropped_00000069_2880_960.png,cropped_00000069_2880_960_mask.png
cropped_00000069_2880_1440.png,cropped_00000069_2880_1440_mask.png
cropped_00000069_1440_480.png,cropped_00000069_1440_480_mask.png
cropped_0017_label_egaPlFje_2880_960.png,cropped_0017_label_egaPlFje_2880_960_mask.png
cropped_0017_label_egaPlFje_2400_2400.png,cropped_0017_label_egaPlFje_2400_2400_mask.png
cropped_0017_label_egaPlFje_480_2400.png,cropped_0017_label_egaPlFje_480_2400_mask.png
cropped_0017_label_egaPlFje_1920_1440.png,cropped_0017_label_egaPlFje_1920_1440_mask.png
cropped_0017_label_egaPlFje_2880_0.png,cropped_0017_label_egaPlFje_2880_0_mask.png
cropped_0017_label_egaPlFje_2400_2880.png,cropped_0017_label_egaPlFje_2400_2880_mask.png
cropped_0017_label_egaPlFje_2880_2880.png,cropped_0017_label_egaPlFje_2880_2880_mask.png
cropped_0017_label_egaPlFje_480_960.png,cropped_0017_label_egaPlFje_480_960_mask.png
cropped_0017_label_egaPlFje_3360_960.png,cropped_0017_label_egaPlFje_3360_960_mask.png
cropped_0017_label_egaPlFje_480_1440.png,cropped_0017_label_egaPlFje_480_1440_mask.png
cropped_0017_label_egaPlFje_3840_0.png,cropped_0017_label_egaPlFje_3840_0_mask.png
cropped_0017_label_egaPlFje_1920_0.png,cropped_0017_label_egaPlFje_1920_0_mask.png
cropped_0017_label_egaPlFje_1440_960.png,cropped_0017_label_egaPlFje_1440_960_mask.png
cropped_0017_label_egaPlFje_960_1440.png,cropped_0017_label_egaPlFje_960_1440_mask.png
cropped_0017_label_egaPlFje_3360_2400.png,cropped_0017_label_egaPlFje_3360_2400_mask.png
cropped_0017_label_egaPlFje_2400_1920.png,cropped_0017_label_egaPlFje_2400_1920_mask.png
cropped_0017_label_egaPlFje_3840_2880.png,cropped_0017_label_egaPlFje_3840_2880_mask.png
cropped_0010_label_ckrYP90D_960_1920.png,cropped_0010_label_ckrYP90D_960_1920_mask.png
cropped_0010_label_ckrYP90D_2880_1440.png,cropped_0010_label_ckrYP90D_2880_1440_mask.png
cropped_0010_label_ckrYP90D_0_1440.png,cropped_0010_label_ckrYP90D_0_1440_mask.png
cropped_0010_label_ckrYP90D_480_2880.png,cropped_0010_label_ckrYP90D_480_2880_mask.png
cropped_0010_label_ckrYP90D_2880_960.png,cropped_0010_label_ckrYP90D_2880_960_mask.png
cropped_0010_label_ckrYP90D_960_1440.png,cropped_0010_label_ckrYP90D_960_1440_mask.png
cropped_0010_label_ckrYP90D_1920_480.png,cropped_0010_label_ckrYP90D_1920_480_mask.png
cropped_0010_label_ckrYP90D_2400_960.png,cropped_0010_label_ckrYP90D_2400_960_mask.png
cropped_0010_label_ckrYP90D_2400_1920.png,cropped_0010_label_ckrYP90D_2400_1920_mask.png
cropped_0010_label_ckrYP90D_0_0.png,cropped_0010_label_ckrYP90D_0_0_mask.png
cropped_0010_label_ckrYP90D_3840_2880.png,cropped_0010_label_ckrYP90D_3840_2880_mask.png
cropped_0010_label_ckrYP90D_960_960.png,cropped_0010_label_ckrYP90D_960_960_mask.png
cropped_0010_label_ckrYP90D_2400_1440.png,cropped_0010_label_ckrYP90D_2400_1440_mask.png
cropped_0010_label_ckrYP90D_3360_960.png,cropped_0010_label_ckrYP90D_3360_960_mask.png
cropped_0010_label_ckrYP90D_2880_480.png,cropped_0010_label_ckrYP90D_2880_480_mask.png
cropped_0010_label_ckrYP90D_1440_2880.png,cropped_0010_label_ckrYP90D_1440_2880_mask.png
cropped_0010_label_ckrYP90D_3840_1920.png,cropped_0010_label_ckrYP90D_3840_1920_mask.png
cropped_0010_label_ckrYP90D_2400_0.png,cropped_0010_label_ckrYP90D_2400_0_mask.png
cropped_0010_label_ckrYP90D_0_2880.png,cropped_0010_label_ckrYP90D_0_2880_mask.png
cropped_00000029_3_960_1920.png,cropped_00000029_3_960_1920_mask.png
cropped_00000029_3_3360_960.png,cropped_00000029_3_3360_960_mask.png
cropped_00000029_3_3360_1920.png,cropped_00000029_3_3360_1920_mask.png
cropped_00000029_3_1920_1440.png,cropped_00000029_3_1920_1440_mask.png
cropped_00000029_3_3360_0.png,cropped_00000029_3_3360_0_mask.png
cropped_00000029_3_1440_480.png,cropped_00000029_3_1440_480_mask.png
cropped_00000029_3_1920_0.png,cropped_00000029_3_1920_0_mask.png
cropped_00000029_3_0_1920.png,cropped_00000029_3_0_1920_mask.png
cropped_00000029_3_960_480.png,cropped_00000029_3_960_480_mask.png
cropped_00000029_3_960_0.png,cropped_00000029_3_960_0_mask.png
cropped_00000029_3_2400_1920.png,cropped_00000029_3_2400_1920_mask.png
cropped_00000029_3_1920_1920.png,cropped_00000029_3_1920_1920_mask.png
cropped_00000029_3_1920_960.png,cropped_00000029_3_1920_960_mask.png
cropped_00000029_3_960_960.png,cropped_00000029_3_960_960_mask.png
cropped_00000029_3_960_2880.png,cropped_00000029_3_960_2880_mask.png
cropped_00000029_3_480_2880.png,cropped_00000029_3_480_2880_mask.png
cropped_00000029_3_1440_960.png,cropped_00000029_3_1440_960_mask.png
cropped_00000029_3_3840_1920.png,cropped_00000029_3_3840_1920_mask.png
cropped_00000029_3_3360_2880.png,cropped_00000029_3_3360_2880_mask.png
cropped_00000029_3_960_2400.png,cropped_00000029_3_960_2400_mask.png
cropped_00000029_3_1440_1440.png,cropped_00000029_3_1440_1440_mask.png
cropped_00000029_3_3840_2400.png,cropped_00000029_3_3840_2400_mask.png
cropped_00000029_3_2880_1920.png,cropped_00000029_3_2880_1920_mask.png
cropped_00000029_3_1920_480.png,cropped_00000029_3_1920_480_mask.png
cropped_0013_label_WgYVYe3Q_1920_480.png,cropped_0013_label_WgYVYe3Q_1920_480_mask.png
cropped_0013_label_WgYVYe3Q_3360_0.png,cropped_0013_label_WgYVYe3Q_3360_0_mask.png
cropped_0013_label_WgYVYe3Q_2400_480.png,cropped_0013_label_WgYVYe3Q_2400_480_mask.png
cropped_0013_label_WgYVYe3Q_2400_0.png,cropped_0013_label_WgYVYe3Q_2400_0_mask.png
cropped_0013_label_WgYVYe3Q_1920_2880.png,cropped_0013_label_WgYVYe3Q_1920_2880_mask.png
cropped_0013_label_WgYVYe3Q_480_480.png,cropped_0013_label_WgYVYe3Q_480_480_mask.png
cropped_0013_label_WgYVYe3Q_2880_960.png,cropped_0013_label_WgYVYe3Q_2880_960_mask.png
cropped_0013_label_WgYVYe3Q_3840_960.png,cropped_0013_label_WgYVYe3Q_3840_960_mask.png
cropped_0013_label_WgYVYe3Q_2400_960.png,cropped_0013_label_WgYVYe3Q_2400_960_mask.png
cropped_0013_label_WgYVYe3Q_1920_0.png,cropped_0013_label_WgYVYe3Q_1920_0_mask.png
cropped_0013_label_WgYVYe3Q_1920_1440.png,cropped_0013_label_WgYVYe3Q_1920_1440_mask.png
cropped_0013_label_WgYVYe3Q_1440_960.png,cropped_0013_label_WgYVYe3Q_1440_960_mask.png
cropped_0013_label_WgYVYe3Q_480_1440.png,cropped_0013_label_WgYVYe3Q_480_1440_mask.png
cropped_0013_label_WgYVYe3Q_2880_1440.png,cropped_0013_label_WgYVYe3Q_2880_1440_mask.png
cropped_0013_label_WgYVYe3Q_3360_2880.png,cropped_0013_label_WgYVYe3Q_3360_2880_mask.png
cropped_0013_label_WgYVYe3Q_2400_1440.png,cropped_0013_label_WgYVYe3Q_2400_1440_mask.png
cropped_0013_label_WgYVYe3Q_1920_2400.png,cropped_0013_label_WgYVYe3Q_1920_2400_mask.png
cropped_0013_label_WgYVYe3Q_480_2880.png,cropped_0013_label_WgYVYe3Q_480_2880_mask.png
cropped_0013_label_WgYVYe3Q_1440_1920.png,cropped_0013_label_WgYVYe3Q_1440_1920_mask.png
cropped_0013_label_WgYVYe3Q_480_0.png,cropped_0013_label_WgYVYe3Q_480_0_mask.png
cropped_0013_label_WgYVYe3Q_1440_2400.png,cropped_0013_label_WgYVYe3Q_1440_2400_mask.png
cropped_0013_label_WgYVYe3Q_1920_960.png,cropped_0013_label_WgYVYe3Q_1920_960_mask.png
cropped_0013_label_WgYVYe3Q_2400_1920.png,cropped_0013_label_WgYVYe3Q_2400_1920_mask.png
cropped_0013_label_WgYVYe3Q_1440_480.png,cropped_0013_label_WgYVYe3Q_1440_480_mask.png
cropped_0008_label_5caRcr55_2880_0.png,cropped_0008_label_5caRcr55_2880_0_mask.png
cropped_0008_label_5caRcr55_1440_480.png,cropped_0008_label_5caRcr55_1440_480_mask.png
cropped_0008_label_5caRcr55_3840_960.png,cropped_0008_label_5caRcr55_3840_960_mask.png
cropped_0008_label_5caRcr55_480_480.png,cropped_0008_label_5caRcr55_480_480_mask.png
cropped_0008_label_5caRcr55_3840_480.png,cropped_0008_label_5caRcr55_3840_480_mask.png
cropped_0008_label_5caRcr55_960_1920.png,cropped_0008_label_5caRcr55_960_1920_mask.png
cropped_0008_label_5caRcr55_1440_2400.png,cropped_0008_label_5caRcr55_1440_2400_mask.png
cropped_0008_label_5caRcr55_960_1440.png,cropped_0008_label_5caRcr55_960_1440_mask.png
cropped_0008_label_5caRcr55_480_2880.png,cropped_0008_label_5caRcr55_480_2880_mask.png
cropped_0008_label_5caRcr55_2880_1440.png,cropped_0008_label_5caRcr55_2880_1440_mask.png
cropped_0008_label_5caRcr55_3840_2880.png,cropped_0008_label_5caRcr55_3840_2880_mask.png
cropped_0008_label_5caRcr55_2880_2400.png,cropped_0008_label_5caRcr55_2880_2400_mask.png
cropped_0008_label_5caRcr55_0_1920.png,cropped_0008_label_5caRcr55_0_1920_mask.png
cropped_0008_label_5caRcr55_2400_480.png,cropped_0008_label_5caRcr55_2400_480_mask.png
cropped_0018_label_FCjmsocM_480_960.png,cropped_0018_label_FCjmsocM_480_960_mask.png
cropped_0018_label_FCjmsocM_0_1920.png,cropped_0018_label_FCjmsocM_0_1920_mask.png
cropped_0018_label_FCjmsocM_960_0.png,cropped_0018_label_FCjmsocM_960_0_mask.png
cropped_0018_label_FCjmsocM_1440_480.png,cropped_0018_label_FCjmsocM_1440_480_mask.png
cropped_0018_label_FCjmsocM_3840_0.png,cropped_0018_label_FCjmsocM_3840_0_mask.png
cropped_0018_label_FCjmsocM_960_2400.png,cropped_0018_label_FCjmsocM_960_2400_mask.png
cropped_0018_label_FCjmsocM_480_1920.png,cropped_0018_label_FCjmsocM_480_1920_mask.png
cropped_0018_label_FCjmsocM_2400_960.png,cropped_0018_label_FCjmsocM_2400_960_mask.png
cropped_0018_label_FCjmsocM_3360_2400.png,cropped_0018_label_FCjmsocM_3360_2400_mask.png
cropped_0018_label_FCjmsocM_480_2880.png,cropped_0018_label_FCjmsocM_480_2880_mask.png
cropped_0018_label_FCjmsocM_480_480.png,cropped_0018_label_FCjmsocM_480_480_mask.png
cropped_0018_label_FCjmsocM_1920_2880.png,cropped_0018_label_FCjmsocM_1920_2880_mask.png
cropped_0018_label_FCjmsocM_2400_1440.png,cropped_0018_label_FCjmsocM_2400_1440_mask.png
cropped_0015_label_1XDZxhBC_2880_2880.png,cropped_0015_label_1XDZxhBC_2880_2880_mask.png
cropped_0015_label_1XDZxhBC_3840_2400.png,cropped_0015_label_1XDZxhBC_3840_2400_mask.png
cropped_0015_label_1XDZxhBC_1440_480.png,cropped_0015_label_1XDZxhBC_1440_480_mask.png
cropped_0015_label_1XDZxhBC_2400_2880.png,cropped_0015_label_1XDZxhBC_2400_2880_mask.png
cropped_0015_label_1XDZxhBC_1440_2400.png,cropped_0015_label_1XDZxhBC_1440_2400_mask.png
cropped_0015_label_1XDZxhBC_1440_1440.png,cropped_0015_label_1XDZxhBC_1440_1440_mask.png
cropped_0015_label_1XDZxhBC_2880_480.png,cropped_0015_label_1XDZxhBC_2880_480_mask.png
cropped_0015_label_1XDZxhBC_3360_2400.png,cropped_0015_label_1XDZxhBC_3360_2400_mask.png
cropped_0015_label_1XDZxhBC_1920_1440.png,cropped_0015_label_1XDZxhBC_1920_1440_mask.png
cropped_0015_label_1XDZxhBC_0_960.png,cropped_0015_label_1XDZxhBC_0_960_mask.png
cropped_0015_label_1XDZxhBC_960_1920.png,cropped_0015_label_1XDZxhBC_960_1920_mask.png
cropped_0015_label_1XDZxhBC_3840_1440.png,cropped_0015_label_1XDZxhBC_3840_1440_mask.png
cropped_0015_label_1XDZxhBC_3360_1440.png,cropped_0015_label_1XDZxhBC_3360_1440_mask.png
cropped_0015_label_1XDZxhBC_480_960.png,cropped_0015_label_1XDZxhBC_480_960_mask.png
cropped_0015_label_1XDZxhBC_3360_1920.png,cropped_0015_label_1XDZxhBC_3360_1920_mask.png
cropped_0015_label_1XDZxhBC_0_2880.png,cropped_0015_label_1XDZxhBC_0_2880_mask.png
cropped_0015_label_1XDZxhBC_2400_1440.png,cropped_0015_label_1XDZxhBC_2400_1440_mask.png
cropped_0015_label_1XDZxhBC_480_0.png,cropped_0015_label_1XDZxhBC_480_0_mask.png
cropped_0015_label_1XDZxhBC_0_0.png,cropped_0015_label_1XDZxhBC_0_0_mask.png
cropped_0015_label_1XDZxhBC_2880_960.png,cropped_0015_label_1XDZxhBC_2880_960_mask.png
cropped_0015_label_1XDZxhBC_1440_0.png,cropped_0015_label_1XDZxhBC_1440_0_mask.png
cropped_0015_label_1XDZxhBC_3840_2880.png,cropped_0015_label_1XDZxhBC_3840_2880_mask.png
cropped_00000041_2_960_1440.png,cropped_00000041_2_960_1440_mask.png
cropped_00000041_2_960_2880.png,cropped_00000041_2_960_2880_mask.png
cropped_00000041_2_2400_480.png,cropped_00000041_2_2400_480_mask.png
cropped_00000041_2_0_2880.png,cropped_00000041_2_0_2880_mask.png
cropped_00000041_2_1440_1920.png,cropped_00000041_2_1440_1920_mask.png
cropped_00000041_2_960_960.png,cropped_00000041_2_960_960_mask.png
cropped_00000041_2_960_1920.png,cropped_00000041_2_960_1920_mask.png
cropped_00000041_2_960_2400.png,cropped_00000041_2_960_2400_mask.png
cropped_00000041_2_2400_0.png,cropped_00000041_2_2400_0_mask.png
cropped_00000041_2_3840_960.png,cropped_00000041_2_3840_960_mask.png
cropped_00000041_2_3360_0.png,cropped_00000041_2_3360_0_mask.png
cropped_00000041_2_480_0.png,cropped_00000041_2_480_0_mask.png
cropped_00000041_2_2880_2880.png,cropped_00000041_2_2880_2880_mask.png
cropped_00000041_2_2880_480.png,cropped_00000041_2_2880_480_mask.png
cropped_00000041_2_960_0.png,cropped_00000041_2_960_0_mask.png
cropped_00000041_2_3360_2880.png,cropped_00000041_2_3360_2880_mask.png
cropped_00000041_2_1440_480.png,cropped_00000041_2_1440_480_mask.png
cropped_00000041_2_1440_2880.png,cropped_00000041_2_1440_2880_mask.png
cropped_00000041_2_0_0.png,cropped_00000041_2_0_0_mask.png
cropped_0004_label_G2fWPEgz_2400_480.png,cropped_0004_label_G2fWPEgz_2400_480_mask.png
cropped_0004_label_G2fWPEgz_0_960.png,cropped_0004_label_G2fWPEgz_0_960_mask.png
cropped_0004_label_G2fWPEgz_960_2880.png,cropped_0004_label_G2fWPEgz_960_2880_mask.png
cropped_0004_label_G2fWPEgz_2400_1920.png,cropped_0004_label_G2fWPEgz_2400_1920_mask.png
cropped_0004_label_G2fWPEgz_1920_0.png,cropped_0004_label_G2fWPEgz_1920_0_mask.png
cropped_0004_label_G2fWPEgz_3840_960.png,cropped_0004_label_G2fWPEgz_3840_960_mask.png
cropped_0004_label_G2fWPEgz_2880_480.png,cropped_0004_label_G2fWPEgz_2880_480_mask.png
cropped_0004_label_G2fWPEgz_1440_1440.png,cropped_0004_label_G2fWPEgz_1440_1440_mask.png
cropped_0004_label_G2fWPEgz_960_960.png,cropped_0004_label_G2fWPEgz_960_960_mask.png
cropped_0004_label_G2fWPEgz_960_1440.png,cropped_0004_label_G2fWPEgz_960_1440_mask.png
cropped_0004_label_G2fWPEgz_3360_0.png,cropped_0004_label_G2fWPEgz_3360_0_mask.png
cropped_0004_label_G2fWPEgz_1440_1920.png,cropped_0004_label_G2fWPEgz_1440_1920_mask.png
cropped_0004_label_G2fWPEgz_3840_480.png,cropped_0004_label_G2fWPEgz_3840_480_mask.png
cropped_0004_label_G2fWPEgz_3360_1920.png,cropped_0004_label_G2fWPEgz_3360_1920_mask.png
cropped_0004_label_G2fWPEgz_1920_1440.png,cropped_0004_label_G2fWPEgz_1920_1440_mask.png
cropped_0004_label_G2fWPEgz_3360_2880.png,cropped_0004_label_G2fWPEgz_3360_2880_mask.png
cropped_0004_label_G2fWPEgz_480_0.png,cropped_0004_label_G2fWPEgz_480_0_mask.png
cropped_0004_label_G2fWPEgz_960_1920.png,cropped_0004_label_G2fWPEgz_960_1920_mask.png
cropped_0004_label_G2fWPEgz_480_1920.png,cropped_0004_label_G2fWPEgz_480_1920_mask.png
cropped_0010_label_l26civYo_3360_0.png,cropped_0010_label_l26civYo_3360_0_mask.png
cropped_0010_label_l26civYo_2400_1440.png,cropped_0010_label_l26civYo_2400_1440_mask.png
cropped_0010_label_l26civYo_3840_1440.png,cropped_0010_label_l26civYo_3840_1440_mask.png
cropped_0010_label_l26civYo_2400_480.png,cropped_0010_label_l26civYo_2400_480_mask.png
cropped_0010_label_l26civYo_2880_0.png,cropped_0010_label_l26civYo_2880_0_mask.png
cropped_0010_label_l26civYo_2880_2880.png,cropped_0010_label_l26civYo_2880_2880_mask.png
cropped_0010_label_l26civYo_1440_0.png,cropped_0010_label_l26civYo_1440_0_mask.png
cropped_0010_label_l26civYo_0_960.png,cropped_0010_label_l26civYo_0_960_mask.png
cropped_0010_label_l26civYo_480_480.png,cropped_0010_label_l26civYo_480_480_mask.png
cropped_0010_label_l26civYo_960_960.png,cropped_0010_label_l26civYo_960_960_mask.png
cropped_0010_label_l26civYo_2400_2400.png,cropped_0010_label_l26civYo_2400_2400_mask.png
cropped_0010_label_l26civYo_2880_960.png,cropped_0010_label_l26civYo_2880_960_mask.png
cropped_0010_label_l26civYo_2400_1920.png,cropped_0010_label_l26civYo_2400_1920_mask.png
cropped_0010_label_l26civYo_3840_0.png,cropped_0010_label_l26civYo_3840_0_mask.png
cropped_0010_label_l26civYo_2880_1920.png,cropped_0010_label_l26civYo_2880_1920_mask.png
cropped_0010_label_l26civYo_1920_480.png,cropped_0010_label_l26civYo_1920_480_mask.png
cropped_0010_label_l26civYo_2400_960.png,cropped_0010_label_l26civYo_2400_960_mask.png
cropped_0010_label_l26civYo_3360_480.png,cropped_0010_label_l26civYo_3360_480_mask.png
cropped_0010_label_l26civYo_1920_960.png,cropped_0010_label_l26civYo_1920_960_mask.png
cropped_0010_label_l26civYo_480_960.png,cropped_0010_label_l26civYo_480_960_mask.png
cropped_0010_label_l26civYo_2400_2880.png,cropped_0010_label_l26civYo_2400_2880_mask.png
cropped_0010_label_l26civYo_2880_480.png,cropped_0010_label_l26civYo_2880_480_mask.png
cropped_0010_label_l26civYo_3360_960.png,cropped_0010_label_l26civYo_3360_960_mask.png
cropped_0004_label_FCjmsocM_1920_1920.png,cropped_0004_label_FCjmsocM_1920_1920_mask.png
cropped_0004_label_FCjmsocM_0_480.png,cropped_0004_label_FCjmsocM_0_480_mask.png
cropped_0004_label_FCjmsocM_1920_480.png,cropped_0004_label_FCjmsocM_1920_480_mask.png
cropped_0004_label_FCjmsocM_2400_0.png,cropped_0004_label_FCjmsocM_2400_0_mask.png
cropped_0004_label_FCjmsocM_1920_2400.png,cropped_0004_label_FCjmsocM_1920_2400_mask.png
cropped_0004_label_FCjmsocM_480_1440.png,cropped_0004_label_FCjmsocM_480_1440_mask.png
cropped_0004_label_FCjmsocM_2880_1440.png,cropped_0004_label_FCjmsocM_2880_1440_mask.png
cropped_0004_label_FCjmsocM_480_480.png,cropped_0004_label_FCjmsocM_480_480_mask.png
cropped_0004_label_FCjmsocM_1440_480.png,cropped_0004_label_FCjmsocM_1440_480_mask.png
cropped_0004_label_FCjmsocM_2880_480.png,cropped_0004_label_FCjmsocM_2880_480_mask.png
cropped_0004_label_FCjmsocM_960_480.png,cropped_0004_label_FCjmsocM_960_480_mask.png
cropped_0004_label_FCjmsocM_1920_960.png,cropped_0004_label_FCjmsocM_1920_960_mask.png
cropped_0004_label_FCjmsocM_480_960.png,cropped_0004_label_FCjmsocM_480_960_mask.png
cropped_0004_label_FCjmsocM_2400_480.png,cropped_0004_label_FCjmsocM_2400_480_mask.png
cropped_0004_label_FCjmsocM_960_1920.png,cropped_0004_label_FCjmsocM_960_1920_mask.png
cropped_0004_label_FCjmsocM_960_0.png,cropped_0004_label_FCjmsocM_960_0_mask.png
cropped_0004_label_FCjmsocM_1440_1920.png,cropped_0004_label_FCjmsocM_1440_1920_mask.png
cropped_0004_label_FCjmsocM_1920_2880.png,cropped_0004_label_FCjmsocM_1920_2880_mask.png
cropped_0004_label_FCjmsocM_0_2400.png,cropped_0004_label_FCjmsocM_0_2400_mask.png
cropped_0004_label_FCjmsocM_3840_960.png,cropped_0004_label_FCjmsocM_3840_960_mask.png
cropped_0004_label_FCjmsocM_3840_0.png,cropped_0004_label_FCjmsocM_3840_0_mask.png
cropped_0004_label_FCjmsocM_1920_0.png,cropped_0004_label_FCjmsocM_1920_0_mask.png
cropped_0006_label_iGFOdcQt_960_480.png,cropped_0006_label_iGFOdcQt_960_480_mask.png
cropped_0006_label_iGFOdcQt_2880_1440.png,cropped_0006_label_iGFOdcQt_2880_1440_mask.png
cropped_0006_label_iGFOdcQt_1920_0.png,cropped_0006_label_iGFOdcQt_1920_0_mask.png
cropped_0006_label_iGFOdcQt_2400_2400.png,cropped_0006_label_iGFOdcQt_2400_2400_mask.png
cropped_0006_label_iGFOdcQt_3360_1920.png,cropped_0006_label_iGFOdcQt_3360_1920_mask.png
cropped_0006_label_iGFOdcQt_3360_480.png,cropped_0006_label_iGFOdcQt_3360_480_mask.png
cropped_0006_label_iGFOdcQt_1440_960.png,cropped_0006_label_iGFOdcQt_1440_960_mask.png
cropped_0006_label_iGFOdcQt_2880_2400.png,cropped_0006_label_iGFOdcQt_2880_2400_mask.png
cropped_0006_label_iGFOdcQt_1920_960.png,cropped_0006_label_iGFOdcQt_1920_960_mask.png
cropped_0006_label_iGFOdcQt_1440_480.png,cropped_0006_label_iGFOdcQt_1440_480_mask.png
cropped_0006_label_iGFOdcQt_2400_0.png,cropped_0006_label_iGFOdcQt_2400_0_mask.png
cropped_0006_label_iGFOdcQt_0_1920.png,cropped_0006_label_iGFOdcQt_0_1920_mask.png
cropped_0006_label_iGFOdcQt_960_960.png,cropped_0006_label_iGFOdcQt_960_960_mask.png
cropped_0006_label_iGFOdcQt_3840_480.png,cropped_0006_label_iGFOdcQt_3840_480_mask.png
cropped_0006_label_iGFOdcQt_3360_1440.png,cropped_0006_label_iGFOdcQt_3360_1440_mask.png
cropped_0006_label_iGFOdcQt_1920_1440.png,cropped_0006_label_iGFOdcQt_1920_1440_mask.png
cropped_0006_label_iGFOdcQt_2880_960.png,cropped_0006_label_iGFOdcQt_2880_960_mask.png
cropped_0006_label_iGFOdcQt_2400_1920.png,cropped_0006_label_iGFOdcQt_2400_1920_mask.png
cropped_0006_label_iGFOdcQt_1440_1440.png,cropped_0006_label_iGFOdcQt_1440_1440_mask.png
cropped_0006_label_iGFOdcQt_2400_2880.png,cropped_0006_label_iGFOdcQt_2400_2880_mask.png
cropped_0006_label_iGFOdcQt_2880_2880.png,cropped_0006_label_iGFOdcQt_2880_2880_mask.png
cropped_0006_label_iGFOdcQt_3840_960.png,cropped_0006_label_iGFOdcQt_3840_960_mask.png
cropped_00000007_7_2400_2400.png,cropped_00000007_7_2400_2400_mask.png
cropped_00000007_7_480_2400.png,cropped_00000007_7_480_2400_mask.png
cropped_00000007_7_0_480.png,cropped_00000007_7_0_480_mask.png
cropped_00000007_7_2400_2880.png,cropped_00000007_7_2400_2880_mask.png
cropped_00000007_7_3360_2880.png,cropped_00000007_7_3360_2880_mask.png
cropped_00000007_7_1920_960.png,cropped_00000007_7_1920_960_mask.png
cropped_00000007_7_3840_480.png,cropped_00000007_7_3840_480_mask.png
cropped_00000007_7_1920_2400.png,cropped_00000007_7_1920_2400_mask.png
cropped_00000007_7_2880_960.png,cropped_00000007_7_2880_960_mask.png
cropped_00000007_7_0_2400.png,cropped_00000007_7_0_2400_mask.png
cropped_00000007_7_3360_1920.png,cropped_00000007_7_3360_1920_mask.png
cropped_00000007_7_960_2880.png,cropped_00000007_7_960_2880_mask.png
cropped_00000007_7_3360_0.png,cropped_00000007_7_3360_0_mask.png
cropped_00000007_7_1920_1440.png,cropped_00000007_7_1920_1440_mask.png
cropped_0005_label_ZublKlRs_2400_2880.png,cropped_0005_label_ZublKlRs_2400_2880_mask.png
cropped_0005_label_ZublKlRs_3840_2880.png,cropped_0005_label_ZublKlRs_3840_2880_mask.png
cropped_0005_label_ZublKlRs_480_1440.png,cropped_0005_label_ZublKlRs_480_1440_mask.png
cropped_0005_label_ZublKlRs_1920_1920.png,cropped_0005_label_ZublKlRs_1920_1920_mask.png
cropped_0005_label_ZublKlRs_1920_0.png,cropped_0005_label_ZublKlRs_1920_0_mask.png
cropped_0005_label_ZublKlRs_0_1920.png,cropped_0005_label_ZublKlRs_0_1920_mask.png
cropped_0005_label_ZublKlRs_1440_1440.png,cropped_0005_label_ZublKlRs_1440_1440_mask.png
cropped_0005_label_ZublKlRs_960_2880.png,cropped_0005_label_ZublKlRs_960_2880_mask.png
cropped_0005_label_ZublKlRs_1920_1440.png,cropped_0005_label_ZublKlRs_1920_1440_mask.png
cropped_0005_label_ZublKlRs_480_2880.png,cropped_0005_label_ZublKlRs_480_2880_mask.png
cropped_0005_label_ZublKlRs_3840_1440.png,cropped_0005_label_ZublKlRs_3840_1440_mask.png
cropped_0005_label_ZublKlRs_1440_1920.png,cropped_0005_label_ZublKlRs_1440_1920_mask.png
cropped_0005_label_ZublKlRs_1440_0.png,cropped_0005_label_ZublKlRs_1440_0_mask.png
cropped_0005_label_ZublKlRs_0_2880.png,cropped_0005_label_ZublKlRs_0_2880_mask.png
cropped_0005_label_ZublKlRs_480_0.png,cropped_0005_label_ZublKlRs_480_0_mask.png
cropped_0005_label_ZublKlRs_2880_2880.png,cropped_0005_label_ZublKlRs_2880_2880_mask.png
cropped_0005_label_ZublKlRs_0_960.png,cropped_0005_label_ZublKlRs_0_960_mask.png
cropped_0005_label_ZublKlRs_960_0.png,cropped_0005_label_ZublKlRs_960_0_mask.png
cropped_0002_label_M4HYDr16_480_480.png,cropped_0002_label_M4HYDr16_480_480_mask.png
cropped_0002_label_M4HYDr16_0_960.png,cropped_0002_label_M4HYDr16_0_960_mask.png
cropped_0002_label_M4HYDr16_960_0.png,cropped_0002_label_M4HYDr16_960_0_mask.png
cropped_0002_label_M4HYDr16_1920_0.png,cropped_0002_label_M4HYDr16_1920_0_mask.png
cropped_0002_label_M4HYDr16_480_2880.png,cropped_0002_label_M4HYDr16_480_2880_mask.png
cropped_0002_label_M4HYDr16_3360_480.png,cropped_0002_label_M4HYDr16_3360_480_mask.png
cropped_0002_label_M4HYDr16_960_480.png,cropped_0002_label_M4HYDr16_960_480_mask.png
cropped_0002_label_M4HYDr16_480_2400.png,cropped_0002_label_M4HYDr16_480_2400_mask.png
cropped_0002_label_M4HYDr16_2400_960.png,cropped_0002_label_M4HYDr16_2400_960_mask.png
cropped_0002_label_M4HYDr16_3360_1440.png,cropped_0002_label_M4HYDr16_3360_1440_mask.png
cropped_0002_label_M4HYDr16_2400_0.png,cropped_0002_label_M4HYDr16_2400_0_mask.png
cropped_0002_label_M4HYDr16_2880_2880.png,cropped_0002_label_M4HYDr16_2880_2880_mask.png
cropped_0002_label_M4HYDr16_480_0.png,cropped_0002_label_M4HYDr16_480_0_mask.png
cropped_0002_label_M4HYDr16_1920_480.png,cropped_0002_label_M4HYDr16_1920_480_mask.png
cropped_0002_label_M4HYDr16_0_2880.png,cropped_0002_label_M4HYDr16_0_2880_mask.png
cropped_0002_label_M4HYDr16_3360_2400.png,cropped_0002_label_M4HYDr16_3360_2400_mask.png
cropped_0002_label_M4HYDr16_1920_1440.png,cropped_0002_label_M4HYDr16_1920_1440_mask.png
cropped_0002_label_M4HYDr16_2400_480.png,cropped_0002_label_M4HYDr16_2400_480_mask.png
cropped_0002_label_M4HYDr16_480_960.png,cropped_0002_label_M4HYDr16_480_960_mask.png
cropped_0002_label_M4HYDr16_960_1440.png,cropped_0002_label_M4HYDr16_960_1440_mask.png
cropped_0002_label_M4HYDr16_480_1920.png,cropped_0002_label_M4HYDr16_480_1920_mask.png
cropped_0002_label_M4HYDr16_1920_2400.png,cropped_0002_label_M4HYDr16_1920_2400_mask.png
cropped_0002_label_QbCmZ2ce_1440_1440.png,cropped_0002_label_QbCmZ2ce_1440_1440_mask.png
cropped_0002_label_QbCmZ2ce_2880_1440.png,cropped_0002_label_QbCmZ2ce_2880_1440_mask.png
cropped_0002_label_QbCmZ2ce_3840_480.png,cropped_0002_label_QbCmZ2ce_3840_480_mask.png
cropped_0002_label_QbCmZ2ce_3360_480.png,cropped_0002_label_QbCmZ2ce_3360_480_mask.png
cropped_0002_label_QbCmZ2ce_960_1920.png,cropped_0002_label_QbCmZ2ce_960_1920_mask.png
cropped_0002_label_QbCmZ2ce_2880_960.png,cropped_0002_label_QbCmZ2ce_2880_960_mask.png
cropped_0002_label_QbCmZ2ce_480_960.png,cropped_0002_label_QbCmZ2ce_480_960_mask.png
cropped_0002_label_QbCmZ2ce_960_480.png,cropped_0002_label_QbCmZ2ce_960_480_mask.png
cropped_0002_label_QbCmZ2ce_0_0.png,cropped_0002_label_QbCmZ2ce_0_0_mask.png
cropped_0002_label_QbCmZ2ce_0_960.png,cropped_0002_label_QbCmZ2ce_0_960_mask.png
cropped_0002_label_QbCmZ2ce_2880_0.png,cropped_0002_label_QbCmZ2ce_2880_0_mask.png
cropped_0002_label_QbCmZ2ce_960_2880.png,cropped_0002_label_QbCmZ2ce_960_2880_mask.png
cropped_0002_label_QbCmZ2ce_0_1440.png,cropped_0002_label_QbCmZ2ce_0_1440_mask.png
cropped_0002_label_QbCmZ2ce_480_0.png,cropped_0002_label_QbCmZ2ce_480_0_mask.png
cropped_0002_label_QbCmZ2ce_480_2400.png,cropped_0002_label_QbCmZ2ce_480_2400_mask.png
cropped_0002_label_QbCmZ2ce_3360_2400.png,cropped_0002_label_QbCmZ2ce_3360_2400_mask.png
cropped_0002_label_QbCmZ2ce_3840_1920.png,cropped_0002_label_QbCmZ2ce_3840_1920_mask.png
cropped_0001_label_uCXpTeJJ_3840_2400.png,cropped_0001_label_uCXpTeJJ_3840_2400_mask.png
cropped_0001_label_uCXpTeJJ_1920_0.png,cropped_0001_label_uCXpTeJJ_1920_0_mask.png
cropped_0001_label_uCXpTeJJ_2880_480.png,cropped_0001_label_uCXpTeJJ_2880_480_mask.png
cropped_0001_label_uCXpTeJJ_3840_960.png,cropped_0001_label_uCXpTeJJ_3840_960_mask.png
cropped_0001_label_uCXpTeJJ_2880_0.png,cropped_0001_label_uCXpTeJJ_2880_0_mask.png
cropped_0001_label_uCXpTeJJ_3360_2880.png,cropped_0001_label_uCXpTeJJ_3360_2880_mask.png
cropped_0001_label_uCXpTeJJ_0_2880.png,cropped_0001_label_uCXpTeJJ_0_2880_mask.png
cropped_0001_label_uCXpTeJJ_960_1920.png,cropped_0001_label_uCXpTeJJ_960_1920_mask.png
cropped_0001_label_uCXpTeJJ_1440_1440.png,cropped_0001_label_uCXpTeJJ_1440_1440_mask.png
cropped_0001_label_uCXpTeJJ_3840_480.png,cropped_0001_label_uCXpTeJJ_3840_480_mask.png
cropped_0001_label_uCXpTeJJ_2400_0.png,cropped_0001_label_uCXpTeJJ_2400_0_mask.png
cropped_0001_label_uCXpTeJJ_1920_2880.png,cropped_0001_label_uCXpTeJJ_1920_2880_mask.png
cropped_0001_label_uCXpTeJJ_0_2400.png,cropped_0001_label_uCXpTeJJ_0_2400_mask.png
cropped_0001_label_uCXpTeJJ_0_1920.png,cropped_0001_label_uCXpTeJJ_0_1920_mask.png
cropped_0011_label_0xjUoY7D_1440_2400.png,cropped_0011_label_0xjUoY7D_1440_2400_mask.png
cropped_0011_label_0xjUoY7D_1440_1920.png,cropped_0011_label_0xjUoY7D_1440_1920_mask.png
cropped_0011_label_0xjUoY7D_0_1440.png,cropped_0011_label_0xjUoY7D_0_1440_mask.png
cropped_0011_label_0xjUoY7D_0_480.png,cropped_0011_label_0xjUoY7D_0_480_mask.png
cropped_0011_label_0xjUoY7D_480_2880.png,cropped_0011_label_0xjUoY7D_480_2880_mask.png
cropped_0011_label_0xjUoY7D_1920_960.png,cropped_0011_label_0xjUoY7D_1920_960_mask.png
cropped_0011_label_0xjUoY7D_0_960.png,cropped_0011_label_0xjUoY7D_0_960_mask.png
cropped_0011_label_0xjUoY7D_960_2880.png,cropped_0011_label_0xjUoY7D_960_2880_mask.png
cropped_0011_label_0xjUoY7D_2880_1920.png,cropped_0011_label_0xjUoY7D_2880_1920_mask.png
cropped_0011_label_0xjUoY7D_960_960.png,cropped_0011_label_0xjUoY7D_960_960_mask.png
cropped_0011_label_0xjUoY7D_2400_2880.png,cropped_0011_label_0xjUoY7D_2400_2880_mask.png
cropped_0011_label_0xjUoY7D_3360_480.png,cropped_0011_label_0xjUoY7D_3360_480_mask.png
cropped_0011_label_0xjUoY7D_0_1920.png,cropped_0011_label_0xjUoY7D_0_1920_mask.png
cropped_00000009_4_1920_480.png,cropped_00000009_4_1920_480_mask.png
cropped_00000009_4_1920_1920.png,cropped_00000009_4_1920_1920_mask.png
cropped_00000009_4_1920_0.png,cropped_00000009_4_1920_0_mask.png
cropped_00000009_4_2400_0.png,cropped_00000009_4_2400_0_mask.png
cropped_00000009_4_1920_960.png,cropped_00000009_4_1920_960_mask.png
cropped_00000009_4_3360_0.png,cropped_00000009_4_3360_0_mask.png
cropped_00000009_4_480_2880.png,cropped_00000009_4_480_2880_mask.png
cropped_00000009_4_2880_1440.png,cropped_00000009_4_2880_1440_mask.png
cropped_00000009_4_3360_1920.png,cropped_00000009_4_3360_1920_mask.png
cropped_00000009_4_3360_2880.png,cropped_00000009_4_3360_2880_mask.png
cropped_00000009_4_0_0.png,cropped_00000009_4_0_0_mask.png
cropped_00000009_4_2880_0.png,cropped_00000009_4_2880_0_mask.png
cropped_00000009_4_960_960.png,cropped_00000009_4_960_960_mask.png
cropped_00000009_4_2880_2880.png,cropped_00000009_4_2880_2880_mask.png
cropped_00000009_4_2880_2400.png,cropped_00000009_4_2880_2400_mask.png
cropped_00000009_4_480_480.png,cropped_00000009_4_480_480_mask.png
cropped_00000009_4_0_960.png,cropped_00000009_4_0_960_mask.png
cropped_00000009_4_2400_2400.png,cropped_00000009_4_2400_2400_mask.png
cropped_00000009_4_480_1440.png,cropped_00000009_4_480_1440_mask.png
cropped_00000009_4_1440_480.png,cropped_00000009_4_1440_480_mask.png
cropped_00000009_4_480_960.png,cropped_00000009_4_480_960_mask.png
cropped_00000009_4_0_1440.png,cropped_00000009_4_0_1440_mask.png
cropped_00000009_4_3840_2400.png,cropped_00000009_4_3840_2400_mask.png
cropped_00000009_4_0_2400.png,cropped_00000009_4_0_2400_mask.png
cropped_00000009_4_2400_2880.png,cropped_00000009_4_2400_2880_mask.png
cropped_00000009_4_960_480.png,cropped_00000009_4_960_480_mask.png
cropped_00000009_4_2400_1920.png,cropped_00000009_4_2400_1920_mask.png
cropped_00000009_4_0_480.png,cropped_00000009_4_0_480_mask.png
cropped_00000009_4_2400_1440.png,cropped_00000009_4_2400_1440_mask.png
cropped_00000009_4_3360_960.png,cropped_00000009_4_3360_960_mask.png
cropped_00000009_4_2880_480.png,cropped_00000009_4_2880_480_mask.png
cropped_00000009_4_1440_960.png,cropped_00000009_4_1440_960_mask.png
cropped_0012_label_h2qBCL3Q_3840_2400.png,cropped_0012_label_h2qBCL3Q_3840_2400_mask.png
cropped_0012_label_h2qBCL3Q_1920_480.png,cropped_0012_label_h2qBCL3Q_1920_480_mask.png
cropped_0012_label_h2qBCL3Q_960_2400.png,cropped_0012_label_h2qBCL3Q_960_2400_mask.png
cropped_0012_label_h2qBCL3Q_2400_1440.png,cropped_0012_label_h2qBCL3Q_2400_1440_mask.png
cropped_0012_label_h2qBCL3Q_960_0.png,cropped_0012_label_h2qBCL3Q_960_0_mask.png
cropped_0012_label_h2qBCL3Q_2400_960.png,cropped_0012_label_h2qBCL3Q_2400_960_mask.png
cropped_0012_label_h2qBCL3Q_960_1440.png,cropped_0012_label_h2qBCL3Q_960_1440_mask.png
cropped_0012_label_h2qBCL3Q_3840_960.png,cropped_0012_label_h2qBCL3Q_3840_960_mask.png
cropped_0012_label_h2qBCL3Q_2880_2400.png,cropped_0012_label_h2qBCL3Q_2880_2400_mask.png
cropped_0012_label_h2qBCL3Q_2880_1440.png,cropped_0012_label_h2qBCL3Q_2880_1440_mask.png
cropped_0012_label_h2qBCL3Q_2400_480.png,cropped_0012_label_h2qBCL3Q_2400_480_mask.png
cropped_0012_label_h2qBCL3Q_0_1440.png,cropped_0012_label_h2qBCL3Q_0_1440_mask.png
cropped_0012_label_h2qBCL3Q_960_480.png,cropped_0012_label_h2qBCL3Q_960_480_mask.png
cropped_0012_label_h2qBCL3Q_0_1920.png,cropped_0012_label_h2qBCL3Q_0_1920_mask.png
cropped_0012_label_h2qBCL3Q_960_960.png,cropped_0012_label_h2qBCL3Q_960_960_mask.png
cropped_0018_label_uCXpTeJJ_1920_0.png,cropped_0018_label_uCXpTeJJ_1920_0_mask.png
cropped_0018_label_uCXpTeJJ_3840_960.png,cropped_0018_label_uCXpTeJJ_3840_960_mask.png
cropped_0018_label_uCXpTeJJ_2400_1440.png,cropped_0018_label_uCXpTeJJ_2400_1440_mask.png
cropped_0018_label_uCXpTeJJ_3840_1920.png,cropped_0018_label_uCXpTeJJ_3840_1920_mask.png
cropped_0018_label_uCXpTeJJ_480_2400.png,cropped_0018_label_uCXpTeJJ_480_2400_mask.png
cropped_0018_label_uCXpTeJJ_2880_2880.png,cropped_0018_label_uCXpTeJJ_2880_2880_mask.png
cropped_0018_label_uCXpTeJJ_0_1920.png,cropped_0018_label_uCXpTeJJ_0_1920_mask.png
cropped_0018_label_uCXpTeJJ_3360_1920.png,cropped_0018_label_uCXpTeJJ_3360_1920_mask.png
cropped_0018_label_uCXpTeJJ_480_480.png,cropped_0018_label_uCXpTeJJ_480_480_mask.png
cropped_0018_label_uCXpTeJJ_960_1440.png,cropped_0018_label_uCXpTeJJ_960_1440_mask.png
cropped_0018_label_uCXpTeJJ_2400_960.png,cropped_0018_label_uCXpTeJJ_2400_960_mask.png
cropped_0018_label_uCXpTeJJ_0_480.png,cropped_0018_label_uCXpTeJJ_0_480_mask.png
cropped_0018_label_uCXpTeJJ_1920_480.png,cropped_0018_label_uCXpTeJJ_1920_480_mask.png
cropped_0018_label_uCXpTeJJ_960_960.png,cropped_0018_label_uCXpTeJJ_960_960_mask.png
cropped_0018_label_uCXpTeJJ_960_2400.png,cropped_0018_label_uCXpTeJJ_960_2400_mask.png
cropped_0018_label_uCXpTeJJ_2400_480.png,cropped_0018_label_uCXpTeJJ_2400_480_mask.png
cropped_0018_label_uCXpTeJJ_3840_2880.png,cropped_0018_label_uCXpTeJJ_3840_2880_mask.png
cropped_0018_label_uCXpTeJJ_960_480.png,cropped_0018_label_uCXpTeJJ_960_480_mask.png
cropped_0018_label_uCXpTeJJ_1920_960.png,cropped_0018_label_uCXpTeJJ_1920_960_mask.png
cropped_0005_label_5caRcr55_2400_1440.png,cropped_0005_label_5caRcr55_2400_1440_mask.png
cropped_0005_label_5caRcr55_960_960.png,cropped_0005_label_5caRcr55_960_960_mask.png
cropped_0005_label_5caRcr55_1440_1440.png,cropped_0005_label_5caRcr55_1440_1440_mask.png
cropped_0005_label_5caRcr55_1440_960.png,cropped_0005_label_5caRcr55_1440_960_mask.png
cropped_0005_label_5caRcr55_1920_1920.png,cropped_0005_label_5caRcr55_1920_1920_mask.png
cropped_0005_label_5caRcr55_1440_2880.png,cropped_0005_label_5caRcr55_1440_2880_mask.png
cropped_0005_label_5caRcr55_1920_1440.png,cropped_0005_label_5caRcr55_1920_1440_mask.png
cropped_0005_label_5caRcr55_960_1440.png,cropped_0005_label_5caRcr55_960_1440_mask.png
cropped_0005_label_5caRcr55_2880_480.png,cropped_0005_label_5caRcr55_2880_480_mask.png
cropped_0005_label_5caRcr55_1440_2400.png,cropped_0005_label_5caRcr55_1440_2400_mask.png
cropped_0005_label_5caRcr55_1920_2880.png,cropped_0005_label_5caRcr55_1920_2880_mask.png
cropped_0005_label_5caRcr55_1920_0.png,cropped_0005_label_5caRcr55_1920_0_mask.png
cropped_0005_label_5caRcr55_960_1920.png,cropped_0005_label_5caRcr55_960_1920_mask.png
cropped_0005_label_5caRcr55_0_2400.png,cropped_0005_label_5caRcr55_0_2400_mask.png
cropped_0005_label_5caRcr55_1440_1920.png,cropped_0005_label_5caRcr55_1440_1920_mask.png
cropped_0005_label_5caRcr55_1920_2400.png,cropped_0005_label_5caRcr55_1920_2400_mask.png
cropped_0005_label_5caRcr55_480_0.png,cropped_0005_label_5caRcr55_480_0_mask.png
cropped_0005_label_5caRcr55_2880_960.png,cropped_0005_label_5caRcr55_2880_960_mask.png
cropped_0005_label_5caRcr55_1440_480.png,cropped_0005_label_5caRcr55_1440_480_mask.png
cropped_0005_label_5caRcr55_3360_0.png,cropped_0005_label_5caRcr55_3360_0_mask.png
cropped_0017_label_uCXpTeJJ_3840_0.png,cropped_0017_label_uCXpTeJJ_3840_0_mask.png
cropped_0017_label_uCXpTeJJ_960_480.png,cropped_0017_label_uCXpTeJJ_960_480_mask.png
cropped_0017_label_uCXpTeJJ_3840_1440.png,cropped_0017_label_uCXpTeJJ_3840_1440_mask.png
cropped_0017_label_uCXpTeJJ_1920_2400.png,cropped_0017_label_uCXpTeJJ_1920_2400_mask.png
cropped_0017_label_uCXpTeJJ_1920_480.png,cropped_0017_label_uCXpTeJJ_1920_480_mask.png
cropped_0017_label_uCXpTeJJ_2400_2400.png,cropped_0017_label_uCXpTeJJ_2400_2400_mask.png
cropped_0017_label_uCXpTeJJ_3360_2400.png,cropped_0017_label_uCXpTeJJ_3360_2400_mask.png
cropped_0017_label_uCXpTeJJ_960_2880.png,cropped_0017_label_uCXpTeJJ_960_2880_mask.png
cropped_0017_label_uCXpTeJJ_0_2400.png,cropped_0017_label_uCXpTeJJ_0_2400_mask.png
cropped_0017_label_uCXpTeJJ_2400_960.png,cropped_0017_label_uCXpTeJJ_2400_960_mask.png
cropped_0017_label_uCXpTeJJ_3840_960.png,cropped_0017_label_uCXpTeJJ_3840_960_mask.png
cropped_0017_label_uCXpTeJJ_2400_1920.png,cropped_0017_label_uCXpTeJJ_2400_1920_mask.png
cropped_0017_label_uCXpTeJJ_3360_960.png,cropped_0017_label_uCXpTeJJ_3360_960_mask.png
cropped_0017_label_uCXpTeJJ_960_1440.png,cropped_0017_label_uCXpTeJJ_960_1440_mask.png
cropped_0017_label_uCXpTeJJ_0_1920.png,cropped_0017_label_uCXpTeJJ_0_1920_mask.png
cropped_0017_label_uCXpTeJJ_2400_2880.png,cropped_0017_label_uCXpTeJJ_2400_2880_mask.png
cropped_0017_label_uCXpTeJJ_960_960.png,cropped_0017_label_uCXpTeJJ_960_960_mask.png
cropped_0017_label_uCXpTeJJ_2400_1440.png,cropped_0017_label_uCXpTeJJ_2400_1440_mask.png
cropped_0013_label_iSVx22hl_0_1440.png,cropped_0013_label_iSVx22hl_0_1440_mask.png
cropped_0013_label_iSVx22hl_960_1440.png,cropped_0013_label_iSVx22hl_960_1440_mask.png
cropped_0013_label_iSVx22hl_2880_1440.png,cropped_0013_label_iSVx22hl_2880_1440_mask.png
cropped_0013_label_iSVx22hl_2400_1440.png,cropped_0013_label_iSVx22hl_2400_1440_mask.png
cropped_0013_label_iSVx22hl_0_2400.png,cropped_0013_label_iSVx22hl_0_2400_mask.png
cropped_0013_label_iSVx22hl_3840_960.png,cropped_0013_label_iSVx22hl_3840_960_mask.png
cropped_0013_label_iSVx22hl_3360_960.png,cropped_0013_label_iSVx22hl_3360_960_mask.png
cropped_0013_label_iSVx22hl_960_1920.png,cropped_0013_label_iSVx22hl_960_1920_mask.png
cropped_0013_label_iSVx22hl_0_2880.png,cropped_0013_label_iSVx22hl_0_2880_mask.png
cropped_0013_label_iSVx22hl_960_2880.png,cropped_0013_label_iSVx22hl_960_2880_mask.png
cropped_0013_label_iSVx22hl_2400_1920.png,cropped_0013_label_iSVx22hl_2400_1920_mask.png
cropped_0013_label_iSVx22hl_960_0.png,cropped_0013_label_iSVx22hl_960_0_mask.png
cropped_0013_label_iSVx22hl_3360_0.png,cropped_0013_label_iSVx22hl_3360_0_mask.png
cropped_0013_label_iSVx22hl_1920_1440.png,cropped_0013_label_iSVx22hl_1920_1440_mask.png
cropped_00000037_2_960_2880.png,cropped_00000037_2_960_2880_mask.png
cropped_00000037_2_1440_960.png,cropped_00000037_2_1440_960_mask.png
cropped_00000037_2_1440_2880.png,cropped_00000037_2_1440_2880_mask.png
cropped_00000037_2_1440_1920.png,cropped_00000037_2_1440_1920_mask.png
cropped_00000037_2_960_2400.png,cropped_00000037_2_960_2400_mask.png
cropped_00000037_2_2880_960.png,cropped_00000037_2_2880_960_mask.png
cropped_00000037_2_960_480.png,cropped_00000037_2_960_480_mask.png
cropped_00000037_2_1920_2400.png,cropped_00000037_2_1920_2400_mask.png
cropped_00000037_2_2400_2880.png,cropped_00000037_2_2400_2880_mask.png
cropped_00000037_2_0_2880.png,cropped_00000037_2_0_2880_mask.png
cropped_00000037_2_480_2880.png,cropped_00000037_2_480_2880_mask.png
cropped_00000037_2_1920_480.png,cropped_00000037_2_1920_480_mask.png
cropped_00000037_2_480_480.png,cropped_00000037_2_480_480_mask.png
cropped_00000037_2_3840_2880.png,cropped_00000037_2_3840_2880_mask.png
cropped_00000037_2_0_480.png,cropped_00000037_2_0_480_mask.png
cropped_00000037_2_480_1440.png,cropped_00000037_2_480_1440_mask.png
cropped_00000037_2_3360_960.png,cropped_00000037_2_3360_960_mask.png
cropped_00000037_2_1440_480.png,cropped_00000037_2_1440_480_mask.png
cropped_00000037_2_3360_1920.png,cropped_00000037_2_3360_1920_mask.png
cropped_0002_label_egaPlFje_480_2400.png,cropped_0002_label_egaPlFje_480_2400_mask.png
cropped_0002_label_egaPlFje_0_1440.png,cropped_0002_label_egaPlFje_0_1440_mask.png
cropped_0002_label_egaPlFje_480_960.png,cropped_0002_label_egaPlFje_480_960_mask.png
cropped_0002_label_egaPlFje_480_1440.png,cropped_0002_label_egaPlFje_480_1440_mask.png
cropped_0002_label_egaPlFje_1920_960.png,cropped_0002_label_egaPlFje_1920_960_mask.png
cropped_0002_label_egaPlFje_2400_0.png,cropped_0002_label_egaPlFje_2400_0_mask.png
cropped_0002_label_egaPlFje_3360_1440.png,cropped_0002_label_egaPlFje_3360_1440_mask.png
cropped_0002_label_egaPlFje_3360_0.png,cropped_0002_label_egaPlFje_3360_0_mask.png
cropped_0002_label_egaPlFje_1440_2880.png,cropped_0002_label_egaPlFje_1440_2880_mask.png
cropped_0002_label_egaPlFje_2880_1920.png,cropped_0002_label_egaPlFje_2880_1920_mask.png
cropped_0002_label_egaPlFje_0_0.png,cropped_0002_label_egaPlFje_0_0_mask.png
cropped_0002_label_egaPlFje_2400_2400.png,cropped_0002_label_egaPlFje_2400_2400_mask.png
cropped_0002_label_egaPlFje_1440_2400.png,cropped_0002_label_egaPlFje_1440_2400_mask.png
cropped_0002_label_egaPlFje_480_2880.png,cropped_0002_label_egaPlFje_480_2880_mask.png
cropped_0002_label_egaPlFje_480_0.png,cropped_0002_label_egaPlFje_480_0_mask.png
cropped_0002_label_egaPlFje_3840_1920.png,cropped_0002_label_egaPlFje_3840_1920_mask.png
cropped_0002_label_egaPlFje_0_960.png,cropped_0002_label_egaPlFje_0_960_mask.png
cropped_0002_label_egaPlFje_3840_1440.png,cropped_0002_label_egaPlFje_3840_1440_mask.png
cropped_0002_label_egaPlFje_3840_0.png,cropped_0002_label_egaPlFje_3840_0_mask.png
cropped_0002_label_egaPlFje_3360_2400.png,cropped_0002_label_egaPlFje_3360_2400_mask.png
cropped_0002_label_egaPlFje_960_1920.png,cropped_0002_label_egaPlFje_960_1920_mask.png
cropped_00000003_8_1440_2400.png,cropped_00000003_8_1440_2400_mask.png
cropped_00000003_8_1920_480.png,cropped_00000003_8_1920_480_mask.png
cropped_00000003_8_3360_2880.png,cropped_00000003_8_3360_2880_mask.png
cropped_00000003_8_1920_960.png,cropped_00000003_8_1920_960_mask.png
cropped_00000003_8_3840_0.png,cropped_00000003_8_3840_0_mask.png
cropped_00000003_8_1920_1440.png,cropped_00000003_8_1920_1440_mask.png
cropped_00000003_8_1920_2400.png,cropped_00000003_8_1920_2400_mask.png
cropped_00000003_8_2400_960.png,cropped_00000003_8_2400_960_mask.png
cropped_00000003_8_960_1920.png,cropped_00000003_8_960_1920_mask.png
cropped_00000003_8_3840_2400.png,cropped_00000003_8_3840_2400_mask.png
cropped_00000003_8_3360_2400.png,cropped_00000003_8_3360_2400_mask.png
cropped_00000003_8_960_960.png,cropped_00000003_8_960_960_mask.png
cropped_00000003_8_2400_480.png,cropped_00000003_8_2400_480_mask.png
cropped_00000003_8_3360_0.png,cropped_00000003_8_3360_0_mask.png
cropped_00000003_8_2880_1440.png,cropped_00000003_8_2880_1440_mask.png
cropped_00000003_8_2400_1440.png,cropped_00000003_8_2400_1440_mask.png
cropped_00000003_8_1440_480.png,cropped_00000003_8_1440_480_mask.png
cropped_00000028_2_2880_2400.png,cropped_00000028_2_2880_2400_mask.png
cropped_00000028_2_2400_960.png,cropped_00000028_2_2400_960_mask.png
cropped_00000028_2_3840_1440.png,cropped_00000028_2_3840_1440_mask.png
cropped_00000028_2_480_480.png,cropped_00000028_2_480_480_mask.png
cropped_00000028_2_480_2400.png,cropped_00000028_2_480_2400_mask.png
cropped_00000028_2_1920_1440.png,cropped_00000028_2_1920_1440_mask.png
cropped_00000028_2_1920_0.png,cropped_00000028_2_1920_0_mask.png
cropped_00000028_2_3840_480.png,cropped_00000028_2_3840_480_mask.png
cropped_00000028_2_3840_2400.png,cropped_00000028_2_3840_2400_mask.png
cropped_00000028_2_0_1440.png,cropped_00000028_2_0_1440_mask.png
cropped_00000028_2_2400_480.png,cropped_00000028_2_2400_480_mask.png
cropped_00000028_2_1920_960.png,cropped_00000028_2_1920_960_mask.png
cropped_00000028_2_3360_2880.png,cropped_00000028_2_3360_2880_mask.png
cropped_00000028_2_1440_2880.png,cropped_00000028_2_1440_2880_mask.png
cropped_00000028_2_2400_1920.png,cropped_00000028_2_2400_1920_mask.png
cropped_00000028_2_3840_1920.png,cropped_00000028_2_3840_1920_mask.png
cropped_0015_label_WgYVYe3Q_3840_1920.png,cropped_0015_label_WgYVYe3Q_3840_1920_mask.png
cropped_0015_label_WgYVYe3Q_1440_2880.png,cropped_0015_label_WgYVYe3Q_1440_2880_mask.png
cropped_0015_label_WgYVYe3Q_0_1920.png,cropped_0015_label_WgYVYe3Q_0_1920_mask.png
cropped_0015_label_WgYVYe3Q_1920_1920.png,cropped_0015_label_WgYVYe3Q_1920_1920_mask.png
cropped_0015_label_WgYVYe3Q_3360_2400.png,cropped_0015_label_WgYVYe3Q_3360_2400_mask.png
cropped_0015_label_WgYVYe3Q_2400_2400.png,cropped_0015_label_WgYVYe3Q_2400_2400_mask.png
cropped_0015_label_WgYVYe3Q_3360_960.png,cropped_0015_label_WgYVYe3Q_3360_960_mask.png
cropped_0015_label_WgYVYe3Q_0_0.png,cropped_0015_label_WgYVYe3Q_0_0_mask.png
cropped_0015_label_WgYVYe3Q_2880_480.png,cropped_0015_label_WgYVYe3Q_2880_480_mask.png
cropped_0015_label_WgYVYe3Q_480_480.png,cropped_0015_label_WgYVYe3Q_480_480_mask.png
cropped_0015_label_WgYVYe3Q_1920_960.png,cropped_0015_label_WgYVYe3Q_1920_960_mask.png
cropped_0015_label_WgYVYe3Q_3840_480.png,cropped_0015_label_WgYVYe3Q_3840_480_mask.png
cropped_0015_label_WgYVYe3Q_960_1920.png,cropped_0015_label_WgYVYe3Q_960_1920_mask.png
cropped_0015_label_WgYVYe3Q_960_0.png,cropped_0015_label_WgYVYe3Q_960_0_mask.png
cropped_0015_label_WgYVYe3Q_3360_1440.png,cropped_0015_label_WgYVYe3Q_3360_1440_mask.png
cropped_0015_label_WgYVYe3Q_2400_960.png,cropped_0015_label_WgYVYe3Q_2400_960_mask.png
cropped_0015_label_WgYVYe3Q_2880_0.png,cropped_0015_label_WgYVYe3Q_2880_0_mask.png
cropped_0015_label_WgYVYe3Q_2880_1920.png,cropped_0015_label_WgYVYe3Q_2880_1920_mask.png
cropped_0015_label_WgYVYe3Q_2400_0.png,cropped_0015_label_WgYVYe3Q_2400_0_mask.png
cropped_0015_label_WgYVYe3Q_1440_0.png,cropped_0015_label_WgYVYe3Q_1440_0_mask.png
cropped_0015_label_WgYVYe3Q_480_1440.png,cropped_0015_label_WgYVYe3Q_480_1440_mask.png
cropped_0015_label_WgYVYe3Q_1920_480.png,cropped_0015_label_WgYVYe3Q_1920_480_mask.png
cropped_0015_label_WgYVYe3Q_1920_0.png,cropped_0015_label_WgYVYe3Q_1920_0_mask.png
cropped_0015_label_WgYVYe3Q_1920_1440.png,cropped_0015_label_WgYVYe3Q_1920_1440_mask.png
cropped_0015_label_WgYVYe3Q_2880_960.png,cropped_0015_label_WgYVYe3Q_2880_960_mask.png
cropped_0015_label_WgYVYe3Q_2400_480.png,cropped_0015_label_WgYVYe3Q_2400_480_mask.png
cropped_0014_label_ouHctxiB_960_2400.png,cropped_0014_label_ouHctxiB_960_2400_mask.png
cropped_0014_label_ouHctxiB_1440_2880.png,cropped_0014_label_ouHctxiB_1440_2880_mask.png
cropped_0014_label_ouHctxiB_2400_960.png,cropped_0014_label_ouHctxiB_2400_960_mask.png
cropped_0014_label_ouHctxiB_0_1440.png,cropped_0014_label_ouHctxiB_0_1440_mask.png
cropped_0014_label_ouHctxiB_2400_2400.png,cropped_0014_label_ouHctxiB_2400_2400_mask.png
cropped_0014_label_ouHctxiB_480_960.png,cropped_0014_label_ouHctxiB_480_960_mask.png
cropped_0014_label_ouHctxiB_1920_1440.png,cropped_0014_label_ouHctxiB_1920_1440_mask.png
cropped_0014_label_ouHctxiB_1440_1440.png,cropped_0014_label_ouHctxiB_1440_1440_mask.png
cropped_0014_label_ouHctxiB_1920_960.png,cropped_0014_label_ouHctxiB_1920_960_mask.png
cropped_0014_label_ouHctxiB_0_480.png,cropped_0014_label_ouHctxiB_0_480_mask.png
cropped_0014_label_ouHctxiB_1920_0.png,cropped_0014_label_ouHctxiB_1920_0_mask.png
cropped_0014_label_ouHctxiB_480_1440.png,cropped_0014_label_ouHctxiB_480_1440_mask.png
cropped_0014_label_ouHctxiB_0_1920.png,cropped_0014_label_ouHctxiB_0_1920_mask.png
cropped_0014_label_ouHctxiB_3840_2400.png,cropped_0014_label_ouHctxiB_3840_2400_mask.png
cropped_0014_label_ouHctxiB_3840_1920.png,cropped_0014_label_ouHctxiB_3840_1920_mask.png
cropped_0014_label_ouHctxiB_3840_2880.png,cropped_0014_label_ouHctxiB_3840_2880_mask.png
cropped_0014_label_ouHctxiB_3360_0.png,cropped_0014_label_ouHctxiB_3360_0_mask.png
cropped_0014_label_ouHctxiB_0_2400.png,cropped_0014_label_ouHctxiB_0_2400_mask.png
cropped_0014_label_ouHctxiB_1440_1920.png,cropped_0014_label_ouHctxiB_1440_1920_mask.png
cropped_0014_label_ouHctxiB_2880_2400.png,cropped_0014_label_ouHctxiB_2880_2400_mask.png
cropped_0014_label_ouHctxiB_960_960.png,cropped_0014_label_ouHctxiB_960_960_mask.png
cropped_0014_label_ouHctxiB_2400_1440.png,cropped_0014_label_ouHctxiB_2400_1440_mask.png
cropped_0014_label_ouHctxiB_480_480.png,cropped_0014_label_ouHctxiB_480_480_mask.png
cropped_0014_label_ouHctxiB_480_1920.png,cropped_0014_label_ouHctxiB_480_1920_mask.png
cropped_0014_label_ouHctxiB_1440_2400.png,cropped_0014_label_ouHctxiB_1440_2400_mask.png
cropped_0014_label_ouHctxiB_960_1920.png,cropped_0014_label_ouHctxiB_960_1920_mask.png
cropped_0014_label_ouHctxiB_960_1440.png,cropped_0014_label_ouHctxiB_960_1440_mask.png
cropped_0014_label_ouHctxiB_3840_0.png,cropped_0014_label_ouHctxiB_3840_0_mask.png
cropped_0006_label_0xjUoY7D_3360_960.png,cropped_0006_label_0xjUoY7D_3360_960_mask.png
cropped_0006_label_0xjUoY7D_480_2400.png,cropped_0006_label_0xjUoY7D_480_2400_mask.png
cropped_0006_label_0xjUoY7D_3840_2880.png,cropped_0006_label_0xjUoY7D_3840_2880_mask.png
cropped_0006_label_0xjUoY7D_2400_1440.png,cropped_0006_label_0xjUoY7D_2400_1440_mask.png
cropped_0006_label_0xjUoY7D_2880_0.png,cropped_0006_label_0xjUoY7D_2880_0_mask.png
cropped_0006_label_0xjUoY7D_2400_0.png,cropped_0006_label_0xjUoY7D_2400_0_mask.png
cropped_0006_label_0xjUoY7D_1920_960.png,cropped_0006_label_0xjUoY7D_1920_960_mask.png
cropped_0006_label_0xjUoY7D_0_480.png,cropped_0006_label_0xjUoY7D_0_480_mask.png
cropped_0006_label_0xjUoY7D_3360_0.png,cropped_0006_label_0xjUoY7D_3360_0_mask.png
cropped_0006_label_0xjUoY7D_2880_960.png,cropped_0006_label_0xjUoY7D_2880_960_mask.png
cropped_0006_label_0xjUoY7D_0_2400.png,cropped_0006_label_0xjUoY7D_0_2400_mask.png
cropped_0006_label_0xjUoY7D_3840_2400.png,cropped_0006_label_0xjUoY7D_3840_2400_mask.png
cropped_0006_label_0xjUoY7D_1920_480.png,cropped_0006_label_0xjUoY7D_1920_480_mask.png
cropped_0006_label_0xjUoY7D_0_960.png,cropped_0006_label_0xjUoY7D_0_960_mask.png
cropped_0006_label_0xjUoY7D_960_2400.png,cropped_0006_label_0xjUoY7D_960_2400_mask.png
cropped_0006_label_0xjUoY7D_480_2880.png,cropped_0006_label_0xjUoY7D_480_2880_mask.png
cropped_0006_label_0xjUoY7D_960_960.png,cropped_0006_label_0xjUoY7D_960_960_mask.png
cropped_0006_label_0xjUoY7D_3360_2880.png,cropped_0006_label_0xjUoY7D_3360_2880_mask.png
cropped_0006_label_0xjUoY7D_2880_480.png,cropped_0006_label_0xjUoY7D_2880_480_mask.png
cropped_0012_label_M4HYDr16_1440_960.png,cropped_0012_label_M4HYDr16_1440_960_mask.png
cropped_0012_label_M4HYDr16_480_1440.png,cropped_0012_label_M4HYDr16_480_1440_mask.png
cropped_0012_label_M4HYDr16_1920_2880.png,cropped_0012_label_M4HYDr16_1920_2880_mask.png
cropped_0012_label_M4HYDr16_0_960.png,cropped_0012_label_M4HYDr16_0_960_mask.png
cropped_0012_label_M4HYDr16_1920_2400.png,cropped_0012_label_M4HYDr16_1920_2400_mask.png
cropped_0012_label_M4HYDr16_2400_0.png,cropped_0012_label_M4HYDr16_2400_0_mask.png
cropped_0012_label_M4HYDr16_0_1440.png,cropped_0012_label_M4HYDr16_0_1440_mask.png
cropped_0012_label_M4HYDr16_960_2880.png,cropped_0012_label_M4HYDr16_960_2880_mask.png
cropped_0012_label_M4HYDr16_3840_2880.png,cropped_0012_label_M4HYDr16_3840_2880_mask.png
cropped_0012_label_M4HYDr16_1920_1920.png,cropped_0012_label_M4HYDr16_1920_1920_mask.png
cropped_0012_label_M4HYDr16_3360_480.png,cropped_0012_label_M4HYDr16_3360_480_mask.png
cropped_0012_label_M4HYDr16_2400_1920.png,cropped_0012_label_M4HYDr16_2400_1920_mask.png
cropped_0012_label_M4HYDr16_480_0.png,cropped_0012_label_M4HYDr16_480_0_mask.png
cropped_0005_label_5YuL3VcR_0_960.png,cropped_0005_label_5YuL3VcR_0_960_mask.png
cropped_0005_label_5YuL3VcR_0_1920.png,cropped_0005_label_5YuL3VcR_0_1920_mask.png
cropped_0005_label_5YuL3VcR_960_2880.png,cropped_0005_label_5YuL3VcR_960_2880_mask.png
cropped_0005_label_5YuL3VcR_3840_480.png,cropped_0005_label_5YuL3VcR_3840_480_mask.png
cropped_0005_label_5YuL3VcR_480_480.png,cropped_0005_label_5YuL3VcR_480_480_mask.png
cropped_0005_label_5YuL3VcR_480_1440.png,cropped_0005_label_5YuL3VcR_480_1440_mask.png
cropped_0005_label_5YuL3VcR_0_1440.png,cropped_0005_label_5YuL3VcR_0_1440_mask.png
cropped_0005_label_5YuL3VcR_1920_1920.png,cropped_0005_label_5YuL3VcR_1920_1920_mask.png
cropped_0005_label_5YuL3VcR_480_2880.png,cropped_0005_label_5YuL3VcR_480_2880_mask.png
cropped_0005_label_5YuL3VcR_2400_1920.png,cropped_0005_label_5YuL3VcR_2400_1920_mask.png
cropped_0005_label_5YuL3VcR_1440_2880.png,cropped_0005_label_5YuL3VcR_1440_2880_mask.png
cropped_0005_label_5YuL3VcR_3360_0.png,cropped_0005_label_5YuL3VcR_3360_0_mask.png
cropped_0005_label_5YuL3VcR_1920_480.png,cropped_0005_label_5YuL3VcR_1920_480_mask.png
cropped_0005_label_5YuL3VcR_0_2880.png,cropped_0005_label_5YuL3VcR_0_2880_mask.png
cropped_0005_label_5YuL3VcR_3840_960.png,cropped_0005_label_5YuL3VcR_3840_960_mask.png
cropped_0005_label_5YuL3VcR_2400_960.png,cropped_0005_label_5YuL3VcR_2400_960_mask.png
cropped_0005_label_5YuL3VcR_2400_480.png,cropped_0005_label_5YuL3VcR_2400_480_mask.png
cropped_00000008_4_3840_2400.png,cropped_00000008_4_3840_2400_mask.png
cropped_00000008_4_3840_480.png,cropped_00000008_4_3840_480_mask.png
cropped_00000008_4_0_2880.png,cropped_00000008_4_0_2880_mask.png
cropped_00000008_4_2400_2400.png,cropped_00000008_4_2400_2400_mask.png
cropped_00000008_4_1920_1440.png,cropped_00000008_4_1920_1440_mask.png
cropped_00000008_4_2400_1440.png,cropped_00000008_4_2400_1440_mask.png
cropped_00000008_4_1920_480.png,cropped_00000008_4_1920_480_mask.png
cropped_00000008_4_0_1440.png,cropped_00000008_4_0_1440_mask.png
cropped_00000008_4_1920_960.png,cropped_00000008_4_1920_960_mask.png
cropped_00000008_4_2880_2400.png,cropped_00000008_4_2880_2400_mask.png
cropped_00000008_4_960_2880.png,cropped_00000008_4_960_2880_mask.png
cropped_00000008_4_2880_2880.png,cropped_00000008_4_2880_2880_mask.png
cropped_00000008_4_3360_2880.png,cropped_00000008_4_3360_2880_mask.png
cropped_00000008_4_2880_0.png,cropped_00000008_4_2880_0_mask.png
cropped_00000008_4_3360_0.png,cropped_00000008_4_3360_0_mask.png
cropped_00000008_4_3840_2880.png,cropped_00000008_4_3840_2880_mask.png
cropped_00000008_4_480_1920.png,cropped_00000008_4_480_1920_mask.png
cropped_00000008_4_1920_0.png,cropped_00000008_4_1920_0_mask.png
cropped_00000030_1_0_0.png,cropped_00000030_1_0_0_mask.png
cropped_00000030_1_1920_2880.png,cropped_00000030_1_1920_2880_mask.png
cropped_00000030_1_2880_960.png,cropped_00000030_1_2880_960_mask.png
cropped_00000030_1_2400_960.png,cropped_00000030_1_2400_960_mask.png
cropped_00000030_1_1920_480.png,cropped_00000030_1_1920_480_mask.png
cropped_00000030_1_3360_2400.png,cropped_00000030_1_3360_2400_mask.png
cropped_00000030_1_2400_1920.png,cropped_00000030_1_2400_1920_mask.png
cropped_00000030_1_3840_1920.png,cropped_00000030_1_3840_1920_mask.png
cropped_00000030_1_480_960.png,cropped_00000030_1_480_960_mask.png
cropped_00000030_1_0_480.png,cropped_00000030_1_0_480_mask.png
cropped_00000030_1_0_960.png,cropped_00000030_1_0_960_mask.png
cropped_00000030_1_480_480.png,cropped_00000030_1_480_480_mask.png
cropped_0014_label_G2fWPEgz_3840_1920.png,cropped_0014_label_G2fWPEgz_3840_1920_mask.png
cropped_0014_label_G2fWPEgz_1920_2880.png,cropped_0014_label_G2fWPEgz_1920_2880_mask.png
cropped_0014_label_G2fWPEgz_1920_2400.png,cropped_0014_label_G2fWPEgz_1920_2400_mask.png
cropped_0014_label_G2fWPEgz_2400_960.png,cropped_0014_label_G2fWPEgz_2400_960_mask.png
cropped_0014_label_G2fWPEgz_1920_960.png,cropped_0014_label_G2fWPEgz_1920_960_mask.png
cropped_0014_label_G2fWPEgz_1440_1440.png,cropped_0014_label_G2fWPEgz_1440_1440_mask.png
cropped_0014_label_G2fWPEgz_960_2400.png,cropped_0014_label_G2fWPEgz_960_2400_mask.png
cropped_0014_label_G2fWPEgz_960_0.png,cropped_0014_label_G2fWPEgz_960_0_mask.png
cropped_0014_label_G2fWPEgz_1920_0.png,cropped_0014_label_G2fWPEgz_1920_0_mask.png
cropped_0014_label_G2fWPEgz_1920_1920.png,cropped_0014_label_G2fWPEgz_1920_1920_mask.png
cropped_0014_label_G2fWPEgz_2880_960.png,cropped_0014_label_G2fWPEgz_2880_960_mask.png
cropped_0014_label_G2fWPEgz_0_2400.png,cropped_0014_label_G2fWPEgz_0_2400_mask.png
cropped_0014_label_G2fWPEgz_0_1440.png,cropped_0014_label_G2fWPEgz_0_1440_mask.png
cropped_0014_label_G2fWPEgz_480_2400.png,cropped_0014_label_G2fWPEgz_480_2400_mask.png
cropped_0014_label_G2fWPEgz_2880_1440.png,cropped_0014_label_G2fWPEgz_2880_1440_mask.png
cropped_0014_label_G2fWPEgz_1440_2400.png,cropped_0014_label_G2fWPEgz_1440_2400_mask.png
cropped_0014_label_G2fWPEgz_480_1920.png,cropped_0014_label_G2fWPEgz_480_1920_mask.png
cropped_0011_label_WgYVYe3Q_1920_480.png,cropped_0011_label_WgYVYe3Q_1920_480_mask.png
cropped_0011_label_WgYVYe3Q_1920_1440.png,cropped_0011_label_WgYVYe3Q_1920_1440_mask.png
cropped_0011_label_WgYVYe3Q_0_480.png,cropped_0011_label_WgYVYe3Q_0_480_mask.png
cropped_0011_label_WgYVYe3Q_2880_2400.png,cropped_0011_label_WgYVYe3Q_2880_2400_mask.png
cropped_0011_label_WgYVYe3Q_3840_2400.png,cropped_0011_label_WgYVYe3Q_3840_2400_mask.png
cropped_0011_label_WgYVYe3Q_1440_2400.png,cropped_0011_label_WgYVYe3Q_1440_2400_mask.png
cropped_0011_label_WgYVYe3Q_3360_480.png,cropped_0011_label_WgYVYe3Q_3360_480_mask.png
cropped_0011_label_WgYVYe3Q_480_0.png,cropped_0011_label_WgYVYe3Q_480_0_mask.png
cropped_0011_label_WgYVYe3Q_2880_0.png,cropped_0011_label_WgYVYe3Q_2880_0_mask.png
cropped_0011_label_WgYVYe3Q_480_1440.png,cropped_0011_label_WgYVYe3Q_480_1440_mask.png
cropped_0011_label_WgYVYe3Q_2400_2400.png,cropped_0011_label_WgYVYe3Q_2400_2400_mask.png
cropped_0011_label_WgYVYe3Q_2400_480.png,cropped_0011_label_WgYVYe3Q_2400_480_mask.png
cropped_0011_label_WgYVYe3Q_960_1920.png,cropped_0011_label_WgYVYe3Q_960_1920_mask.png
cropped_0011_label_WgYVYe3Q_960_960.png,cropped_0011_label_WgYVYe3Q_960_960_mask.png
cropped_0011_label_WgYVYe3Q_3360_1440.png,cropped_0011_label_WgYVYe3Q_3360_1440_mask.png
cropped_0011_label_WgYVYe3Q_480_2400.png,cropped_0011_label_WgYVYe3Q_480_2400_mask.png
cropped_0011_label_WgYVYe3Q_0_960.png,cropped_0011_label_WgYVYe3Q_0_960_mask.png
cropped_0011_label_WgYVYe3Q_1440_1920.png,cropped_0011_label_WgYVYe3Q_1440_1920_mask.png
cropped_0011_label_WgYVYe3Q_3360_2400.png,cropped_0011_label_WgYVYe3Q_3360_2400_mask.png
cropped_0011_label_WgYVYe3Q_960_1440.png,cropped_0011_label_WgYVYe3Q_960_1440_mask.png
cropped_00000016_3360_1920.png,cropped_00000016_3360_1920_mask.png
cropped_00000016_2880_1440.png,cropped_00000016_2880_1440_mask.png
cropped_00000016_2400_480.png,cropped_00000016_2400_480_mask.png
cropped_00000016_3840_960.png,cropped_00000016_3840_960_mask.png
cropped_00000016_2880_0.png,cropped_00000016_2880_0_mask.png
cropped_00000016_960_0.png,cropped_00000016_960_0_mask.png
cropped_00000016_3360_0.png,cropped_00000016_3360_0_mask.png
cropped_00000016_1440_2400.png,cropped_00000016_1440_2400_mask.png
cropped_00000016_0_2400.png,cropped_00000016_0_2400_mask.png
cropped_00000016_960_1920.png,cropped_00000016_960_1920_mask.png
cropped_00000016_2400_1440.png,cropped_00000016_2400_1440_mask.png
cropped_00000016_3360_960.png,cropped_00000016_3360_960_mask.png
cropped_00000016_1920_960.png,cropped_00000016_1920_960_mask.png
cropped_00000016_480_2400.png,cropped_00000016_480_2400_mask.png
cropped_00000016_3360_480.png,cropped_00000016_3360_480_mask.png
cropped_00000016_0_480.png,cropped_00000016_0_480_mask.png
cropped_00000016_2880_960.png,cropped_00000016_2880_960_mask.png
cropped_00000016_2400_0.png,cropped_00000016_2400_0_mask.png
cropped_0004_label_iGFOdcQt_1440_1440.png,cropped_0004_label_iGFOdcQt_1440_1440_mask.png
cropped_0004_label_iGFOdcQt_1440_0.png,cropped_0004_label_iGFOdcQt_1440_0_mask.png
cropped_0004_label_iGFOdcQt_480_1440.png,cropped_0004_label_iGFOdcQt_480_1440_mask.png
cropped_0004_label_iGFOdcQt_2880_960.png,cropped_0004_label_iGFOdcQt_2880_960_mask.png
cropped_0004_label_iGFOdcQt_3360_0.png,cropped_0004_label_iGFOdcQt_3360_0_mask.png
cropped_0004_label_iGFOdcQt_2880_0.png,cropped_0004_label_iGFOdcQt_2880_0_mask.png
cropped_0004_label_iGFOdcQt_2880_1440.png,cropped_0004_label_iGFOdcQt_2880_1440_mask.png
cropped_0004_label_iGFOdcQt_1920_960.png,cropped_0004_label_iGFOdcQt_1920_960_mask.png
cropped_0004_label_iGFOdcQt_1920_1440.png,cropped_0004_label_iGFOdcQt_1920_1440_mask.png
cropped_0004_label_iGFOdcQt_2400_1920.png,cropped_0004_label_iGFOdcQt_2400_1920_mask.png
cropped_0004_label_iGFOdcQt_0_960.png,cropped_0004_label_iGFOdcQt_0_960_mask.png
cropped_0004_label_iGFOdcQt_2400_960.png,cropped_0004_label_iGFOdcQt_2400_960_mask.png
cropped_0004_label_iGFOdcQt_1440_1920.png,cropped_0004_label_iGFOdcQt_1440_1920_mask.png
cropped_0004_label_iGFOdcQt_1920_480.png,cropped_0004_label_iGFOdcQt_1920_480_mask.png
cropped_0004_label_iGFOdcQt_3840_480.png,cropped_0004_label_iGFOdcQt_3840_480_mask.png
cropped_0004_label_iGFOdcQt_960_2400.png,cropped_0004_label_iGFOdcQt_960_2400_mask.png
cropped_0004_label_iSVx22hl_1920_0.png,cropped_0004_label_iSVx22hl_1920_0_mask.png
cropped_0004_label_iSVx22hl_2880_0.png,cropped_0004_label_iSVx22hl_2880_0_mask.png
cropped_0004_label_iSVx22hl_3840_480.png,cropped_0004_label_iSVx22hl_3840_480_mask.png
cropped_0004_label_iSVx22hl_960_1440.png,cropped_0004_label_iSVx22hl_960_1440_mask.png
cropped_0004_label_iSVx22hl_1920_480.png,cropped_0004_label_iSVx22hl_1920_480_mask.png
cropped_0004_label_iSVx22hl_3840_960.png,cropped_0004_label_iSVx22hl_3840_960_mask.png
cropped_0004_label_iSVx22hl_2400_1920.png,cropped_0004_label_iSVx22hl_2400_1920_mask.png
cropped_0004_label_iSVx22hl_960_2400.png,cropped_0004_label_iSVx22hl_960_2400_mask.png
cropped_0004_label_iSVx22hl_1440_480.png,cropped_0004_label_iSVx22hl_1440_480_mask.png
cropped_0004_label_iSVx22hl_480_1920.png,cropped_0004_label_iSVx22hl_480_1920_mask.png
cropped_0004_label_iSVx22hl_2400_0.png,cropped_0004_label_iSVx22hl_2400_0_mask.png
cropped_0004_label_iSVx22hl_0_0.png,cropped_0004_label_iSVx22hl_0_0_mask.png
cropped_0004_label_iSVx22hl_480_2400.png,cropped_0004_label_iSVx22hl_480_2400_mask.png
cropped_0004_label_iSVx22hl_2400_480.png,cropped_0004_label_iSVx22hl_2400_480_mask.png
cropped_0004_label_iSVx22hl_2880_1920.png,cropped_0004_label_iSVx22hl_2880_1920_mask.png
cropped_0004_label_iSVx22hl_960_0.png,cropped_0004_label_iSVx22hl_960_0_mask.png
cropped_0004_label_iSVx22hl_2880_480.png,cropped_0004_label_iSVx22hl_2880_480_mask.png
cropped_0001_label_wmLYCo2j_2400_1440.png,cropped_0001_label_wmLYCo2j_2400_1440_mask.png
cropped_0001_label_wmLYCo2j_1920_0.png,cropped_0001_label_wmLYCo2j_1920_0_mask.png
cropped_0001_label_wmLYCo2j_1920_960.png,cropped_0001_label_wmLYCo2j_1920_960_mask.png
cropped_0001_label_wmLYCo2j_480_2880.png,cropped_0001_label_wmLYCo2j_480_2880_mask.png
cropped_0001_label_wmLYCo2j_0_1920.png,cropped_0001_label_wmLYCo2j_0_1920_mask.png
cropped_0001_label_wmLYCo2j_3360_1920.png,cropped_0001_label_wmLYCo2j_3360_1920_mask.png
cropped_0001_label_wmLYCo2j_2400_960.png,cropped_0001_label_wmLYCo2j_2400_960_mask.png
cropped_0001_label_wmLYCo2j_3840_2400.png,cropped_0001_label_wmLYCo2j_3840_2400_mask.png
cropped_0001_label_wmLYCo2j_1920_1440.png,cropped_0001_label_wmLYCo2j_1920_1440_mask.png
cropped_0001_label_wmLYCo2j_1440_1920.png,cropped_0001_label_wmLYCo2j_1440_1920_mask.png
cropped_0001_label_wmLYCo2j_480_480.png,cropped_0001_label_wmLYCo2j_480_480_mask.png
cropped_0001_label_wmLYCo2j_3360_480.png,cropped_0001_label_wmLYCo2j_3360_480_mask.png
cropped_0001_label_wmLYCo2j_960_1920.png,cropped_0001_label_wmLYCo2j_960_1920_mask.png
cropped_0001_label_wmLYCo2j_2880_0.png,cropped_0001_label_wmLYCo2j_2880_0_mask.png
cropped_0001_label_wmLYCo2j_480_1920.png,cropped_0001_label_wmLYCo2j_480_1920_mask.png
cropped_0001_label_wmLYCo2j_0_1440.png,cropped_0001_label_wmLYCo2j_0_1440_mask.png
cropped_0001_label_wmLYCo2j_1440_1440.png,cropped_0001_label_wmLYCo2j_1440_1440_mask.png
cropped_0001_label_wmLYCo2j_3840_0.png,cropped_0001_label_wmLYCo2j_3840_0_mask.png
cropped_0001_label_wmLYCo2j_1920_2880.png,cropped_0001_label_wmLYCo2j_1920_2880_mask.png
cropped_0001_label_wmLYCo2j_960_0.png,cropped_0001_label_wmLYCo2j_960_0_mask.png
cropped_0001_label_wmLYCo2j_960_1440.png,cropped_0001_label_wmLYCo2j_960_1440_mask.png
cropped_0001_label_wmLYCo2j_1440_2400.png,cropped_0001_label_wmLYCo2j_1440_2400_mask.png
cropped_0001_label_wmLYCo2j_0_0.png,cropped_0001_label_wmLYCo2j_0_0_mask.png
cropped_0001_label_wmLYCo2j_1920_1920.png,cropped_0001_label_wmLYCo2j_1920_1920_mask.png
cropped_0001_label_wmLYCo2j_480_1440.png,cropped_0001_label_wmLYCo2j_480_1440_mask.png
cropped_0009_label_BRxm2MyU_0_2400.png,cropped_0009_label_BRxm2MyU_0_2400_mask.png
cropped_0009_label_BRxm2MyU_960_1440.png,cropped_0009_label_BRxm2MyU_960_1440_mask.png
cropped_0009_label_BRxm2MyU_2880_1440.png,cropped_0009_label_BRxm2MyU_2880_1440_mask.png
cropped_0009_label_BRxm2MyU_1440_480.png,cropped_0009_label_BRxm2MyU_1440_480_mask.png
cropped_0009_label_BRxm2MyU_2400_960.png,cropped_0009_label_BRxm2MyU_2400_960_mask.png
cropped_0009_label_BRxm2MyU_1920_480.png,cropped_0009_label_BRxm2MyU_1920_480_mask.png
cropped_0009_label_BRxm2MyU_2880_2880.png,cropped_0009_label_BRxm2MyU_2880_2880_mask.png
cropped_0009_label_BRxm2MyU_1920_1920.png,cropped_0009_label_BRxm2MyU_1920_1920_mask.png
cropped_0009_label_BRxm2MyU_1920_2880.png,cropped_0009_label_BRxm2MyU_1920_2880_mask.png
cropped_0009_label_BRxm2MyU_480_2880.png,cropped_0009_label_BRxm2MyU_480_2880_mask.png
cropped_0009_label_BRxm2MyU_0_0.png,cropped_0009_label_BRxm2MyU_0_0_mask.png
cropped_0009_label_BRxm2MyU_0_1920.png,cropped_0009_label_BRxm2MyU_0_1920_mask.png
cropped_0009_label_BRxm2MyU_1920_2400.png,cropped_0009_label_BRxm2MyU_1920_2400_mask.png
cropped_0009_label_BRxm2MyU_2400_480.png,cropped_0009_label_BRxm2MyU_2400_480_mask.png
cropped_0009_label_BRxm2MyU_3360_2880.png,cropped_0009_label_BRxm2MyU_3360_2880_mask.png
cropped_0009_label_BRxm2MyU_480_1440.png,cropped_0009_label_BRxm2MyU_480_1440_mask.png
cropped_0009_label_BRxm2MyU_960_2400.png,cropped_0009_label_BRxm2MyU_960_2400_mask.png
cropped_0009_label_BRxm2MyU_960_1920.png,cropped_0009_label_BRxm2MyU_960_1920_mask.png
cropped_0009_label_BRxm2MyU_2400_2400.png,cropped_0009_label_BRxm2MyU_2400_2400_mask.png
cropped_0009_label_BRxm2MyU_3840_1440.png,cropped_0009_label_BRxm2MyU_3840_1440_mask.png
cropped_0009_label_BRxm2MyU_3840_2400.png,cropped_0009_label_BRxm2MyU_3840_2400_mask.png
cropped_0009_label_BRxm2MyU_2400_2880.png,cropped_0009_label_BRxm2MyU_2400_2880_mask.png
cropped_0009_label_BRxm2MyU_1440_0.png,cropped_0009_label_BRxm2MyU_1440_0_mask.png
cropped_0009_label_BRxm2MyU_2880_480.png,cropped_0009_label_BRxm2MyU_2880_480_mask.png
cropped_0009_label_BRxm2MyU_480_480.png,cropped_0009_label_BRxm2MyU_480_480_mask.png
cropped_0009_label_BRxm2MyU_960_480.png,cropped_0009_label_BRxm2MyU_960_480_mask.png
cropped_0009_label_BRxm2MyU_480_2400.png,cropped_0009_label_BRxm2MyU_480_2400_mask.png
cropped_0009_label_BRxm2MyU_3840_0.png,cropped_0009_label_BRxm2MyU_3840_0_mask.png
cropped_0009_label_BRxm2MyU_480_960.png,cropped_0009_label_BRxm2MyU_480_960_mask.png
cropped_0009_label_BRxm2MyU_2880_1920.png,cropped_0009_label_BRxm2MyU_2880_1920_mask.png
cropped_0009_label_BRxm2MyU_1920_0.png,cropped_0009_label_BRxm2MyU_1920_0_mask.png
cropped_0016_label_1XDZxhBC_1920_2400.png,cropped_0016_label_1XDZxhBC_1920_2400_mask.png
cropped_0016_label_1XDZxhBC_3360_0.png,cropped_0016_label_1XDZxhBC_3360_0_mask.png
cropped_0016_label_1XDZxhBC_1920_2880.png,cropped_0016_label_1XDZxhBC_1920_2880_mask.png
cropped_0016_label_1XDZxhBC_1440_1920.png,cropped_0016_label_1XDZxhBC_1440_1920_mask.png
cropped_0016_label_1XDZxhBC_2400_2880.png,cropped_0016_label_1XDZxhBC_2400_2880_mask.png
cropped_0016_label_1XDZxhBC_1440_960.png,cropped_0016_label_1XDZxhBC_1440_960_mask.png
cropped_0016_label_1XDZxhBC_960_1920.png,cropped_0016_label_1XDZxhBC_960_1920_mask.png
cropped_0016_label_1XDZxhBC_3360_1440.png,cropped_0016_label_1XDZxhBC_3360_1440_mask.png
cropped_0016_label_1XDZxhBC_2400_1920.png,cropped_0016_label_1XDZxhBC_2400_1920_mask.png
cropped_0016_label_1XDZxhBC_480_1920.png,cropped_0016_label_1XDZxhBC_480_1920_mask.png
cropped_0016_label_1XDZxhBC_2400_960.png,cropped_0016_label_1XDZxhBC_2400_960_mask.png
cropped_0016_label_1XDZxhBC_2400_0.png,cropped_0016_label_1XDZxhBC_2400_0_mask.png
cropped_0016_label_1XDZxhBC_2400_2400.png,cropped_0016_label_1XDZxhBC_2400_2400_mask.png
cropped_0016_label_1XDZxhBC_2880_2880.png,cropped_0016_label_1XDZxhBC_2880_2880_mask.png
cropped_0016_label_1XDZxhBC_3360_1920.png,cropped_0016_label_1XDZxhBC_3360_1920_mask.png
cropped_0016_label_1XDZxhBC_1920_960.png,cropped_0016_label_1XDZxhBC_1920_960_mask.png
cropped_0016_label_1XDZxhBC_1920_1440.png,cropped_0016_label_1XDZxhBC_1920_1440_mask.png
cropped_0016_label_1XDZxhBC_2400_1440.png,cropped_0016_label_1XDZxhBC_2400_1440_mask.png
cropped_0007_label_ckrYP90D_2880_2880.png,cropped_0007_label_ckrYP90D_2880_2880_mask.png
cropped_0007_label_ckrYP90D_3360_480.png,cropped_0007_label_ckrYP90D_3360_480_mask.png
cropped_0007_label_ckrYP90D_2880_2400.png,cropped_0007_label_ckrYP90D_2880_2400_mask.png
cropped_0007_label_ckrYP90D_1440_480.png,cropped_0007_label_ckrYP90D_1440_480_mask.png
cropped_0007_label_ckrYP90D_2400_1920.png,cropped_0007_label_ckrYP90D_2400_1920_mask.png
cropped_0007_label_ckrYP90D_2880_1440.png,cropped_0007_label_ckrYP90D_2880_1440_mask.png
cropped_0007_label_ckrYP90D_2400_2400.png,cropped_0007_label_ckrYP90D_2400_2400_mask.png
cropped_0007_label_ckrYP90D_1920_1440.png,cropped_0007_label_ckrYP90D_1920_1440_mask.png
cropped_0007_label_ckrYP90D_1920_2400.png,cropped_0007_label_ckrYP90D_1920_2400_mask.png
cropped_0007_label_ckrYP90D_2880_1920.png,cropped_0007_label_ckrYP90D_2880_1920_mask.png
cropped_0007_label_ckrYP90D_3840_0.png,cropped_0007_label_ckrYP90D_3840_0_mask.png
cropped_0007_label_ckrYP90D_1440_1920.png,cropped_0007_label_ckrYP90D_1440_1920_mask.png
cropped_0007_label_ckrYP90D_3840_2400.png,cropped_0007_label_ckrYP90D_3840_2400_mask.png
cropped_0007_label_ckrYP90D_2400_1440.png,cropped_0007_label_ckrYP90D_2400_1440_mask.png
cropped_0007_label_ckrYP90D_2880_0.png,cropped_0007_label_ckrYP90D_2880_0_mask.png
cropped_0007_label_ckrYP90D_0_2880.png,cropped_0007_label_ckrYP90D_0_2880_mask.png
cropped_0007_label_ckrYP90D_480_2400.png,cropped_0007_label_ckrYP90D_480_2400_mask.png
cropped_0007_label_ckrYP90D_1920_480.png,cropped_0007_label_ckrYP90D_1920_480_mask.png
cropped_0003_label_0xjUoY7D_1_3360_1440.png,cropped_0003_label_0xjUoY7D_1_3360_1440_mask.png
cropped_0003_label_0xjUoY7D_1_0_2400.png,cropped_0003_label_0xjUoY7D_1_0_2400_mask.png
cropped_0003_label_0xjUoY7D_1_480_0.png,cropped_0003_label_0xjUoY7D_1_480_0_mask.png
cropped_0003_label_0xjUoY7D_1_2880_0.png,cropped_0003_label_0xjUoY7D_1_2880_0_mask.png
cropped_0003_label_0xjUoY7D_1_3840_1440.png,cropped_0003_label_0xjUoY7D_1_3840_1440_mask.png
cropped_0003_label_0xjUoY7D_1_3360_2400.png,cropped_0003_label_0xjUoY7D_1_3360_2400_mask.png
cropped_0003_label_0xjUoY7D_1_3840_480.png,cropped_0003_label_0xjUoY7D_1_3840_480_mask.png
cropped_0003_label_0xjUoY7D_1_1440_2400.png,cropped_0003_label_0xjUoY7D_1_1440_2400_mask.png
cropped_0003_label_0xjUoY7D_1_3840_2400.png,cropped_0003_label_0xjUoY7D_1_3840_2400_mask.png
cropped_0003_label_0xjUoY7D_1_0_1440.png,cropped_0003_label_0xjUoY7D_1_0_1440_mask.png
cropped_0003_label_0xjUoY7D_1_0_480.png,cropped_0003_label_0xjUoY7D_1_0_480_mask.png
cropped_0003_label_0xjUoY7D_1_3360_2880.png,cropped_0003_label_0xjUoY7D_1_3360_2880_mask.png
cropped_0003_label_0xjUoY7D_1_3360_1920.png,cropped_0003_label_0xjUoY7D_1_3360_1920_mask.png
cropped_0003_label_0xjUoY7D_1_3840_0.png,cropped_0003_label_0xjUoY7D_1_3840_0_mask.png
cropped_0003_label_0xjUoY7D_1_1920_1920.png,cropped_0003_label_0xjUoY7D_1_1920_1920_mask.png
cropped_0003_label_0xjUoY7D_1_2400_2400.png,cropped_0003_label_0xjUoY7D_1_2400_2400_mask.png
cropped_0003_label_0xjUoY7D_1_2880_2880.png,cropped_0003_label_0xjUoY7D_1_2880_2880_mask.png
cropped_0003_label_0xjUoY7D_1_3360_960.png,cropped_0003_label_0xjUoY7D_1_3360_960_mask.png
cropped_0003_label_0xjUoY7D_1_3360_0.png,cropped_0003_label_0xjUoY7D_1_3360_0_mask.png
cropped_0003_label_0xjUoY7D_1_1440_960.png,cropped_0003_label_0xjUoY7D_1_1440_960_mask.png
cropped_0003_label_0xjUoY7D_1_2400_0.png,cropped_0003_label_0xjUoY7D_1_2400_0_mask.png
cropped_0003_label_0xjUoY7D_1_3840_960.png,cropped_0003_label_0xjUoY7D_1_3840_960_mask.png
cropped_0003_label_0xjUoY7D_1_2880_1440.png,cropped_0003_label_0xjUoY7D_1_2880_1440_mask.png
cropped_0003_label_0xjUoY7D_1_1440_480.png,cropped_0003_label_0xjUoY7D_1_1440_480_mask.png
cropped_0003_label_0xjUoY7D_1_1440_1440.png,cropped_0003_label_0xjUoY7D_1_1440_1440_mask.png
cropped_0003_label_0xjUoY7D_1_1440_0.png,cropped_0003_label_0xjUoY7D_1_1440_0_mask.png
cropped_0003_label_0xjUoY7D_1_1920_960.png,cropped_0003_label_0xjUoY7D_1_1920_960_mask.png
cropped_0003_label_0xjUoY7D_1_3840_1920.png,cropped_0003_label_0xjUoY7D_1_3840_1920_mask.png
cropped_0003_label_0xjUoY7D_1_960_1440.png,cropped_0003_label_0xjUoY7D_1_960_1440_mask.png
cropped_0003_label_0xjUoY7D_1_2880_1920.png,cropped_0003_label_0xjUoY7D_1_2880_1920_mask.png
cropped_0018_label_PmivjAla_960_1920.png,cropped_0018_label_PmivjAla_960_1920_mask.png
cropped_0018_label_PmivjAla_2880_1440.png,cropped_0018_label_PmivjAla_2880_1440_mask.png
cropped_0018_label_PmivjAla_2880_960.png,cropped_0018_label_PmivjAla_2880_960_mask.png
cropped_0018_label_PmivjAla_1440_0.png,cropped_0018_label_PmivjAla_1440_0_mask.png
cropped_0018_label_PmivjAla_3840_0.png,cropped_0018_label_PmivjAla_3840_0_mask.png
cropped_0018_label_PmivjAla_3360_480.png,cropped_0018_label_PmivjAla_3360_480_mask.png
cropped_0018_label_PmivjAla_2400_1920.png,cropped_0018_label_PmivjAla_2400_1920_mask.png
cropped_0018_label_PmivjAla_3840_2880.png,cropped_0018_label_PmivjAla_3840_2880_mask.png
cropped_0018_label_PmivjAla_960_0.png,cropped_0018_label_PmivjAla_960_0_mask.png
cropped_0018_label_PmivjAla_3360_2400.png,cropped_0018_label_PmivjAla_3360_2400_mask.png
cropped_0018_label_PmivjAla_2880_0.png,cropped_0018_label_PmivjAla_2880_0_mask.png
cropped_0018_label_PmivjAla_1440_1920.png,cropped_0018_label_PmivjAla_1440_1920_mask.png
cropped_0018_label_PmivjAla_0_2400.png,cropped_0018_label_PmivjAla_0_2400_mask.png
cropped_0018_label_PmivjAla_1920_1920.png,cropped_0018_label_PmivjAla_1920_1920_mask.png
cropped_0018_label_PmivjAla_0_1920.png,cropped_0018_label_PmivjAla_0_1920_mask.png
cropped_0018_label_PmivjAla_480_1440.png,cropped_0018_label_PmivjAla_480_1440_mask.png
cropped_0018_label_PmivjAla_2880_1920.png,cropped_0018_label_PmivjAla_2880_1920_mask.png
cropped_0018_label_PmivjAla_3840_960.png,cropped_0018_label_PmivjAla_3840_960_mask.png
cropped_0018_label_PmivjAla_480_1920.png,cropped_0018_label_PmivjAla_480_1920_mask.png
cropped_0018_label_PmivjAla_480_960.png,cropped_0018_label_PmivjAla_480_960_mask.png
cropped_0018_label_PmivjAla_1440_2400.png,cropped_0018_label_PmivjAla_1440_2400_mask.png
cropped_0018_label_PmivjAla_3360_0.png,cropped_0018_label_PmivjAla_3360_0_mask.png
cropped_0003_label_BRxm2MyU_960_2400.png,cropped_0003_label_BRxm2MyU_960_2400_mask.png
cropped_0003_label_BRxm2MyU_3360_1440.png,cropped_0003_label_BRxm2MyU_3360_1440_mask.png
cropped_0003_label_BRxm2MyU_2880_0.png,cropped_0003_label_BRxm2MyU_2880_0_mask.png
cropped_0003_label_BRxm2MyU_2400_960.png,cropped_0003_label_BRxm2MyU_2400_960_mask.png
cropped_0003_label_BRxm2MyU_480_2400.png,cropped_0003_label_BRxm2MyU_480_2400_mask.png
cropped_0003_label_BRxm2MyU_480_1920.png,cropped_0003_label_BRxm2MyU_480_1920_mask.png
cropped_0003_label_BRxm2MyU_3840_960.png,cropped_0003_label_BRxm2MyU_3840_960_mask.png
cropped_0003_label_BRxm2MyU_960_1440.png,cropped_0003_label_BRxm2MyU_960_1440_mask.png
cropped_0003_label_BRxm2MyU_2880_960.png,cropped_0003_label_BRxm2MyU_2880_960_mask.png
cropped_0003_label_BRxm2MyU_480_960.png,cropped_0003_label_BRxm2MyU_480_960_mask.png
cropped_0003_label_BRxm2MyU_3840_1920.png,cropped_0003_label_BRxm2MyU_3840_1920_mask.png
cropped_0003_label_BRxm2MyU_480_1440.png,cropped_0003_label_BRxm2MyU_480_1440_mask.png
cropped_0003_label_BRxm2MyU_2880_2880.png,cropped_0003_label_BRxm2MyU_2880_2880_mask.png
cropped_0003_label_BRxm2MyU_0_2400.png,cropped_0003_label_BRxm2MyU_0_2400_mask.png
cropped_0003_label_BRxm2MyU_960_960.png,cropped_0003_label_BRxm2MyU_960_960_mask.png
cropped_0003_label_BRxm2MyU_3840_480.png,cropped_0003_label_BRxm2MyU_3840_480_mask.png
cropped_0003_label_BRxm2MyU_2880_1920.png,cropped_0003_label_BRxm2MyU_2880_1920_mask.png
cropped_0003_label_BRxm2MyU_1920_1440.png,cropped_0003_label_BRxm2MyU_1920_1440_mask.png
cropped_0003_label_BRxm2MyU_2400_0.png,cropped_0003_label_BRxm2MyU_2400_0_mask.png
cropped_0003_label_BRxm2MyU_3840_2880.png,cropped_0003_label_BRxm2MyU_3840_2880_mask.png
cropped_0003_label_BRxm2MyU_0_2880.png,cropped_0003_label_BRxm2MyU_0_2880_mask.png
cropped_0003_label_BRxm2MyU_2880_1440.png,cropped_0003_label_BRxm2MyU_2880_1440_mask.png
cropped_0019_label_ouHctxiB_2880_960.png,cropped_0019_label_ouHctxiB_2880_960_mask.png
cropped_0019_label_ouHctxiB_3360_480.png,cropped_0019_label_ouHctxiB_3360_480_mask.png
cropped_0019_label_ouHctxiB_0_480.png,cropped_0019_label_ouHctxiB_0_480_mask.png
cropped_0019_label_ouHctxiB_480_2400.png,cropped_0019_label_ouHctxiB_480_2400_mask.png
cropped_0019_label_ouHctxiB_3840_1920.png,cropped_0019_label_ouHctxiB_3840_1920_mask.png
cropped_0019_label_ouHctxiB_480_2880.png,cropped_0019_label_ouHctxiB_480_2880_mask.png
cropped_0019_label_ouHctxiB_480_1440.png,cropped_0019_label_ouHctxiB_480_1440_mask.png
cropped_0019_label_ouHctxiB_1440_2400.png,cropped_0019_label_ouHctxiB_1440_2400_mask.png
cropped_0019_label_ouHctxiB_960_2880.png,cropped_0019_label_ouHctxiB_960_2880_mask.png
cropped_0019_label_ouHctxiB_960_960.png,cropped_0019_label_ouHctxiB_960_960_mask.png
cropped_0019_label_ouHctxiB_960_2400.png,cropped_0019_label_ouHctxiB_960_2400_mask.png
cropped_0019_label_ouHctxiB_3360_960.png,cropped_0019_label_ouHctxiB_3360_960_mask.png
cropped_0019_label_ouHctxiB_1440_960.png,cropped_0019_label_ouHctxiB_1440_960_mask.png
cropped_0019_label_ouHctxiB_2400_1440.png,cropped_0019_label_ouHctxiB_2400_1440_mask.png
cropped_0019_label_ouHctxiB_0_2400.png,cropped_0019_label_ouHctxiB_0_2400_mask.png
cropped_0019_label_ouHctxiB_480_0.png,cropped_0019_label_ouHctxiB_480_0_mask.png
cropped_0019_label_ouHctxiB_1920_2880.png,cropped_0019_label_ouHctxiB_1920_2880_mask.png
cropped_0019_label_ouHctxiB_0_2880.png,cropped_0019_label_ouHctxiB_0_2880_mask.png
cropped_0019_label_ouHctxiB_2400_960.png,cropped_0019_label_ouHctxiB_2400_960_mask.png
cropped_0019_label_ouHctxiB_1920_1440.png,cropped_0019_label_ouHctxiB_1920_1440_mask.png
cropped_0019_label_ouHctxiB_0_0.png,cropped_0019_label_ouHctxiB_0_0_mask.png
cropped_0019_label_ouHctxiB_2400_2880.png,cropped_0019_label_ouHctxiB_2400_2880_mask.png
cropped_0019_label_ouHctxiB_0_1440.png,cropped_0019_label_ouHctxiB_0_1440_mask.png
cropped_0019_label_ouHctxiB_2880_480.png,cropped_0019_label_ouHctxiB_2880_480_mask.png
cropped_0019_label_ouHctxiB_1440_1920.png,cropped_0019_label_ouHctxiB_1440_1920_mask.png
cropped_0019_label_ouHctxiB_3840_960.png,cropped_0019_label_ouHctxiB_3840_960_mask.png
cropped_0002_label_ouHctxiB_3360_1440.png,cropped_0002_label_ouHctxiB_3360_1440_mask.png
cropped_0002_label_ouHctxiB_480_2880.png,cropped_0002_label_ouHctxiB_480_2880_mask.png
cropped_0002_label_ouHctxiB_1440_2880.png,cropped_0002_label_ouHctxiB_1440_2880_mask.png
cropped_0002_label_ouHctxiB_1440_1440.png,cropped_0002_label_ouHctxiB_1440_1440_mask.png
cropped_0002_label_ouHctxiB_0_1920.png,cropped_0002_label_ouHctxiB_0_1920_mask.png
cropped_0002_label_ouHctxiB_1920_2400.png,cropped_0002_label_ouHctxiB_1920_2400_mask.png
cropped_0002_label_ouHctxiB_2400_0.png,cropped_0002_label_ouHctxiB_2400_0_mask.png
cropped_0002_label_ouHctxiB_480_0.png,cropped_0002_label_ouHctxiB_480_0_mask.png
cropped_0002_label_ouHctxiB_960_960.png,cropped_0002_label_ouHctxiB_960_960_mask.png
cropped_0002_label_ouHctxiB_3840_960.png,cropped_0002_label_ouHctxiB_3840_960_mask.png
cropped_0002_label_ouHctxiB_1920_1920.png,cropped_0002_label_ouHctxiB_1920_1920_mask.png
cropped_0002_label_ouHctxiB_0_2400.png,cropped_0002_label_ouHctxiB_0_2400_mask.png
cropped_0002_label_ouHctxiB_1440_960.png,cropped_0002_label_ouHctxiB_1440_960_mask.png
cropped_0002_label_ouHctxiB_480_1440.png,cropped_0002_label_ouHctxiB_480_1440_mask.png
cropped_0002_label_ouHctxiB_1920_960.png,cropped_0002_label_ouHctxiB_1920_960_mask.png
cropped_0002_label_ouHctxiB_3360_1920.png,cropped_0002_label_ouHctxiB_3360_1920_mask.png
cropped_0002_label_ouHctxiB_960_1440.png,cropped_0002_label_ouHctxiB_960_1440_mask.png
cropped_0002_label_ouHctxiB_3840_2400.png,cropped_0002_label_ouHctxiB_3840_2400_mask.png
cropped_0002_label_ouHctxiB_2400_480.png,cropped_0002_label_ouHctxiB_2400_480_mask.png
cropped_0002_label_ouHctxiB_0_480.png,cropped_0002_label_ouHctxiB_0_480_mask.png
cropped_0002_label_ouHctxiB_2880_1440.png,cropped_0002_label_ouHctxiB_2880_1440_mask.png
cropped_0002_label_ouHctxiB_480_960.png,cropped_0002_label_ouHctxiB_480_960_mask.png
cropped_0002_label_ouHctxiB_3840_2880.png,cropped_0002_label_ouHctxiB_3840_2880_mask.png
cropped_0002_label_ouHctxiB_480_480.png,cropped_0002_label_ouHctxiB_480_480_mask.png
cropped_0002_label_ouHctxiB_0_2880.png,cropped_0002_label_ouHctxiB_0_2880_mask.png
cropped_0017_label_FCjmsocM_960_1440.png,cropped_0017_label_FCjmsocM_960_1440_mask.png
cropped_0017_label_FCjmsocM_960_0.png,cropped_0017_label_FCjmsocM_960_0_mask.png
cropped_0017_label_FCjmsocM_480_480.png,cropped_0017_label_FCjmsocM_480_480_mask.png
cropped_0017_label_FCjmsocM_960_1920.png,cropped_0017_label_FCjmsocM_960_1920_mask.png
cropped_0017_label_FCjmsocM_1440_1920.png,cropped_0017_label_FCjmsocM_1440_1920_mask.png
cropped_0017_label_FCjmsocM_3840_2400.png,cropped_0017_label_FCjmsocM_3840_2400_mask.png
cropped_0017_label_FCjmsocM_1440_2880.png,cropped_0017_label_FCjmsocM_1440_2880_mask.png
cropped_0017_label_FCjmsocM_2880_960.png,cropped_0017_label_FCjmsocM_2880_960_mask.png
cropped_0017_label_FCjmsocM_2880_1440.png,cropped_0017_label_FCjmsocM_2880_1440_mask.png
cropped_0017_label_FCjmsocM_960_2880.png,cropped_0017_label_FCjmsocM_960_2880_mask.png
cropped_0017_label_FCjmsocM_0_0.png,cropped_0017_label_FCjmsocM_0_0_mask.png
cropped_0017_label_FCjmsocM_480_2400.png,cropped_0017_label_FCjmsocM_480_2400_mask.png
cropped_0017_label_FCjmsocM_480_2880.png,cropped_0017_label_FCjmsocM_480_2880_mask.png
cropped_0017_label_FCjmsocM_3360_1920.png,cropped_0017_label_FCjmsocM_3360_1920_mask.png
cropped_0017_label_FCjmsocM_3840_2880.png,cropped_0017_label_FCjmsocM_3840_2880_mask.png
cropped_0017_label_FCjmsocM_1920_1440.png,cropped_0017_label_FCjmsocM_1920_1440_mask.png
cropped_0017_label_FCjmsocM_1440_0.png,cropped_0017_label_FCjmsocM_1440_0_mask.png
cropped_0017_label_FCjmsocM_3840_1920.png,cropped_0017_label_FCjmsocM_3840_1920_mask.png
cropped_0017_label_FCjmsocM_3360_2880.png,cropped_0017_label_FCjmsocM_3360_2880_mask.png
cropped_0017_label_FCjmsocM_1440_1440.png,cropped_0017_label_FCjmsocM_1440_1440_mask.png
cropped_0017_label_5YuL3VcR_3840_2880.png,cropped_0017_label_5YuL3VcR_3840_2880_mask.png
cropped_0017_label_5YuL3VcR_1920_960.png,cropped_0017_label_5YuL3VcR_1920_960_mask.png
cropped_0017_label_5YuL3VcR_480_1440.png,cropped_0017_label_5YuL3VcR_480_1440_mask.png
cropped_0017_label_5YuL3VcR_960_2880.png,cropped_0017_label_5YuL3VcR_960_2880_mask.png
cropped_0017_label_5YuL3VcR_1920_2400.png,cropped_0017_label_5YuL3VcR_1920_2400_mask.png
cropped_0017_label_5YuL3VcR_1440_1920.png,cropped_0017_label_5YuL3VcR_1440_1920_mask.png
cropped_0017_label_5YuL3VcR_1920_1920.png,cropped_0017_label_5YuL3VcR_1920_1920_mask.png
cropped_0017_label_5YuL3VcR_0_2400.png,cropped_0017_label_5YuL3VcR_0_2400_mask.png
cropped_0017_label_5YuL3VcR_0_0.png,cropped_0017_label_5YuL3VcR_0_0_mask.png
cropped_0017_label_5YuL3VcR_3840_2400.png,cropped_0017_label_5YuL3VcR_3840_2400_mask.png
cropped_0017_label_5YuL3VcR_1920_2880.png,cropped_0017_label_5YuL3VcR_1920_2880_mask.png
cropped_0017_label_5YuL3VcR_0_1440.png,cropped_0017_label_5YuL3VcR_0_1440_mask.png
cropped_0017_label_5YuL3VcR_3840_1920.png,cropped_0017_label_5YuL3VcR_3840_1920_mask.png
cropped_0017_label_5YuL3VcR_480_2880.png,cropped_0017_label_5YuL3VcR_480_2880_mask.png
cropped_0017_label_5YuL3VcR_960_2400.png,cropped_0017_label_5YuL3VcR_960_2400_mask.png
cropped_0017_label_5YuL3VcR_2400_2400.png,cropped_0017_label_5YuL3VcR_2400_2400_mask.png
cropped_0017_label_5YuL3VcR_1440_1440.png,cropped_0017_label_5YuL3VcR_1440_1440_mask.png
cropped_0017_label_5YuL3VcR_1440_2880.png,cropped_0017_label_5YuL3VcR_1440_2880_mask.png
cropped_0017_label_5YuL3VcR_3360_480.png,cropped_0017_label_5YuL3VcR_3360_480_mask.png
cropped_0017_label_5YuL3VcR_1440_2400.png,cropped_0017_label_5YuL3VcR_1440_2400_mask.png
cropped_0017_label_5YuL3VcR_3840_480.png,cropped_0017_label_5YuL3VcR_3840_480_mask.png
cropped_00000095_3840_0.png,cropped_00000095_3840_0_mask.png
cropped_00000095_1920_0.png,cropped_00000095_1920_0_mask.png
cropped_00000095_1920_480.png,cropped_00000095_1920_480_mask.png
cropped_00000095_3360_480.png,cropped_00000095_3360_480_mask.png
cropped_00000095_2880_0.png,cropped_00000095_2880_0_mask.png
cropped_00000095_1920_960.png,cropped_00000095_1920_960_mask.png
cropped_00000095_960_0.png,cropped_00000095_960_0_mask.png
cropped_00000095_3360_1440.png,cropped_00000095_3360_1440_mask.png
cropped_00000095_3840_1920.png,cropped_00000095_3840_1920_mask.png
cropped_00000095_2400_960.png,cropped_00000095_2400_960_mask.png
cropped_00000095_1440_1440.png,cropped_00000095_1440_1440_mask.png
cropped_00000095_0_2400.png,cropped_00000095_0_2400_mask.png
cropped_00000095_3360_1920.png,cropped_00000095_3360_1920_mask.png
cropped_00000095_1920_2880.png,cropped_00000095_1920_2880_mask.png
cropped_00000095_2880_960.png,cropped_00000095_2880_960_mask.png
cropped_00000095_3360_2400.png,cropped_00000095_3360_2400_mask.png
cropped_00000095_3840_480.png,cropped_00000095_3840_480_mask.png
cropped_00000095_2400_480.png,cropped_00000095_2400_480_mask.png
cropped_0007_label_lY40XnMe_2400_2400.png,cropped_0007_label_lY40XnMe_2400_2400_mask.png
cropped_0007_label_lY40XnMe_0_2880.png,cropped_0007_label_lY40XnMe_0_2880_mask.png
cropped_0007_label_lY40XnMe_1440_2880.png,cropped_0007_label_lY40XnMe_1440_2880_mask.png
cropped_0007_label_lY40XnMe_960_2400.png,cropped_0007_label_lY40XnMe_960_2400_mask.png
cropped_0007_label_lY40XnMe_0_960.png,cropped_0007_label_lY40XnMe_0_960_mask.png
cropped_0007_label_lY40XnMe_480_1440.png,cropped_0007_label_lY40XnMe_480_1440_mask.png
cropped_0007_label_lY40XnMe_3840_2400.png,cropped_0007_label_lY40XnMe_3840_2400_mask.png
cropped_0007_label_lY40XnMe_0_480.png,cropped_0007_label_lY40XnMe_0_480_mask.png
cropped_0007_label_lY40XnMe_2400_480.png,cropped_0007_label_lY40XnMe_2400_480_mask.png
cropped_0007_label_lY40XnMe_2880_960.png,cropped_0007_label_lY40XnMe_2880_960_mask.png
cropped_0007_label_lY40XnMe_480_480.png,cropped_0007_label_lY40XnMe_480_480_mask.png
cropped_0007_label_lY40XnMe_3360_960.png,cropped_0007_label_lY40XnMe_3360_960_mask.png
cropped_0007_label_lY40XnMe_1920_480.png,cropped_0007_label_lY40XnMe_1920_480_mask.png
cropped_0007_label_lY40XnMe_960_0.png,cropped_0007_label_lY40XnMe_960_0_mask.png
cropped_0007_label_lY40XnMe_960_960.png,cropped_0007_label_lY40XnMe_960_960_mask.png
cropped_0007_label_lY40XnMe_960_1440.png,cropped_0007_label_lY40XnMe_960_1440_mask.png
cropped_0007_label_lY40XnMe_0_1440.png,cropped_0007_label_lY40XnMe_0_1440_mask.png
cropped_0007_label_lY40XnMe_1440_2400.png,cropped_0007_label_lY40XnMe_1440_2400_mask.png
cropped_0007_label_lY40XnMe_3360_1920.png,cropped_0007_label_lY40XnMe_3360_1920_mask.png
cropped_0007_label_lY40XnMe_960_1920.png,cropped_0007_label_lY40XnMe_960_1920_mask.png
cropped_0000_label_nKTYvVYf_1440_960.png,cropped_0000_label_nKTYvVYf_1440_960_mask.png
cropped_0000_label_nKTYvVYf_3840_960.png,cropped_0000_label_nKTYvVYf_3840_960_mask.png
cropped_0000_label_nKTYvVYf_0_0.png,cropped_0000_label_nKTYvVYf_0_0_mask.png
cropped_0000_label_nKTYvVYf_1920_1920.png,cropped_0000_label_nKTYvVYf_1920_1920_mask.png
cropped_0000_label_nKTYvVYf_1920_2880.png,cropped_0000_label_nKTYvVYf_1920_2880_mask.png
cropped_0000_label_nKTYvVYf_1920_0.png,cropped_0000_label_nKTYvVYf_1920_0_mask.png
cropped_0000_label_nKTYvVYf_960_2880.png,cropped_0000_label_nKTYvVYf_960_2880_mask.png
cropped_0000_label_nKTYvVYf_3840_0.png,cropped_0000_label_nKTYvVYf_3840_0_mask.png
cropped_0000_label_nKTYvVYf_1920_1440.png,cropped_0000_label_nKTYvVYf_1920_1440_mask.png
cropped_0000_label_nKTYvVYf_2400_2400.png,cropped_0000_label_nKTYvVYf_2400_2400_mask.png
cropped_0000_label_nKTYvVYf_960_1920.png,cropped_0000_label_nKTYvVYf_960_1920_mask.png
cropped_0000_label_nKTYvVYf_0_480.png,cropped_0000_label_nKTYvVYf_0_480_mask.png
cropped_0000_label_nKTYvVYf_1440_0.png,cropped_0000_label_nKTYvVYf_1440_0_mask.png
cropped_0000_label_nKTYvVYf_2880_2880.png,cropped_0000_label_nKTYvVYf_2880_2880_mask.png
cropped_0000_label_nKTYvVYf_1440_2400.png,cropped_0000_label_nKTYvVYf_1440_2400_mask.png
cropped_0000_label_nKTYvVYf_0_2880.png,cropped_0000_label_nKTYvVYf_0_2880_mask.png
cropped_0000_label_nKTYvVYf_1440_1440.png,cropped_0000_label_nKTYvVYf_1440_1440_mask.png
cropped_0000_label_nKTYvVYf_480_960.png,cropped_0000_label_nKTYvVYf_480_960_mask.png
cropped_0000_label_nKTYvVYf_2880_1440.png,cropped_0000_label_nKTYvVYf_2880_1440_mask.png
cropped_0000_label_nKTYvVYf_3360_1440.png,cropped_0000_label_nKTYvVYf_3360_1440_mask.png
cropped_0000_label_nKTYvVYf_3840_1440.png,cropped_0000_label_nKTYvVYf_3840_1440_mask.png
cropped_0000_label_nKTYvVYf_960_1440.png,cropped_0000_label_nKTYvVYf_960_1440_mask.png
cropped_0000_label_nKTYvVYf_2400_0.png,cropped_0000_label_nKTYvVYf_2400_0_mask.png
cropped_0000_label_nKTYvVYf_2400_2880.png,cropped_0000_label_nKTYvVYf_2400_2880_mask.png
cropped_0000_label_nKTYvVYf_480_1440.png,cropped_0000_label_nKTYvVYf_480_1440_mask.png
cropped_00000005_3_480_1920.png,cropped_00000005_3_480_1920_mask.png
cropped_00000005_3_1440_2400.png,cropped_00000005_3_1440_2400_mask.png
cropped_00000005_3_0_0.png,cropped_00000005_3_0_0_mask.png
cropped_00000005_3_2400_2880.png,cropped_00000005_3_2400_2880_mask.png
cropped_00000005_3_1440_1440.png,cropped_00000005_3_1440_1440_mask.png
cropped_00000005_3_0_1920.png,cropped_00000005_3_0_1920_mask.png
cropped_00000005_3_960_2400.png,cropped_00000005_3_960_2400_mask.png
cropped_00000005_3_1440_1920.png,cropped_00000005_3_1440_1920_mask.png
cropped_00000005_3_1920_960.png,cropped_00000005_3_1920_960_mask.png
cropped_00000005_3_2400_2400.png,cropped_00000005_3_2400_2400_mask.png
cropped_00000005_3_1920_480.png,cropped_00000005_3_1920_480_mask.png
cropped_00000005_3_3840_960.png,cropped_00000005_3_3840_960_mask.png
cropped_00000005_3_960_960.png,cropped_00000005_3_960_960_mask.png
cropped_00000005_3_3360_0.png,cropped_00000005_3_3360_0_mask.png
cropped_00000005_3_960_480.png,cropped_00000005_3_960_480_mask.png
cropped_00000005_3_3360_2880.png,cropped_00000005_3_3360_2880_mask.png
cropped_00000005_3_3840_2400.png,cropped_00000005_3_3840_2400_mask.png
cropped_00000005_3_3840_480.png,cropped_00000005_3_3840_480_mask.png
cropped_00000005_3_1920_2400.png,cropped_00000005_3_1920_2400_mask.png
cropped_00000005_3_1440_480.png,cropped_00000005_3_1440_480_mask.png
cropped_00000005_3_3360_480.png,cropped_00000005_3_3360_480_mask.png
cropped_00000044_1440_480.png,cropped_00000044_1440_480_mask.png
cropped_00000044_3360_1920.png,cropped_00000044_3360_1920_mask.png
cropped_00000044_960_960.png,cropped_00000044_960_960_mask.png
cropped_00000044_3360_1440.png,cropped_00000044_3360_1440_mask.png
cropped_00000044_480_1440.png,cropped_00000044_480_1440_mask.png
cropped_00000044_3840_1920.png,cropped_00000044_3840_1920_mask.png
cropped_00000044_1920_960.png,cropped_00000044_1920_960_mask.png
cropped_00000044_3360_480.png,cropped_00000044_3360_480_mask.png
cropped_00000044_3840_1440.png,cropped_00000044_3840_1440_mask.png
cropped_00000044_960_1920.png,cropped_00000044_960_1920_mask.png
cropped_00000044_0_2880.png,cropped_00000044_0_2880_mask.png
cropped_00000044_960_2880.png,cropped_00000044_960_2880_mask.png
cropped_00000044_3360_0.png,cropped_00000044_3360_0_mask.png
cropped_00000044_1440_0.png,cropped_00000044_1440_0_mask.png
cropped_00000044_2400_1920.png,cropped_00000044_2400_1920_mask.png
cropped_00000044_2880_0.png,cropped_00000044_2880_0_mask.png
cropped_00000044_2880_2880.png,cropped_00000044_2880_2880_mask.png
cropped_00000044_1440_1440.png,cropped_00000044_1440_1440_mask.png
cropped_00000044_3840_960.png,cropped_00000044_3840_960_mask.png
cropped_00000044_1920_0.png,cropped_00000044_1920_0_mask.png
cropped_00000044_1440_2880.png,cropped_00000044_1440_2880_mask.png
cropped_00000044_0_2400.png,cropped_00000044_0_2400_mask.png
cropped_00000044_2400_0.png,cropped_00000044_2400_0_mask.png
cropped_0006_label_Z4lINfjt_3360_480.png,cropped_0006_label_Z4lINfjt_3360_480_mask.png
cropped_0006_label_Z4lINfjt_480_1440.png,cropped_0006_label_Z4lINfjt_480_1440_mask.png
cropped_0006_label_Z4lINfjt_480_2400.png,cropped_0006_label_Z4lINfjt_480_2400_mask.png
cropped_0006_label_Z4lINfjt_3840_2400.png,cropped_0006_label_Z4lINfjt_3840_2400_mask.png
cropped_0006_label_Z4lINfjt_0_960.png,cropped_0006_label_Z4lINfjt_0_960_mask.png
cropped_0006_label_Z4lINfjt_3360_1440.png,cropped_0006_label_Z4lINfjt_3360_1440_mask.png
cropped_0006_label_Z4lINfjt_2400_1920.png,cropped_0006_label_Z4lINfjt_2400_1920_mask.png
cropped_0006_label_Z4lINfjt_0_480.png,cropped_0006_label_Z4lINfjt_0_480_mask.png
cropped_0006_label_Z4lINfjt_480_480.png,cropped_0006_label_Z4lINfjt_480_480_mask.png
cropped_0006_label_Z4lINfjt_3840_960.png,cropped_0006_label_Z4lINfjt_3840_960_mask.png
cropped_0006_label_Z4lINfjt_960_1920.png,cropped_0006_label_Z4lINfjt_960_1920_mask.png
cropped_0006_label_Z4lINfjt_1920_1920.png,cropped_0006_label_Z4lINfjt_1920_1920_mask.png
cropped_0006_label_Z4lINfjt_2400_2880.png,cropped_0006_label_Z4lINfjt_2400_2880_mask.png
cropped_0006_label_Z4lINfjt_2400_2400.png,cropped_0006_label_Z4lINfjt_2400_2400_mask.png
cropped_0006_label_Z4lINfjt_480_960.png,cropped_0006_label_Z4lINfjt_480_960_mask.png
cropped_0006_label_Z4lINfjt_3840_1920.png,cropped_0006_label_Z4lINfjt_3840_1920_mask.png
cropped_0006_label_Z4lINfjt_3840_480.png,cropped_0006_label_Z4lINfjt_3840_480_mask.png
cropped_0006_label_Z4lINfjt_2880_1440.png,cropped_0006_label_Z4lINfjt_2880_1440_mask.png
cropped_00000017_1_480_960.png,cropped_00000017_1_480_960_mask.png
cropped_00000017_1_480_2400.png,cropped_00000017_1_480_2400_mask.png
cropped_00000017_1_3840_0.png,cropped_00000017_1_3840_0_mask.png
cropped_00000017_1_3360_960.png,cropped_00000017_1_3360_960_mask.png
cropped_00000017_1_1440_480.png,cropped_00000017_1_1440_480_mask.png
cropped_00000017_1_3840_1920.png,cropped_00000017_1_3840_1920_mask.png
cropped_00000017_1_480_1440.png,cropped_00000017_1_480_1440_mask.png
cropped_00000017_1_0_0.png,cropped_00000017_1_0_0_mask.png
cropped_00000017_1_0_480.png,cropped_00000017_1_0_480_mask.png
cropped_00000017_1_480_1920.png,cropped_00000017_1_480_1920_mask.png
cropped_00000017_1_1440_0.png,cropped_00000017_1_1440_0_mask.png
cropped_00000017_1_1440_960.png,cropped_00000017_1_1440_960_mask.png
cropped_00000017_1_2400_960.png,cropped_00000017_1_2400_960_mask.png
cropped_00000017_1_3840_2880.png,cropped_00000017_1_3840_2880_mask.png
cropped_00000017_1_3840_960.png,cropped_00000017_1_3840_960_mask.png
cropped_00000017_1_3360_2880.png,cropped_00000017_1_3360_2880_mask.png
cropped_00000017_1_960_480.png,cropped_00000017_1_960_480_mask.png
cropped_00000017_1_480_480.png,cropped_00000017_1_480_480_mask.png
cropped_00000017_1_3360_1440.png,cropped_00000017_1_3360_1440_mask.png
cropped_00000017_1_960_1440.png,cropped_00000017_1_960_1440_mask.png
cropped_00000017_1_3840_1440.png,cropped_00000017_1_3840_1440_mask.png
cropped_00000017_1_2880_960.png,cropped_00000017_1_2880_960_mask.png
cropped_00000017_1_1920_960.png,cropped_00000017_1_1920_960_mask.png
cropped_0003_label_tALCG3Yy_2880_960.png,cropped_0003_label_tALCG3Yy_2880_960_mask.png
cropped_0003_label_tALCG3Yy_480_0.png,cropped_0003_label_tALCG3Yy_480_0_mask.png
cropped_0003_label_tALCG3Yy_2400_0.png,cropped_0003_label_tALCG3Yy_2400_0_mask.png
cropped_0003_label_tALCG3Yy_0_1440.png,cropped_0003_label_tALCG3Yy_0_1440_mask.png
cropped_0003_label_tALCG3Yy_1440_2400.png,cropped_0003_label_tALCG3Yy_1440_2400_mask.png
cropped_0003_label_tALCG3Yy_480_2880.png,cropped_0003_label_tALCG3Yy_480_2880_mask.png
cropped_0003_label_tALCG3Yy_1920_2400.png,cropped_0003_label_tALCG3Yy_1920_2400_mask.png
cropped_0003_label_tALCG3Yy_1920_960.png,cropped_0003_label_tALCG3Yy_1920_960_mask.png
cropped_0003_label_tALCG3Yy_1920_1920.png,cropped_0003_label_tALCG3Yy_1920_1920_mask.png
cropped_0003_label_tALCG3Yy_2400_960.png,cropped_0003_label_tALCG3Yy_2400_960_mask.png
cropped_0003_label_tALCG3Yy_3360_1440.png,cropped_0003_label_tALCG3Yy_3360_1440_mask.png
cropped_0003_label_tALCG3Yy_1440_480.png,cropped_0003_label_tALCG3Yy_1440_480_mask.png
cropped_0003_label_tALCG3Yy_0_960.png,cropped_0003_label_tALCG3Yy_0_960_mask.png
cropped_0003_label_tALCG3Yy_1440_960.png,cropped_0003_label_tALCG3Yy_1440_960_mask.png
cropped_0003_label_tALCG3Yy_1920_1440.png,cropped_0003_label_tALCG3Yy_1920_1440_mask.png
cropped_0003_label_tALCG3Yy_2880_1440.png,cropped_0003_label_tALCG3Yy_2880_1440_mask.png
cropped_0003_label_tALCG3Yy_1920_0.png,cropped_0003_label_tALCG3Yy_1920_0_mask.png
cropped_0003_label_tALCG3Yy_3840_2880.png,cropped_0003_label_tALCG3Yy_3840_2880_mask.png
cropped_0003_label_tALCG3Yy_960_0.png,cropped_0003_label_tALCG3Yy_960_0_mask.png
cropped_0003_label_tALCG3Yy_1920_480.png,cropped_0003_label_tALCG3Yy_1920_480_mask.png
cropped_0003_label_tALCG3Yy_1440_1440.png,cropped_0003_label_tALCG3Yy_1440_1440_mask.png
cropped_0003_label_tALCG3Yy_960_960.png,cropped_0003_label_tALCG3Yy_960_960_mask.png
cropped_0003_label_tALCG3Yy_2880_2400.png,cropped_0003_label_tALCG3Yy_2880_2400_mask.png
cropped_0003_label_tALCG3Yy_3840_0.png,cropped_0003_label_tALCG3Yy_3840_0_mask.png
cropped_0003_label_tALCG3Yy_480_2400.png,cropped_0003_label_tALCG3Yy_480_2400_mask.png
cropped_0003_label_tALCG3Yy_2400_1440.png,cropped_0003_label_tALCG3Yy_2400_1440_mask.png
cropped_0006_label_XP0UKXUr_960_1440.png,cropped_0006_label_XP0UKXUr_960_1440_mask.png
cropped_0006_label_XP0UKXUr_0_480.png,cropped_0006_label_XP0UKXUr_0_480_mask.png
cropped_0006_label_XP0UKXUr_1440_1440.png,cropped_0006_label_XP0UKXUr_1440_1440_mask.png
cropped_0006_label_XP0UKXUr_0_960.png,cropped_0006_label_XP0UKXUr_0_960_mask.png
cropped_0006_label_XP0UKXUr_2880_480.png,cropped_0006_label_XP0UKXUr_2880_480_mask.png
cropped_0006_label_XP0UKXUr_960_960.png,cropped_0006_label_XP0UKXUr_960_960_mask.png
cropped_0006_label_XP0UKXUr_3360_1920.png,cropped_0006_label_XP0UKXUr_3360_1920_mask.png
cropped_0006_label_XP0UKXUr_2880_2880.png,cropped_0006_label_XP0UKXUr_2880_2880_mask.png
cropped_0006_label_XP0UKXUr_2400_2880.png,cropped_0006_label_XP0UKXUr_2400_2880_mask.png
cropped_0006_label_XP0UKXUr_2400_2400.png,cropped_0006_label_XP0UKXUr_2400_2400_mask.png
cropped_0006_label_XP0UKXUr_2880_0.png,cropped_0006_label_XP0UKXUr_2880_0_mask.png
cropped_0006_label_XP0UKXUr_1920_2400.png,cropped_0006_label_XP0UKXUr_1920_2400_mask.png
cropped_0006_label_XP0UKXUr_3840_0.png,cropped_0006_label_XP0UKXUr_3840_0_mask.png
cropped_0006_label_XP0UKXUr_1920_960.png,cropped_0006_label_XP0UKXUr_1920_960_mask.png
cropped_0006_label_XP0UKXUr_480_2880.png,cropped_0006_label_XP0UKXUr_480_2880_mask.png
cropped_0006_label_XP0UKXUr_1920_0.png,cropped_0006_label_XP0UKXUr_1920_0_mask.png
cropped_0010_label_BRxm2MyU_2400_0.png,cropped_0010_label_BRxm2MyU_2400_0_mask.png
cropped_0010_label_BRxm2MyU_960_2400.png,cropped_0010_label_BRxm2MyU_960_2400_mask.png
cropped_0010_label_BRxm2MyU_3360_960.png,cropped_0010_label_BRxm2MyU_3360_960_mask.png
cropped_0010_label_BRxm2MyU_2880_2880.png,cropped_0010_label_BRxm2MyU_2880_2880_mask.png
cropped_0010_label_BRxm2MyU_2400_2880.png,cropped_0010_label_BRxm2MyU_2400_2880_mask.png
cropped_0010_label_BRxm2MyU_1920_2880.png,cropped_0010_label_BRxm2MyU_1920_2880_mask.png
cropped_0010_label_BRxm2MyU_3360_2400.png,cropped_0010_label_BRxm2MyU_3360_2400_mask.png
cropped_0010_label_BRxm2MyU_960_1440.png,cropped_0010_label_BRxm2MyU_960_1440_mask.png
cropped_0010_label_BRxm2MyU_1440_960.png,cropped_0010_label_BRxm2MyU_1440_960_mask.png
cropped_0010_label_BRxm2MyU_2880_1440.png,cropped_0010_label_BRxm2MyU_2880_1440_mask.png
cropped_0010_label_BRxm2MyU_480_1440.png,cropped_0010_label_BRxm2MyU_480_1440_mask.png
cropped_0010_label_BRxm2MyU_1440_0.png,cropped_0010_label_BRxm2MyU_1440_0_mask.png
cropped_0010_label_BRxm2MyU_1920_960.png,cropped_0010_label_BRxm2MyU_1920_960_mask.png
cropped_0010_label_BRxm2MyU_3360_480.png,cropped_0010_label_BRxm2MyU_3360_480_mask.png
cropped_0010_label_BRxm2MyU_3840_960.png,cropped_0010_label_BRxm2MyU_3840_960_mask.png
cropped_0010_label_BRxm2MyU_960_2880.png,cropped_0010_label_BRxm2MyU_960_2880_mask.png
cropped_0010_label_BRxm2MyU_1920_480.png,cropped_0010_label_BRxm2MyU_1920_480_mask.png
cropped_0010_label_BRxm2MyU_960_960.png,cropped_0010_label_BRxm2MyU_960_960_mask.png
cropped_0010_label_BRxm2MyU_1440_1440.png,cropped_0010_label_BRxm2MyU_1440_1440_mask.png
cropped_0010_label_BRxm2MyU_2400_480.png,cropped_0010_label_BRxm2MyU_2400_480_mask.png
cropped_0010_label_BRxm2MyU_2400_1440.png,cropped_0010_label_BRxm2MyU_2400_1440_mask.png
cropped_0010_label_BRxm2MyU_2400_960.png,cropped_0010_label_BRxm2MyU_2400_960_mask.png
cropped_0016_label_QbCmZ2ce_2400_960.png,cropped_0016_label_QbCmZ2ce_2400_960_mask.png
cropped_0016_label_QbCmZ2ce_1440_2400.png,cropped_0016_label_QbCmZ2ce_1440_2400_mask.png
cropped_0016_label_QbCmZ2ce_1440_960.png,cropped_0016_label_QbCmZ2ce_1440_960_mask.png
cropped_0016_label_QbCmZ2ce_2880_1440.png,cropped_0016_label_QbCmZ2ce_2880_1440_mask.png
cropped_0016_label_QbCmZ2ce_1440_1440.png,cropped_0016_label_QbCmZ2ce_1440_1440_mask.png
cropped_0016_label_QbCmZ2ce_1440_480.png,cropped_0016_label_QbCmZ2ce_1440_480_mask.png
cropped_0016_label_QbCmZ2ce_1440_1920.png,cropped_0016_label_QbCmZ2ce_1440_1920_mask.png
cropped_0016_label_QbCmZ2ce_960_960.png,cropped_0016_label_QbCmZ2ce_960_960_mask.png
cropped_0016_label_QbCmZ2ce_3840_480.png,cropped_0016_label_QbCmZ2ce_3840_480_mask.png
cropped_0016_label_QbCmZ2ce_3360_960.png,cropped_0016_label_QbCmZ2ce_3360_960_mask.png
cropped_0016_label_QbCmZ2ce_3840_2400.png,cropped_0016_label_QbCmZ2ce_3840_2400_mask.png
cropped_0016_label_QbCmZ2ce_3840_1920.png,cropped_0016_label_QbCmZ2ce_3840_1920_mask.png
cropped_0016_label_QbCmZ2ce_480_960.png,cropped_0016_label_QbCmZ2ce_480_960_mask.png
cropped_0016_label_QbCmZ2ce_960_2880.png,cropped_0016_label_QbCmZ2ce_960_2880_mask.png
cropped_0016_label_QbCmZ2ce_480_0.png,cropped_0016_label_QbCmZ2ce_480_0_mask.png
cropped_0016_label_QbCmZ2ce_2400_480.png,cropped_0016_label_QbCmZ2ce_2400_480_mask.png
cropped_0016_label_QbCmZ2ce_1920_960.png,cropped_0016_label_QbCmZ2ce_1920_960_mask.png
cropped_0016_label_QbCmZ2ce_3360_1440.png,cropped_0016_label_QbCmZ2ce_3360_1440_mask.png
cropped_0016_label_QbCmZ2ce_480_1920.png,cropped_0016_label_QbCmZ2ce_480_1920_mask.png
cropped_0016_label_QbCmZ2ce_1920_480.png,cropped_0016_label_QbCmZ2ce_1920_480_mask.png
cropped_0016_label_QbCmZ2ce_0_2880.png,cropped_0016_label_QbCmZ2ce_0_2880_mask.png
cropped_0016_label_QbCmZ2ce_0_960.png,cropped_0016_label_QbCmZ2ce_0_960_mask.png
cropped_0016_label_QbCmZ2ce_480_1440.png,cropped_0016_label_QbCmZ2ce_480_1440_mask.png
cropped_0016_label_QbCmZ2ce_480_2880.png,cropped_0016_label_QbCmZ2ce_480_2880_mask.png
cropped_0016_label_QbCmZ2ce_2880_1920.png,cropped_0016_label_QbCmZ2ce_2880_1920_mask.png
cropped_0016_label_QbCmZ2ce_2880_480.png,cropped_0016_label_QbCmZ2ce_2880_480_mask.png
cropped_0016_label_QbCmZ2ce_960_480.png,cropped_0016_label_QbCmZ2ce_960_480_mask.png
cropped_0016_label_QbCmZ2ce_3840_1440.png,cropped_0016_label_QbCmZ2ce_3840_1440_mask.png
cropped_0016_label_QbCmZ2ce_0_1920.png,cropped_0016_label_QbCmZ2ce_0_1920_mask.png
cropped_0009_label_FCjmsocM_1440_480.png,cropped_0009_label_FCjmsocM_1440_480_mask.png
cropped_0009_label_FCjmsocM_3360_0.png,cropped_0009_label_FCjmsocM_3360_0_mask.png
cropped_0009_label_FCjmsocM_2880_2880.png,cropped_0009_label_FCjmsocM_2880_2880_mask.png
cropped_0009_label_FCjmsocM_3840_2880.png,cropped_0009_label_FCjmsocM_3840_2880_mask.png
cropped_0009_label_FCjmsocM_2880_480.png,cropped_0009_label_FCjmsocM_2880_480_mask.png
cropped_0009_label_FCjmsocM_2400_0.png,cropped_0009_label_FCjmsocM_2400_0_mask.png
cropped_0009_label_FCjmsocM_960_2400.png,cropped_0009_label_FCjmsocM_960_2400_mask.png
cropped_0009_label_FCjmsocM_960_0.png,cropped_0009_label_FCjmsocM_960_0_mask.png
cropped_0009_label_FCjmsocM_1920_1920.png,cropped_0009_label_FCjmsocM_1920_1920_mask.png
cropped_0009_label_FCjmsocM_0_960.png,cropped_0009_label_FCjmsocM_0_960_mask.png
cropped_0009_label_FCjmsocM_3840_1440.png,cropped_0009_label_FCjmsocM_3840_1440_mask.png
cropped_0009_label_FCjmsocM_2880_0.png,cropped_0009_label_FCjmsocM_2880_0_mask.png
cropped_0009_label_FCjmsocM_2400_2880.png,cropped_0009_label_FCjmsocM_2400_2880_mask.png
cropped_0009_label_FCjmsocM_1920_480.png,cropped_0009_label_FCjmsocM_1920_480_mask.png
cropped_0009_label_FCjmsocM_2400_480.png,cropped_0009_label_FCjmsocM_2400_480_mask.png
cropped_0009_label_FCjmsocM_0_480.png,cropped_0009_label_FCjmsocM_0_480_mask.png
cropped_0009_label_FCjmsocM_960_480.png,cropped_0009_label_FCjmsocM_960_480_mask.png
cropped_0009_label_FCjmsocM_1440_2880.png,cropped_0009_label_FCjmsocM_1440_2880_mask.png
cropped_0009_label_FCjmsocM_0_1920.png,cropped_0009_label_FCjmsocM_0_1920_mask.png
cropped_0009_label_FCjmsocM_1440_960.png,cropped_0009_label_FCjmsocM_1440_960_mask.png
cropped_0009_label_FCjmsocM_3840_0.png,cropped_0009_label_FCjmsocM_3840_0_mask.png
cropped_0009_label_FCjmsocM_480_480.png,cropped_0009_label_FCjmsocM_480_480_mask.png
cropped_0009_label_FCjmsocM_480_960.png,cropped_0009_label_FCjmsocM_480_960_mask.png
cropped_0000_label_PmivjAla_3360_1920.png,cropped_0000_label_PmivjAla_3360_1920_mask.png
cropped_0000_label_PmivjAla_2880_1920.png,cropped_0000_label_PmivjAla_2880_1920_mask.png
cropped_0000_label_PmivjAla_1440_960.png,cropped_0000_label_PmivjAla_1440_960_mask.png
cropped_0000_label_PmivjAla_480_480.png,cropped_0000_label_PmivjAla_480_480_mask.png
cropped_0000_label_PmivjAla_2880_2400.png,cropped_0000_label_PmivjAla_2880_2400_mask.png
cropped_0000_label_PmivjAla_2400_2880.png,cropped_0000_label_PmivjAla_2400_2880_mask.png
cropped_0000_label_PmivjAla_1920_2880.png,cropped_0000_label_PmivjAla_1920_2880_mask.png
cropped_0000_label_PmivjAla_2880_960.png,cropped_0000_label_PmivjAla_2880_960_mask.png
cropped_0000_label_PmivjAla_1920_960.png,cropped_0000_label_PmivjAla_1920_960_mask.png
cropped_0000_label_PmivjAla_3360_1440.png,cropped_0000_label_PmivjAla_3360_1440_mask.png
cropped_0000_label_PmivjAla_0_1920.png,cropped_0000_label_PmivjAla_0_1920_mask.png
cropped_0000_label_PmivjAla_3840_0.png,cropped_0000_label_PmivjAla_3840_0_mask.png
cropped_0000_label_PmivjAla_960_480.png,cropped_0000_label_PmivjAla_960_480_mask.png
cropped_0000_label_PmivjAla_960_1440.png,cropped_0000_label_PmivjAla_960_1440_mask.png
cropped_0000_label_PmivjAla_2400_1920.png,cropped_0000_label_PmivjAla_2400_1920_mask.png
cropped_0000_label_PmivjAla_0_0.png,cropped_0000_label_PmivjAla_0_0_mask.png
cropped_0000_label_PmivjAla_1920_1440.png,cropped_0000_label_PmivjAla_1920_1440_mask.png
cropped_0000_label_PmivjAla_3360_960.png,cropped_0000_label_PmivjAla_3360_960_mask.png
cropped_0000_label_PmivjAla_1920_2400.png,cropped_0000_label_PmivjAla_1920_2400_mask.png
cropped_0000_label_PmivjAla_2880_1440.png,cropped_0000_label_PmivjAla_2880_1440_mask.png
cropped_0000_label_PmivjAla_3840_960.png,cropped_0000_label_PmivjAla_3840_960_mask.png
cropped_0000_label_PmivjAla_3840_2400.png,cropped_0000_label_PmivjAla_3840_2400_mask.png
cropped_0005_label_iGFOdcQt_1920_960.png,cropped_0005_label_iGFOdcQt_1920_960_mask.png
cropped_0005_label_iGFOdcQt_0_2400.png,cropped_0005_label_iGFOdcQt_0_2400_mask.png
cropped_0005_label_iGFOdcQt_0_1920.png,cropped_0005_label_iGFOdcQt_0_1920_mask.png
cropped_0005_label_iGFOdcQt_960_1440.png,cropped_0005_label_iGFOdcQt_960_1440_mask.png
cropped_0005_label_iGFOdcQt_2880_960.png,cropped_0005_label_iGFOdcQt_2880_960_mask.png
cropped_0005_label_iGFOdcQt_1920_480.png,cropped_0005_label_iGFOdcQt_1920_480_mask.png
cropped_0005_label_iGFOdcQt_3840_480.png,cropped_0005_label_iGFOdcQt_3840_480_mask.png
cropped_0005_label_iGFOdcQt_2880_1440.png,cropped_0005_label_iGFOdcQt_2880_1440_mask.png
cropped_0005_label_iGFOdcQt_3360_480.png,cropped_0005_label_iGFOdcQt_3360_480_mask.png
cropped_0005_label_iGFOdcQt_3360_2880.png,cropped_0005_label_iGFOdcQt_3360_2880_mask.png
cropped_0005_label_iGFOdcQt_3840_960.png,cropped_0005_label_iGFOdcQt_3840_960_mask.png
cropped_0005_label_iGFOdcQt_2880_2880.png,cropped_0005_label_iGFOdcQt_2880_2880_mask.png
cropped_0005_label_iGFOdcQt_0_1440.png,cropped_0005_label_iGFOdcQt_0_1440_mask.png
cropped_0005_label_iGFOdcQt_2880_2400.png,cropped_0005_label_iGFOdcQt_2880_2400_mask.png
cropped_0005_label_iGFOdcQt_960_0.png,cropped_0005_label_iGFOdcQt_960_0_mask.png
cropped_0005_label_iGFOdcQt_960_2400.png,cropped_0005_label_iGFOdcQt_960_2400_mask.png
cropped_0005_label_iGFOdcQt_2400_0.png,cropped_0005_label_iGFOdcQt_2400_0_mask.png
cropped_0005_label_iGFOdcQt_3360_0.png,cropped_0005_label_iGFOdcQt_3360_0_mask.png
cropped_0005_label_iGFOdcQt_0_2880.png,cropped_0005_label_iGFOdcQt_0_2880_mask.png
cropped_0005_label_iGFOdcQt_3840_2880.png,cropped_0005_label_iGFOdcQt_3840_2880_mask.png
cropped_0005_label_iGFOdcQt_3840_1920.png,cropped_0005_label_iGFOdcQt_3840_1920_mask.png
cropped_00000017_4_2880_2400.png,cropped_00000017_4_2880_2400_mask.png
cropped_00000017_4_2880_480.png,cropped_00000017_4_2880_480_mask.png
cropped_00000017_4_2400_1440.png,cropped_00000017_4_2400_1440_mask.png
cropped_00000017_4_480_960.png,cropped_00000017_4_480_960_mask.png
cropped_00000017_4_960_2400.png,cropped_00000017_4_960_2400_mask.png
cropped_00000017_4_1920_1440.png,cropped_00000017_4_1920_1440_mask.png
cropped_00000017_4_960_1920.png,cropped_00000017_4_960_1920_mask.png
cropped_00000017_4_1440_480.png,cropped_00000017_4_1440_480_mask.png
cropped_00000017_4_1440_2880.png,cropped_00000017_4_1440_2880_mask.png
cropped_00000017_4_2400_480.png,cropped_00000017_4_2400_480_mask.png
cropped_00000017_4_2880_1920.png,cropped_00000017_4_2880_1920_mask.png
cropped_00000017_4_0_0.png,cropped_00000017_4_0_0_mask.png
cropped_00000017_4_2400_2880.png,cropped_00000017_4_2400_2880_mask.png
cropped_00000017_4_1920_2400.png,cropped_00000017_4_1920_2400_mask.png
cropped_00000017_4_0_1920.png,cropped_00000017_4_0_1920_mask.png
cropped_00000017_4_1920_2880.png,cropped_00000017_4_1920_2880_mask.png
cropped_00000017_4_3360_1440.png,cropped_00000017_4_3360_1440_mask.png
cropped_00000017_4_960_480.png,cropped_00000017_4_960_480_mask.png
cropped_00000017_4_1440_1440.png,cropped_00000017_4_1440_1440_mask.png
cropped_00000017_4_0_480.png,cropped_00000017_4_0_480_mask.png
cropped_00000017_4_2400_960.png,cropped_00000017_4_2400_960_mask.png
cropped_00000017_4_2400_2400.png,cropped_00000017_4_2400_2400_mask.png
cropped_00000017_4_2880_960.png,cropped_00000017_4_2880_960_mask.png
cropped_0014_label_tALCG3Yy_2400_1920.png,cropped_0014_label_tALCG3Yy_2400_1920_mask.png
cropped_0014_label_tALCG3Yy_0_2880.png,cropped_0014_label_tALCG3Yy_0_2880_mask.png
cropped_0014_label_tALCG3Yy_2880_0.png,cropped_0014_label_tALCG3Yy_2880_0_mask.png
cropped_0014_label_tALCG3Yy_0_2400.png,cropped_0014_label_tALCG3Yy_0_2400_mask.png
cropped_0014_label_tALCG3Yy_0_960.png,cropped_0014_label_tALCG3Yy_0_960_mask.png
cropped_0014_label_tALCG3Yy_0_1440.png,cropped_0014_label_tALCG3Yy_0_1440_mask.png
cropped_0014_label_tALCG3Yy_2880_1440.png,cropped_0014_label_tALCG3Yy_2880_1440_mask.png
cropped_0014_label_tALCG3Yy_3840_960.png,cropped_0014_label_tALCG3Yy_3840_960_mask.png
cropped_0014_label_tALCG3Yy_960_2400.png,cropped_0014_label_tALCG3Yy_960_2400_mask.png
cropped_0014_label_tALCG3Yy_3840_2400.png,cropped_0014_label_tALCG3Yy_3840_2400_mask.png
cropped_0014_label_tALCG3Yy_2880_1920.png,cropped_0014_label_tALCG3Yy_2880_1920_mask.png
cropped_0014_label_tALCG3Yy_0_0.png,cropped_0014_label_tALCG3Yy_0_0_mask.png
cropped_0014_label_tALCG3Yy_480_2400.png,cropped_0014_label_tALCG3Yy_480_2400_mask.png
cropped_0014_label_tALCG3Yy_480_2880.png,cropped_0014_label_tALCG3Yy_480_2880_mask.png
cropped_0014_label_tALCG3Yy_1920_2880.png,cropped_0014_label_tALCG3Yy_1920_2880_mask.png
cropped_0014_label_tALCG3Yy_3360_0.png,cropped_0014_label_tALCG3Yy_3360_0_mask.png
cropped_0014_label_tALCG3Yy_2880_480.png,cropped_0014_label_tALCG3Yy_2880_480_mask.png
cropped_0014_label_tALCG3Yy_480_1920.png,cropped_0014_label_tALCG3Yy_480_1920_mask.png
cropped_0014_label_tALCG3Yy_3840_1920.png,cropped_0014_label_tALCG3Yy_3840_1920_mask.png
cropped_0014_label_tALCG3Yy_3360_480.png,cropped_0014_label_tALCG3Yy_3360_480_mask.png
cropped_0014_label_tALCG3Yy_1920_1920.png,cropped_0014_label_tALCG3Yy_1920_1920_mask.png
cropped_00000002_0_2400.png,cropped_00000002_0_2400_mask.png
cropped_00000002_960_960.png,cropped_00000002_960_960_mask.png
cropped_00000002_1920_1440.png,cropped_00000002_1920_1440_mask.png
cropped_00000002_1440_1440.png,cropped_00000002_1440_1440_mask.png
cropped_00000002_960_480.png,cropped_00000002_960_480_mask.png
cropped_00000002_2400_960.png,cropped_00000002_2400_960_mask.png
cropped_00000002_2880_1440.png,cropped_00000002_2880_1440_mask.png
cropped_00000002_1440_1920.png,cropped_00000002_1440_1920_mask.png
cropped_00000002_480_960.png,cropped_00000002_480_960_mask.png
cropped_00000002_480_480.png,cropped_00000002_480_480_mask.png
cropped_00000002_3360_2400.png,cropped_00000002_3360_2400_mask.png
cropped_00000002_1440_480.png,cropped_00000002_1440_480_mask.png
cropped_00000002_2400_1440.png,cropped_00000002_2400_1440_mask.png
cropped_00000002_3840_2400.png,cropped_00000002_3840_2400_mask.png
cropped_00000002_2880_2880.png,cropped_00000002_2880_2880_mask.png
cropped_00000002_1920_0.png,cropped_00000002_1920_0_mask.png
cropped_00000002_2880_960.png,cropped_00000002_2880_960_mask.png
cropped_00000002_3360_960.png,cropped_00000002_3360_960_mask.png
cropped_00000002_2880_480.png,cropped_00000002_2880_480_mask.png
cropped_00000002_1440_2400.png,cropped_00000002_1440_2400_mask.png
cropped_00000002_1440_960.png,cropped_00000002_1440_960_mask.png
cropped_00000002_0_1440.png,cropped_00000002_0_1440_mask.png
cropped_00000002_2880_2400.png,cropped_00000002_2880_2400_mask.png
cropped_00000002_3840_1440.png,cropped_00000002_3840_1440_mask.png
cropped_0018_label_1XDZxhBC_960_0.png,cropped_0018_label_1XDZxhBC_960_0_mask.png
cropped_0018_label_1XDZxhBC_2400_960.png,cropped_0018_label_1XDZxhBC_2400_960_mask.png
cropped_0018_label_1XDZxhBC_3360_480.png,cropped_0018_label_1XDZxhBC_3360_480_mask.png
cropped_0018_label_1XDZxhBC_0_1920.png,cropped_0018_label_1XDZxhBC_0_1920_mask.png
cropped_0018_label_1XDZxhBC_1440_2880.png,cropped_0018_label_1XDZxhBC_1440_2880_mask.png
cropped_0018_label_1XDZxhBC_1440_960.png,cropped_0018_label_1XDZxhBC_1440_960_mask.png
cropped_0018_label_1XDZxhBC_3360_2880.png,cropped_0018_label_1XDZxhBC_3360_2880_mask.png
cropped_0018_label_1XDZxhBC_3360_2400.png,cropped_0018_label_1XDZxhBC_3360_2400_mask.png
cropped_0018_label_1XDZxhBC_960_2400.png,cropped_0018_label_1XDZxhBC_960_2400_mask.png
cropped_0018_label_1XDZxhBC_2880_2880.png,cropped_0018_label_1XDZxhBC_2880_2880_mask.png
cropped_0018_label_1XDZxhBC_2880_1920.png,cropped_0018_label_1XDZxhBC_2880_1920_mask.png
cropped_0018_label_1XDZxhBC_0_2880.png,cropped_0018_label_1XDZxhBC_0_2880_mask.png
cropped_0018_label_1XDZxhBC_2880_960.png,cropped_0018_label_1XDZxhBC_2880_960_mask.png
cropped_0018_label_1XDZxhBC_1920_960.png,cropped_0018_label_1XDZxhBC_1920_960_mask.png
cropped_0018_label_1XDZxhBC_3840_1920.png,cropped_0018_label_1XDZxhBC_3840_1920_mask.png
cropped_0018_label_1XDZxhBC_2880_2400.png,cropped_0018_label_1XDZxhBC_2880_2400_mask.png
cropped_0018_label_1XDZxhBC_1920_480.png,cropped_0018_label_1XDZxhBC_1920_480_mask.png
cropped_0018_label_1XDZxhBC_2400_1440.png,cropped_0018_label_1XDZxhBC_2400_1440_mask.png
cropped_0018_label_1XDZxhBC_1440_1440.png,cropped_0018_label_1XDZxhBC_1440_1440_mask.png
cropped_0018_label_1XDZxhBC_960_1440.png,cropped_0018_label_1XDZxhBC_960_1440_mask.png
cropped_0018_label_1XDZxhBC_3360_1920.png,cropped_0018_label_1XDZxhBC_3360_1920_mask.png
cropped_0018_label_1XDZxhBC_3360_0.png,cropped_0018_label_1XDZxhBC_3360_0_mask.png
cropped_0018_label_1XDZxhBC_2400_0.png,cropped_0018_label_1XDZxhBC_2400_0_mask.png
cropped_0018_label_1XDZxhBC_480_1920.png,cropped_0018_label_1XDZxhBC_480_1920_mask.png
cropped_0018_label_1XDZxhBC_0_960.png,cropped_0018_label_1XDZxhBC_0_960_mask.png
cropped_00000008_2_2880_2880.png,cropped_00000008_2_2880_2880_mask.png
cropped_00000008_2_1440_960.png,cropped_00000008_2_1440_960_mask.png
cropped_00000008_2_2880_960.png,cropped_00000008_2_2880_960_mask.png
cropped_00000008_2_2400_480.png,cropped_00000008_2_2400_480_mask.png
cropped_00000008_2_480_1440.png,cropped_00000008_2_480_1440_mask.png
cropped_00000008_2_2880_2400.png,cropped_00000008_2_2880_2400_mask.png
cropped_00000008_2_1440_1440.png,cropped_00000008_2_1440_1440_mask.png
cropped_00000008_2_960_960.png,cropped_00000008_2_960_960_mask.png
cropped_00000008_2_3360_2880.png,cropped_00000008_2_3360_2880_mask.png
cropped_00000008_2_2880_480.png,cropped_00000008_2_2880_480_mask.png
cropped_00000008_2_480_960.png,cropped_00000008_2_480_960_mask.png
cropped_00000008_2_1920_1440.png,cropped_00000008_2_1920_1440_mask.png
cropped_00000008_2_1920_0.png,cropped_00000008_2_1920_0_mask.png
cropped_00000008_2_3360_0.png,cropped_00000008_2_3360_0_mask.png
cropped_00000008_2_960_0.png,cropped_00000008_2_960_0_mask.png
cropped_00000008_2_2400_960.png,cropped_00000008_2_2400_960_mask.png
cropped_00000008_2_3840_0.png,cropped_00000008_2_3840_0_mask.png
cropped_0005_label_GQ173MEa_2400_1440.png,cropped_0005_label_GQ173MEa_2400_1440_mask.png
cropped_0005_label_GQ173MEa_1920_960.png,cropped_0005_label_GQ173MEa_1920_960_mask.png
cropped_0005_label_GQ173MEa_1920_480.png,cropped_0005_label_GQ173MEa_1920_480_mask.png
cropped_0005_label_GQ173MEa_0_2400.png,cropped_0005_label_GQ173MEa_0_2400_mask.png
cropped_0005_label_GQ173MEa_3360_0.png,cropped_0005_label_GQ173MEa_3360_0_mask.png
cropped_0005_label_GQ173MEa_2880_1440.png,cropped_0005_label_GQ173MEa_2880_1440_mask.png
cropped_0005_label_GQ173MEa_2400_2400.png,cropped_0005_label_GQ173MEa_2400_2400_mask.png
cropped_0005_label_GQ173MEa_0_480.png,cropped_0005_label_GQ173MEa_0_480_mask.png
cropped_0005_label_GQ173MEa_2400_2880.png,cropped_0005_label_GQ173MEa_2400_2880_mask.png
cropped_0005_label_GQ173MEa_2400_960.png,cropped_0005_label_GQ173MEa_2400_960_mask.png
cropped_0005_label_GQ173MEa_1920_2880.png,cropped_0005_label_GQ173MEa_1920_2880_mask.png
cropped_0005_label_GQ173MEa_960_2400.png,cropped_0005_label_GQ173MEa_960_2400_mask.png
cropped_0005_label_GQ173MEa_1920_2400.png,cropped_0005_label_GQ173MEa_1920_2400_mask.png
cropped_0005_label_GQ173MEa_3840_0.png,cropped_0005_label_GQ173MEa_3840_0_mask.png
cropped_0005_label_GQ173MEa_0_960.png,cropped_0005_label_GQ173MEa_0_960_mask.png
cropped_0005_label_GQ173MEa_1440_2400.png,cropped_0005_label_GQ173MEa_1440_2400_mask.png
cropped_0005_label_GQ173MEa_1440_0.png,cropped_0005_label_GQ173MEa_1440_0_mask.png
cropped_00000002_1_0_0.png,cropped_00000002_1_0_0_mask.png
cropped_00000002_1_3840_960.png,cropped_00000002_1_3840_960_mask.png
cropped_00000002_1_1920_1920.png,cropped_00000002_1_1920_1920_mask.png
cropped_00000002_1_0_1440.png,cropped_00000002_1_0_1440_mask.png
cropped_00000002_1_1920_2400.png,cropped_00000002_1_1920_2400_mask.png
cropped_00000002_1_960_2400.png,cropped_00000002_1_960_2400_mask.png
cropped_00000002_1_1440_0.png,cropped_00000002_1_1440_0_mask.png
cropped_00000002_1_1440_1920.png,cropped_00000002_1_1440_1920_mask.png
cropped_00000002_1_1440_2880.png,cropped_00000002_1_1440_2880_mask.png
cropped_00000002_1_3840_1440.png,cropped_00000002_1_3840_1440_mask.png
cropped_00000002_1_2400_1440.png,cropped_00000002_1_2400_1440_mask.png
cropped_0008_label_h2qBCL3Q_0_2880.png,cropped_0008_label_h2qBCL3Q_0_2880_mask.png
cropped_0008_label_h2qBCL3Q_480_960.png,cropped_0008_label_h2qBCL3Q_480_960_mask.png
cropped_0008_label_h2qBCL3Q_960_0.png,cropped_0008_label_h2qBCL3Q_960_0_mask.png
cropped_0008_label_h2qBCL3Q_3360_480.png,cropped_0008_label_h2qBCL3Q_3360_480_mask.png
cropped_0008_label_h2qBCL3Q_2400_0.png,cropped_0008_label_h2qBCL3Q_2400_0_mask.png
cropped_0008_label_h2qBCL3Q_2400_1920.png,cropped_0008_label_h2qBCL3Q_2400_1920_mask.png
cropped_0008_label_h2qBCL3Q_1920_1440.png,cropped_0008_label_h2qBCL3Q_1920_1440_mask.png
cropped_0008_label_h2qBCL3Q_2400_480.png,cropped_0008_label_h2qBCL3Q_2400_480_mask.png
cropped_0008_label_h2qBCL3Q_3840_960.png,cropped_0008_label_h2qBCL3Q_3840_960_mask.png
cropped_0008_label_h2qBCL3Q_1920_2880.png,cropped_0008_label_h2qBCL3Q_1920_2880_mask.png
cropped_0008_label_h2qBCL3Q_3840_2400.png,cropped_0008_label_h2qBCL3Q_3840_2400_mask.png
cropped_0008_label_h2qBCL3Q_3360_960.png,cropped_0008_label_h2qBCL3Q_3360_960_mask.png
cropped_0008_label_h2qBCL3Q_1920_480.png,cropped_0008_label_h2qBCL3Q_1920_480_mask.png
cropped_0008_label_h2qBCL3Q_0_480.png,cropped_0008_label_h2qBCL3Q_0_480_mask.png
cropped_0008_label_h2qBCL3Q_0_960.png,cropped_0008_label_h2qBCL3Q_0_960_mask.png
cropped_0008_label_h2qBCL3Q_480_1440.png,cropped_0008_label_h2qBCL3Q_480_1440_mask.png
cropped_0008_label_h2qBCL3Q_1920_1920.png,cropped_0008_label_h2qBCL3Q_1920_1920_mask.png
cropped_0008_label_h2qBCL3Q_480_0.png,cropped_0008_label_h2qBCL3Q_480_0_mask.png
cropped_0008_label_h2qBCL3Q_0_1920.png,cropped_0008_label_h2qBCL3Q_0_1920_mask.png
cropped_0011_label_ckrYP90D_1440_1440.png,cropped_0011_label_ckrYP90D_1440_1440_mask.png
cropped_0011_label_ckrYP90D_1920_1920.png,cropped_0011_label_ckrYP90D_1920_1920_mask.png
cropped_0011_label_ckrYP90D_3360_960.png,cropped_0011_label_ckrYP90D_3360_960_mask.png
cropped_0011_label_ckrYP90D_2400_2880.png,cropped_0011_label_ckrYP90D_2400_2880_mask.png
cropped_0011_label_ckrYP90D_2400_1440.png,cropped_0011_label_ckrYP90D_2400_1440_mask.png
cropped_0011_label_ckrYP90D_480_2400.png,cropped_0011_label_ckrYP90D_480_2400_mask.png
cropped_0011_label_ckrYP90D_1920_1440.png,cropped_0011_label_ckrYP90D_1920_1440_mask.png
cropped_0011_label_ckrYP90D_480_960.png,cropped_0011_label_ckrYP90D_480_960_mask.png
cropped_0011_label_ckrYP90D_2400_960.png,cropped_0011_label_ckrYP90D_2400_960_mask.png
cropped_0011_label_ckrYP90D_2880_1920.png,cropped_0011_label_ckrYP90D_2880_1920_mask.png
cropped_0011_label_ckrYP90D_960_1440.png,cropped_0011_label_ckrYP90D_960_1440_mask.png
cropped_0011_label_ckrYP90D_3840_2880.png,cropped_0011_label_ckrYP90D_3840_2880_mask.png
cropped_0011_label_ckrYP90D_3840_2400.png,cropped_0011_label_ckrYP90D_3840_2400_mask.png
cropped_0011_label_ckrYP90D_2880_2400.png,cropped_0011_label_ckrYP90D_2880_2400_mask.png
cropped_0011_label_ckrYP90D_3360_1440.png,cropped_0011_label_ckrYP90D_3360_1440_mask.png
cropped_0011_label_ckrYP90D_480_1440.png,cropped_0011_label_ckrYP90D_480_1440_mask.png
cropped_0011_label_ckrYP90D_480_2880.png,cropped_0011_label_ckrYP90D_480_2880_mask.png
cropped_0011_label_ckrYP90D_1920_2880.png,cropped_0011_label_ckrYP90D_1920_2880_mask.png
cropped_0011_label_ckrYP90D_480_0.png,cropped_0011_label_ckrYP90D_480_0_mask.png
cropped_0011_label_ckrYP90D_2880_1440.png,cropped_0011_label_ckrYP90D_2880_1440_mask.png
cropped_0011_label_ckrYP90D_3840_960.png,cropped_0011_label_ckrYP90D_3840_960_mask.png
cropped_0011_label_ckrYP90D_0_960.png,cropped_0011_label_ckrYP90D_0_960_mask.png
cropped_0011_label_ckrYP90D_1440_2400.png,cropped_0011_label_ckrYP90D_1440_2400_mask.png
cropped_0011_label_ckrYP90D_2400_2400.png,cropped_0011_label_ckrYP90D_2400_2400_mask.png
cropped_0011_label_ckrYP90D_1920_2400.png,cropped_0011_label_ckrYP90D_1920_2400_mask.png
cropped_0004_label_Z4lINfjt_1920_960.png,cropped_0004_label_Z4lINfjt_1920_960_mask.png
cropped_0004_label_Z4lINfjt_2400_1440.png,cropped_0004_label_Z4lINfjt_2400_1440_mask.png
cropped_0004_label_Z4lINfjt_480_1440.png,cropped_0004_label_Z4lINfjt_480_1440_mask.png
cropped_0004_label_Z4lINfjt_2880_960.png,cropped_0004_label_Z4lINfjt_2880_960_mask.png
cropped_0004_label_Z4lINfjt_1440_2400.png,cropped_0004_label_Z4lINfjt_1440_2400_mask.png
cropped_0004_label_Z4lINfjt_1920_0.png,cropped_0004_label_Z4lINfjt_1920_0_mask.png
cropped_0004_label_Z4lINfjt_0_2400.png,cropped_0004_label_Z4lINfjt_0_2400_mask.png
cropped_0004_label_Z4lINfjt_3840_960.png,cropped_0004_label_Z4lINfjt_3840_960_mask.png
cropped_0004_label_Z4lINfjt_3840_2880.png,cropped_0004_label_Z4lINfjt_3840_2880_mask.png
cropped_0004_label_Z4lINfjt_3840_1920.png,cropped_0004_label_Z4lINfjt_3840_1920_mask.png
cropped_0004_label_Z4lINfjt_1440_960.png,cropped_0004_label_Z4lINfjt_1440_960_mask.png
cropped_0004_label_Z4lINfjt_1920_2400.png,cropped_0004_label_Z4lINfjt_1920_2400_mask.png
cropped_0004_label_Z4lINfjt_1920_2880.png,cropped_0004_label_Z4lINfjt_1920_2880_mask.png
cropped_0004_label_Z4lINfjt_2400_960.png,cropped_0004_label_Z4lINfjt_2400_960_mask.png
cropped_0004_label_Z4lINfjt_960_1440.png,cropped_0004_label_Z4lINfjt_960_1440_mask.png
cropped_0004_label_Z4lINfjt_3360_2880.png,cropped_0004_label_Z4lINfjt_3360_2880_mask.png
cropped_0004_label_Z4lINfjt_3840_1440.png,cropped_0004_label_Z4lINfjt_3840_1440_mask.png
cropped_0004_label_Z4lINfjt_3360_1920.png,cropped_0004_label_Z4lINfjt_3360_1920_mask.png
cropped_0016_label_egaPlFje_3840_480.png,cropped_0016_label_egaPlFje_3840_480_mask.png
cropped_0016_label_egaPlFje_1440_2400.png,cropped_0016_label_egaPlFje_1440_2400_mask.png
cropped_0016_label_egaPlFje_0_1920.png,cropped_0016_label_egaPlFje_0_1920_mask.png
cropped_0016_label_egaPlFje_1440_480.png,cropped_0016_label_egaPlFje_1440_480_mask.png
cropped_0016_label_egaPlFje_960_960.png,cropped_0016_label_egaPlFje_960_960_mask.png
cropped_0016_label_egaPlFje_0_960.png,cropped_0016_label_egaPlFje_0_960_mask.png
cropped_0016_label_egaPlFje_2880_2880.png,cropped_0016_label_egaPlFje_2880_2880_mask.png
cropped_0016_label_egaPlFje_960_2400.png,cropped_0016_label_egaPlFje_960_2400_mask.png
cropped_0016_label_egaPlFje_3360_2400.png,cropped_0016_label_egaPlFje_3360_2400_mask.png
cropped_0016_label_egaPlFje_0_2880.png,cropped_0016_label_egaPlFje_0_2880_mask.png
cropped_0016_label_egaPlFje_2880_1920.png,cropped_0016_label_egaPlFje_2880_1920_mask.png
cropped_0016_label_egaPlFje_480_1920.png,cropped_0016_label_egaPlFje_480_1920_mask.png
cropped_00000034_2880_960.png,cropped_00000034_2880_960_mask.png
cropped_00000034_3840_1920.png,cropped_00000034_3840_1920_mask.png
cropped_00000034_1920_0.png,cropped_00000034_1920_0_mask.png
cropped_00000034_3840_2880.png,cropped_00000034_3840_2880_mask.png
cropped_00000034_1920_960.png,cropped_00000034_1920_960_mask.png
cropped_00000034_1920_2880.png,cropped_00000034_1920_2880_mask.png
cropped_00000034_960_0.png,cropped_00000034_960_0_mask.png
cropped_00000034_3360_1440.png,cropped_00000034_3360_1440_mask.png
cropped_00000034_1440_1440.png,cropped_00000034_1440_1440_mask.png
cropped_00000034_3840_1440.png,cropped_00000034_3840_1440_mask.png
cropped_00000034_0_1440.png,cropped_00000034_0_1440_mask.png
cropped_00000034_1920_2400.png,cropped_00000034_1920_2400_mask.png
cropped_00000034_1920_1440.png,cropped_00000034_1920_1440_mask.png
cropped_00000034_1440_0.png,cropped_00000034_1440_0_mask.png
cropped_00000034_2880_0.png,cropped_00000034_2880_0_mask.png
cropped_00000034_2880_2880.png,cropped_00000034_2880_2880_mask.png
cropped_00000034_1440_960.png,cropped_00000034_1440_960_mask.png
cropped_00000034_2400_1440.png,cropped_00000034_2400_1440_mask.png
cropped_00000034_480_2400.png,cropped_00000034_480_2400_mask.png
cropped_00000034_480_1920.png,cropped_00000034_480_1920_mask.png
cropped_00000034_1920_480.png,cropped_00000034_1920_480_mask.png
cropped_00000034_1440_480.png,cropped_00000034_1440_480_mask.png
cropped_00000051_1_480_1920.png,cropped_00000051_1_480_1920_mask.png
cropped_00000051_1_1440_960.png,cropped_00000051_1_1440_960_mask.png
cropped_00000051_1_2880_2880.png,cropped_00000051_1_2880_2880_mask.png
cropped_00000051_1_3360_960.png,cropped_00000051_1_3360_960_mask.png
cropped_00000051_1_480_480.png,cropped_00000051_1_480_480_mask.png
cropped_00000051_1_2400_960.png,cropped_00000051_1_2400_960_mask.png
cropped_00000051_1_2880_1920.png,cropped_00000051_1_2880_1920_mask.png
cropped_00000051_1_2880_480.png,cropped_00000051_1_2880_480_mask.png
cropped_00000051_1_480_1440.png,cropped_00000051_1_480_1440_mask.png
cropped_00000051_1_960_480.png,cropped_00000051_1_960_480_mask.png
cropped_00000051_1_480_0.png,cropped_00000051_1_480_0_mask.png
cropped_00000051_1_0_480.png,cropped_00000051_1_0_480_mask.png
cropped_00000051_1_0_1440.png,cropped_00000051_1_0_1440_mask.png
cropped_00000051_1_3840_0.png,cropped_00000051_1_3840_0_mask.png
cropped_00000051_1_3360_480.png,cropped_00000051_1_3360_480_mask.png
cropped_00000051_1_3840_2400.png,cropped_00000051_1_3840_2400_mask.png
cropped_00000051_1_3360_0.png,cropped_00000051_1_3360_0_mask.png
cropped_00000051_1_2880_1440.png,cropped_00000051_1_2880_1440_mask.png
cropped_00000051_1_1440_1440.png,cropped_00000051_1_1440_1440_mask.png
cropped_00000051_1_3360_1920.png,cropped_00000051_1_3360_1920_mask.png
cropped_00000051_1_2400_0.png,cropped_00000051_1_2400_0_mask.png
cropped_00000051_1_3840_1920.png,cropped_00000051_1_3840_1920_mask.png
cropped_00000051_1_2400_2400.png,cropped_00000051_1_2400_2400_mask.png
cropped_0020_label_PmivjAla_3840_1920.png,cropped_0020_label_PmivjAla_3840_1920_mask.png
cropped_0020_label_PmivjAla_480_1440.png,cropped_0020_label_PmivjAla_480_1440_mask.png
cropped_0020_label_PmivjAla_3360_960.png,cropped_0020_label_PmivjAla_3360_960_mask.png
cropped_0020_label_PmivjAla_2400_0.png,cropped_0020_label_PmivjAla_2400_0_mask.png
cropped_0020_label_PmivjAla_2400_1920.png,cropped_0020_label_PmivjAla_2400_1920_mask.png
cropped_0020_label_PmivjAla_1440_1920.png,cropped_0020_label_PmivjAla_1440_1920_mask.png
cropped_0020_label_PmivjAla_960_1440.png,cropped_0020_label_PmivjAla_960_1440_mask.png
cropped_0020_label_PmivjAla_960_2400.png,cropped_0020_label_PmivjAla_960_2400_mask.png
cropped_0020_label_PmivjAla_2400_960.png,cropped_0020_label_PmivjAla_2400_960_mask.png
cropped_0020_label_PmivjAla_2880_960.png,cropped_0020_label_PmivjAla_2880_960_mask.png
cropped_0020_label_PmivjAla_960_1920.png,cropped_0020_label_PmivjAla_960_1920_mask.png
cropped_0020_label_PmivjAla_1920_2880.png,cropped_0020_label_PmivjAla_1920_2880_mask.png
cropped_0020_label_PmivjAla_2880_480.png,cropped_0020_label_PmivjAla_2880_480_mask.png
cropped_0020_label_PmivjAla_1440_960.png,cropped_0020_label_PmivjAla_1440_960_mask.png
cropped_0020_label_PmivjAla_480_2880.png,cropped_0020_label_PmivjAla_480_2880_mask.png
cropped_0020_label_PmivjAla_1920_1440.png,cropped_0020_label_PmivjAla_1920_1440_mask.png
cropped_0020_label_PmivjAla_3840_2880.png,cropped_0020_label_PmivjAla_3840_2880_mask.png
cropped_0020_label_PmivjAla_1440_0.png,cropped_0020_label_PmivjAla_1440_0_mask.png
cropped_0020_label_PmivjAla_2880_1920.png,cropped_0020_label_PmivjAla_2880_1920_mask.png
cropped_0020_label_PmivjAla_0_1440.png,cropped_0020_label_PmivjAla_0_1440_mask.png
cropped_0001_label_XP0UKXUr_480_480.png,cropped_0001_label_XP0UKXUr_480_480_mask.png
cropped_0001_label_XP0UKXUr_3360_1920.png,cropped_0001_label_XP0UKXUr_3360_1920_mask.png
cropped_0001_label_XP0UKXUr_480_2880.png,cropped_0001_label_XP0UKXUr_480_2880_mask.png
cropped_0001_label_XP0UKXUr_1440_2400.png,cropped_0001_label_XP0UKXUr_1440_2400_mask.png
cropped_0001_label_XP0UKXUr_480_1440.png,cropped_0001_label_XP0UKXUr_480_1440_mask.png
cropped_0001_label_XP0UKXUr_1440_0.png,cropped_0001_label_XP0UKXUr_1440_0_mask.png
cropped_0001_label_XP0UKXUr_2880_2400.png,cropped_0001_label_XP0UKXUr_2880_2400_mask.png
cropped_0001_label_XP0UKXUr_0_480.png,cropped_0001_label_XP0UKXUr_0_480_mask.png
cropped_0001_label_XP0UKXUr_480_2400.png,cropped_0001_label_XP0UKXUr_480_2400_mask.png
cropped_0001_label_XP0UKXUr_2880_1920.png,cropped_0001_label_XP0UKXUr_2880_1920_mask.png
cropped_0001_label_XP0UKXUr_1920_0.png,cropped_0001_label_XP0UKXUr_1920_0_mask.png
cropped_0001_label_XP0UKXUr_2400_1440.png,cropped_0001_label_XP0UKXUr_2400_1440_mask.png
cropped_0001_label_XP0UKXUr_960_2400.png,cropped_0001_label_XP0UKXUr_960_2400_mask.png
cropped_0001_label_XP0UKXUr_3840_960.png,cropped_0001_label_XP0UKXUr_3840_960_mask.png
cropped_0001_label_XP0UKXUr_2400_960.png,cropped_0001_label_XP0UKXUr_2400_960_mask.png
cropped_0001_label_XP0UKXUr_0_0.png,cropped_0001_label_XP0UKXUr_0_0_mask.png
cropped_0001_label_XP0UKXUr_3840_2400.png,cropped_0001_label_XP0UKXUr_3840_2400_mask.png
cropped_0012_label_iSVx22hl_3360_1920.png,cropped_0012_label_iSVx22hl_3360_1920_mask.png
cropped_0012_label_iSVx22hl_960_1440.png,cropped_0012_label_iSVx22hl_960_1440_mask.png
cropped_0012_label_iSVx22hl_0_0.png,cropped_0012_label_iSVx22hl_0_0_mask.png
cropped_0012_label_iSVx22hl_1440_1440.png,cropped_0012_label_iSVx22hl_1440_1440_mask.png
cropped_0012_label_iSVx22hl_960_2400.png,cropped_0012_label_iSVx22hl_960_2400_mask.png
cropped_0012_label_iSVx22hl_3840_2400.png,cropped_0012_label_iSVx22hl_3840_2400_mask.png
cropped_0012_label_iSVx22hl_1920_1920.png,cropped_0012_label_iSVx22hl_1920_1920_mask.png
cropped_0012_label_iSVx22hl_3360_1440.png,cropped_0012_label_iSVx22hl_3360_1440_mask.png
cropped_0012_label_iSVx22hl_1920_0.png,cropped_0012_label_iSVx22hl_1920_0_mask.png
cropped_0012_label_iSVx22hl_480_1920.png,cropped_0012_label_iSVx22hl_480_1920_mask.png
cropped_0012_label_iSVx22hl_480_2880.png,cropped_0012_label_iSVx22hl_480_2880_mask.png
cropped_0012_label_iSVx22hl_480_480.png,cropped_0012_label_iSVx22hl_480_480_mask.png
cropped_0012_label_iSVx22hl_1920_1440.png,cropped_0012_label_iSVx22hl_1920_1440_mask.png
cropped_0012_label_iSVx22hl_960_480.png,cropped_0012_label_iSVx22hl_960_480_mask.png
cropped_0012_label_iSVx22hl_0_2400.png,cropped_0012_label_iSVx22hl_0_2400_mask.png
cropped_0012_label_iSVx22hl_2880_1920.png,cropped_0012_label_iSVx22hl_2880_1920_mask.png
cropped_0012_label_iSVx22hl_480_2400.png,cropped_0012_label_iSVx22hl_480_2400_mask.png
cropped_0012_label_iSVx22hl_1440_1920.png,cropped_0012_label_iSVx22hl_1440_1920_mask.png
cropped_0012_label_iSVx22hl_1920_2400.png,cropped_0012_label_iSVx22hl_1920_2400_mask.png
cropped_0012_label_iSVx22hl_2880_1440.png,cropped_0012_label_iSVx22hl_2880_1440_mask.png
cropped_0012_label_iSVx22hl_960_1920.png,cropped_0012_label_iSVx22hl_960_1920_mask.png
cropped_00000027_5_3840_2880.png,cropped_00000027_5_3840_2880_mask.png
cropped_00000027_5_3360_1440.png,cropped_00000027_5_3360_1440_mask.png
cropped_00000027_5_2400_1920.png,cropped_00000027_5_2400_1920_mask.png
cropped_00000027_5_3840_1440.png,cropped_00000027_5_3840_1440_mask.png
cropped_00000027_5_2880_2400.png,cropped_00000027_5_2880_2400_mask.png
cropped_00000027_5_1920_960.png,cropped_00000027_5_1920_960_mask.png
cropped_00000027_5_1440_960.png,cropped_00000027_5_1440_960_mask.png
cropped_00000027_5_1440_2400.png,cropped_00000027_5_1440_2400_mask.png
cropped_00000027_5_1440_1920.png,cropped_00000027_5_1440_1920_mask.png
cropped_00000027_5_1920_480.png,cropped_00000027_5_1920_480_mask.png
cropped_00000027_5_1440_2880.png,cropped_00000027_5_1440_2880_mask.png
cropped_00000027_5_1920_2880.png,cropped_00000027_5_1920_2880_mask.png
cropped_00000027_5_3360_480.png,cropped_00000027_5_3360_480_mask.png
cropped_00000027_5_960_960.png,cropped_00000027_5_960_960_mask.png
cropped_00000027_5_960_1920.png,cropped_00000027_5_960_1920_mask.png
cropped_00000027_5_480_480.png,cropped_00000027_5_480_480_mask.png
cropped_00000027_5_960_480.png,cropped_00000027_5_960_480_mask.png
cropped_00000027_5_1920_1920.png,cropped_00000027_5_1920_1920_mask.png
cropped_00000027_5_3840_960.png,cropped_00000027_5_3840_960_mask.png
cropped_00000027_5_3360_0.png,cropped_00000027_5_3360_0_mask.png
cropped_00000027_5_1440_1440.png,cropped_00000027_5_1440_1440_mask.png
cropped_0012_label_uCXpTeJJ_2400_1920.png,cropped_0012_label_uCXpTeJJ_2400_1920_mask.png
cropped_0012_label_uCXpTeJJ_3360_2880.png,cropped_0012_label_uCXpTeJJ_3360_2880_mask.png
cropped_0012_label_uCXpTeJJ_2880_2400.png,cropped_0012_label_uCXpTeJJ_2880_2400_mask.png
cropped_0012_label_uCXpTeJJ_2400_1440.png,cropped_0012_label_uCXpTeJJ_2400_1440_mask.png
cropped_0012_label_uCXpTeJJ_0_1920.png,cropped_0012_label_uCXpTeJJ_0_1920_mask.png
cropped_0012_label_uCXpTeJJ_3840_1920.png,cropped_0012_label_uCXpTeJJ_3840_1920_mask.png
cropped_0012_label_uCXpTeJJ_480_960.png,cropped_0012_label_uCXpTeJJ_480_960_mask.png
cropped_0012_label_uCXpTeJJ_3360_960.png,cropped_0012_label_uCXpTeJJ_3360_960_mask.png
cropped_0012_label_uCXpTeJJ_960_1920.png,cropped_0012_label_uCXpTeJJ_960_1920_mask.png
cropped_0012_label_uCXpTeJJ_2880_480.png,cropped_0012_label_uCXpTeJJ_2880_480_mask.png
cropped_0012_label_uCXpTeJJ_480_0.png,cropped_0012_label_uCXpTeJJ_480_0_mask.png
cropped_0012_label_uCXpTeJJ_3360_2400.png,cropped_0012_label_uCXpTeJJ_3360_2400_mask.png
cropped_0012_label_uCXpTeJJ_2400_2880.png,cropped_0012_label_uCXpTeJJ_2400_2880_mask.png
cropped_0012_label_uCXpTeJJ_0_2400.png,cropped_0012_label_uCXpTeJJ_0_2400_mask.png
cropped_0012_label_uCXpTeJJ_1440_960.png,cropped_0012_label_uCXpTeJJ_1440_960_mask.png
cropped_0012_label_uCXpTeJJ_0_1440.png,cropped_0012_label_uCXpTeJJ_0_1440_mask.png
cropped_0012_label_uCXpTeJJ_1920_0.png,cropped_0012_label_uCXpTeJJ_1920_0_mask.png
cropped_0012_label_uCXpTeJJ_1920_1440.png,cropped_0012_label_uCXpTeJJ_1920_1440_mask.png
cropped_0012_label_uCXpTeJJ_480_2880.png,cropped_0012_label_uCXpTeJJ_480_2880_mask.png
cropped_0013_label_0xjUoY7D_2880_480.png,cropped_0013_label_0xjUoY7D_2880_480_mask.png
cropped_0013_label_0xjUoY7D_1440_1920.png,cropped_0013_label_0xjUoY7D_1440_1920_mask.png
cropped_0013_label_0xjUoY7D_480_2400.png,cropped_0013_label_0xjUoY7D_480_2400_mask.png
cropped_0013_label_0xjUoY7D_1920_2880.png,cropped_0013_label_0xjUoY7D_1920_2880_mask.png
cropped_0013_label_0xjUoY7D_480_0.png,cropped_0013_label_0xjUoY7D_480_0_mask.png
cropped_0013_label_0xjUoY7D_2400_960.png,cropped_0013_label_0xjUoY7D_2400_960_mask.png
cropped_0013_label_0xjUoY7D_1440_960.png,cropped_0013_label_0xjUoY7D_1440_960_mask.png
cropped_0013_label_0xjUoY7D_2880_960.png,cropped_0013_label_0xjUoY7D_2880_960_mask.png
cropped_0013_label_0xjUoY7D_1920_480.png,cropped_0013_label_0xjUoY7D_1920_480_mask.png
cropped_0013_label_0xjUoY7D_3360_960.png,cropped_0013_label_0xjUoY7D_3360_960_mask.png
cropped_0013_label_0xjUoY7D_960_960.png,cropped_0013_label_0xjUoY7D_960_960_mask.png
cropped_0013_label_0xjUoY7D_480_1920.png,cropped_0013_label_0xjUoY7D_480_1920_mask.png
cropped_0013_label_0xjUoY7D_3360_1440.png,cropped_0013_label_0xjUoY7D_3360_1440_mask.png
cropped_0013_label_0xjUoY7D_1440_2400.png,cropped_0013_label_0xjUoY7D_1440_2400_mask.png
cropped_0013_label_0xjUoY7D_960_0.png,cropped_0013_label_0xjUoY7D_960_0_mask.png
cropped_0013_label_0xjUoY7D_3360_2400.png,cropped_0013_label_0xjUoY7D_3360_2400_mask.png
cropped_0013_label_0xjUoY7D_480_1440.png,cropped_0013_label_0xjUoY7D_480_1440_mask.png
cropped_0013_label_0xjUoY7D_0_1440.png,cropped_0013_label_0xjUoY7D_0_1440_mask.png
cropped_0013_label_0xjUoY7D_480_960.png,cropped_0013_label_0xjUoY7D_480_960_mask.png
cropped_00000091_2400_0.png,cropped_00000091_2400_0_mask.png
cropped_00000091_960_2400.png,cropped_00000091_960_2400_mask.png
cropped_00000091_0_1440.png,cropped_00000091_0_1440_mask.png
cropped_00000091_2880_1920.png,cropped_00000091_2880_1920_mask.png
cropped_00000091_2880_0.png,cropped_00000091_2880_0_mask.png
cropped_00000091_3840_1920.png,cropped_00000091_3840_1920_mask.png
cropped_00000091_0_960.png,cropped_00000091_0_960_mask.png
cropped_00000091_960_2880.png,cropped_00000091_960_2880_mask.png
cropped_00000091_1920_0.png,cropped_00000091_1920_0_mask.png
cropped_00000091_480_2400.png,cropped_00000091_480_2400_mask.png
cropped_00000091_1920_1920.png,cropped_00000091_1920_1920_mask.png
cropped_00000091_480_480.png,cropped_00000091_480_480_mask.png
cropped_00000091_1440_0.png,cropped_00000091_1440_0_mask.png
cropped_00000091_0_480.png,cropped_00000091_0_480_mask.png
cropped_00000091_480_1920.png,cropped_00000091_480_1920_mask.png
cropped_0010_label_ouHctxiB_480_2880.png,cropped_0010_label_ouHctxiB_480_2880_mask.png
cropped_0010_label_ouHctxiB_2880_1920.png,cropped_0010_label_ouHctxiB_2880_1920_mask.png
cropped_0010_label_ouHctxiB_1920_480.png,cropped_0010_label_ouHctxiB_1920_480_mask.png
cropped_0010_label_ouHctxiB_3360_1920.png,cropped_0010_label_ouHctxiB_3360_1920_mask.png
cropped_0010_label_ouHctxiB_1920_960.png,cropped_0010_label_ouHctxiB_1920_960_mask.png
cropped_0010_label_ouHctxiB_2400_960.png,cropped_0010_label_ouHctxiB_2400_960_mask.png
cropped_0010_label_ouHctxiB_3360_1440.png,cropped_0010_label_ouHctxiB_3360_1440_mask.png
cropped_0010_label_ouHctxiB_1440_1440.png,cropped_0010_label_ouHctxiB_1440_1440_mask.png
cropped_0010_label_ouHctxiB_1920_2880.png,cropped_0010_label_ouHctxiB_1920_2880_mask.png
cropped_0010_label_ouHctxiB_3360_960.png,cropped_0010_label_ouHctxiB_3360_960_mask.png
cropped_0010_label_ouHctxiB_2880_1440.png,cropped_0010_label_ouHctxiB_2880_1440_mask.png
cropped_0010_label_ouHctxiB_0_1440.png,cropped_0010_label_ouHctxiB_0_1440_mask.png
cropped_0010_label_ouHctxiB_1920_1920.png,cropped_0010_label_ouHctxiB_1920_1920_mask.png
cropped_0010_label_ouHctxiB_2880_960.png,cropped_0010_label_ouHctxiB_2880_960_mask.png
cropped_0010_label_ouHctxiB_2400_1440.png,cropped_0010_label_ouHctxiB_2400_1440_mask.png
cropped_0010_label_ouHctxiB_480_1440.png,cropped_0010_label_ouHctxiB_480_1440_mask.png
cropped_0010_label_ouHctxiB_2400_1920.png,cropped_0010_label_ouHctxiB_2400_1920_mask.png
cropped_0010_label_ouHctxiB_1920_0.png,cropped_0010_label_ouHctxiB_1920_0_mask.png
cropped_0010_label_ouHctxiB_2400_2880.png,cropped_0010_label_ouHctxiB_2400_2880_mask.png
cropped_0014_label_5YuL3VcR_3840_2880.png,cropped_0014_label_5YuL3VcR_3840_2880_mask.png
cropped_0014_label_5YuL3VcR_480_1920.png,cropped_0014_label_5YuL3VcR_480_1920_mask.png
cropped_0014_label_5YuL3VcR_480_2400.png,cropped_0014_label_5YuL3VcR_480_2400_mask.png
cropped_0014_label_5YuL3VcR_0_0.png,cropped_0014_label_5YuL3VcR_0_0_mask.png
cropped_0014_label_5YuL3VcR_2880_1440.png,cropped_0014_label_5YuL3VcR_2880_1440_mask.png
cropped_0014_label_5YuL3VcR_1440_480.png,cropped_0014_label_5YuL3VcR_1440_480_mask.png
cropped_0014_label_5YuL3VcR_1920_2880.png,cropped_0014_label_5YuL3VcR_1920_2880_mask.png
cropped_0014_label_5YuL3VcR_1920_0.png,cropped_0014_label_5YuL3VcR_1920_0_mask.png
cropped_0014_label_5YuL3VcR_1920_1440.png,cropped_0014_label_5YuL3VcR_1920_1440_mask.png
cropped_0014_label_5YuL3VcR_0_480.png,cropped_0014_label_5YuL3VcR_0_480_mask.png
cropped_0014_label_5YuL3VcR_480_1440.png,cropped_0014_label_5YuL3VcR_480_1440_mask.png
cropped_0014_label_5YuL3VcR_2400_1440.png,cropped_0014_label_5YuL3VcR_2400_1440_mask.png
cropped_0014_label_5YuL3VcR_3360_1440.png,cropped_0014_label_5YuL3VcR_3360_1440_mask.png
cropped_0014_label_5YuL3VcR_2400_480.png,cropped_0014_label_5YuL3VcR_2400_480_mask.png
cropped_0014_label_5YuL3VcR_1440_960.png,cropped_0014_label_5YuL3VcR_1440_960_mask.png
cropped_0014_label_5YuL3VcR_3840_1920.png,cropped_0014_label_5YuL3VcR_3840_1920_mask.png
cropped_0014_label_5YuL3VcR_1920_960.png,cropped_0014_label_5YuL3VcR_1920_960_mask.png
cropped_0014_label_5YuL3VcR_1920_2400.png,cropped_0014_label_5YuL3VcR_1920_2400_mask.png
cropped_0014_label_5YuL3VcR_3840_480.png,cropped_0014_label_5YuL3VcR_3840_480_mask.png
cropped_0014_label_5YuL3VcR_2400_960.png,cropped_0014_label_5YuL3VcR_2400_960_mask.png
cropped_0014_label_5YuL3VcR_480_960.png,cropped_0014_label_5YuL3VcR_480_960_mask.png
cropped_00000085_480_1920.png,cropped_00000085_480_1920_mask.png
cropped_00000085_3840_1440.png,cropped_00000085_3840_1440_mask.png
cropped_00000085_2880_960.png,cropped_00000085_2880_960_mask.png
cropped_00000085_2400_0.png,cropped_00000085_2400_0_mask.png
cropped_00000085_3360_2880.png,cropped_00000085_3360_2880_mask.png
cropped_00000085_960_480.png,cropped_00000085_960_480_mask.png
cropped_00000085_3360_1440.png,cropped_00000085_3360_1440_mask.png
cropped_00000085_960_1920.png,cropped_00000085_960_1920_mask.png
cropped_00000085_480_2880.png,cropped_00000085_480_2880_mask.png
cropped_00000085_1920_0.png,cropped_00000085_1920_0_mask.png
cropped_00000085_0_2400.png,cropped_00000085_0_2400_mask.png
cropped_00000085_3840_2400.png,cropped_00000085_3840_2400_mask.png
cropped_00000085_2400_2880.png,cropped_00000085_2400_2880_mask.png
cropped_00000085_2400_480.png,cropped_00000085_2400_480_mask.png
cropped_00000085_3840_0.png,cropped_00000085_3840_0_mask.png
cropped_00000085_3840_2880.png,cropped_00000085_3840_2880_mask.png
cropped_00000085_3840_480.png,cropped_00000085_3840_480_mask.png
cropped_00000085_2400_2400.png,cropped_00000085_2400_2400_mask.png
cropped_00000085_1440_2400.png,cropped_00000085_1440_2400_mask.png
cropped_00000085_1440_1920.png,cropped_00000085_1440_1920_mask.png
cropped_00000071_0_1440.png,cropped_00000071_0_1440_mask.png
cropped_00000071_3360_1920.png,cropped_00000071_3360_1920_mask.png
cropped_00000071_3360_2880.png,cropped_00000071_3360_2880_mask.png
cropped_00000071_3840_1440.png,cropped_00000071_3840_1440_mask.png
cropped_00000071_3360_2400.png,cropped_00000071_3360_2400_mask.png
cropped_00000071_3840_2400.png,cropped_00000071_3840_2400_mask.png
cropped_00000071_1920_1440.png,cropped_00000071_1920_1440_mask.png
cropped_00000071_960_1920.png,cropped_00000071_960_1920_mask.png
cropped_00000071_3360_960.png,cropped_00000071_3360_960_mask.png
cropped_00000071_1440_1440.png,cropped_00000071_1440_1440_mask.png
cropped_00000071_1440_2400.png,cropped_00000071_1440_2400_mask.png
cropped_00000071_1440_960.png,cropped_00000071_1440_960_mask.png
cropped_00000071_2400_480.png,cropped_00000071_2400_480_mask.png
cropped_00000071_2400_2880.png,cropped_00000071_2400_2880_mask.png
cropped_00000071_2400_1920.png,cropped_00000071_2400_1920_mask.png
cropped_00000071_0_960.png,cropped_00000071_0_960_mask.png
cropped_00000071_0_480.png,cropped_00000071_0_480_mask.png
cropped_00000071_3840_480.png,cropped_00000071_3840_480_mask.png
cropped_00000071_1440_0.png,cropped_00000071_1440_0_mask.png
cropped_00000071_2880_960.png,cropped_00000071_2880_960_mask.png
cropped_0013_label_FCjmsocM_2880_2400.png,cropped_0013_label_FCjmsocM_2880_2400_mask.png
cropped_0013_label_FCjmsocM_1920_2880.png,cropped_0013_label_FCjmsocM_1920_2880_mask.png
cropped_0013_label_FCjmsocM_2400_960.png,cropped_0013_label_FCjmsocM_2400_960_mask.png
cropped_0013_label_FCjmsocM_2400_0.png,cropped_0013_label_FCjmsocM_2400_0_mask.png
cropped_0013_label_FCjmsocM_2880_0.png,cropped_0013_label_FCjmsocM_2880_0_mask.png
cropped_0013_label_FCjmsocM_2880_960.png,cropped_0013_label_FCjmsocM_2880_960_mask.png
cropped_0013_label_FCjmsocM_480_480.png,cropped_0013_label_FCjmsocM_480_480_mask.png
cropped_0013_label_FCjmsocM_480_960.png,cropped_0013_label_FCjmsocM_480_960_mask.png
cropped_0013_label_FCjmsocM_3840_2400.png,cropped_0013_label_FCjmsocM_3840_2400_mask.png
cropped_0013_label_FCjmsocM_1920_480.png,cropped_0013_label_FCjmsocM_1920_480_mask.png
cropped_0013_label_FCjmsocM_0_2400.png,cropped_0013_label_FCjmsocM_0_2400_mask.png
cropped_0013_label_FCjmsocM_3840_480.png,cropped_0013_label_FCjmsocM_3840_480_mask.png
cropped_0013_label_FCjmsocM_960_960.png,cropped_0013_label_FCjmsocM_960_960_mask.png
cropped_0013_label_FCjmsocM_2400_1440.png,cropped_0013_label_FCjmsocM_2400_1440_mask.png
cropped_0013_label_FCjmsocM_480_1440.png,cropped_0013_label_FCjmsocM_480_1440_mask.png
cropped_0013_label_FCjmsocM_1920_0.png,cropped_0013_label_FCjmsocM_1920_0_mask.png
cropped_0014_label_GQ173MEa_2880_1920.png,cropped_0014_label_GQ173MEa_2880_1920_mask.png
cropped_0014_label_GQ173MEa_2880_960.png,cropped_0014_label_GQ173MEa_2880_960_mask.png
cropped_0014_label_GQ173MEa_960_1920.png,cropped_0014_label_GQ173MEa_960_1920_mask.png
cropped_0014_label_GQ173MEa_960_480.png,cropped_0014_label_GQ173MEa_960_480_mask.png
cropped_0014_label_GQ173MEa_960_0.png,cropped_0014_label_GQ173MEa_960_0_mask.png
cropped_0014_label_GQ173MEa_2880_2400.png,cropped_0014_label_GQ173MEa_2880_2400_mask.png
cropped_0014_label_GQ173MEa_480_960.png,cropped_0014_label_GQ173MEa_480_960_mask.png
cropped_0014_label_GQ173MEa_2400_1440.png,cropped_0014_label_GQ173MEa_2400_1440_mask.png
cropped_0014_label_GQ173MEa_1440_2400.png,cropped_0014_label_GQ173MEa_1440_2400_mask.png
cropped_0014_label_GQ173MEa_0_480.png,cropped_0014_label_GQ173MEa_0_480_mask.png
cropped_0014_label_GQ173MEa_3360_1440.png,cropped_0014_label_GQ173MEa_3360_1440_mask.png
cropped_0014_label_GQ173MEa_2880_2880.png,cropped_0014_label_GQ173MEa_2880_2880_mask.png
cropped_0014_label_GQ173MEa_3360_480.png,cropped_0014_label_GQ173MEa_3360_480_mask.png
cropped_0014_label_GQ173MEa_3840_480.png,cropped_0014_label_GQ173MEa_3840_480_mask.png
cropped_0014_label_GQ173MEa_1440_0.png,cropped_0014_label_GQ173MEa_1440_0_mask.png
cropped_0014_label_GQ173MEa_480_2880.png,cropped_0014_label_GQ173MEa_480_2880_mask.png
cropped_0014_label_GQ173MEa_1920_1440.png,cropped_0014_label_GQ173MEa_1920_1440_mask.png
cropped_0005_label_ouHctxiB_0_480.png,cropped_0005_label_ouHctxiB_0_480_mask.png
cropped_0005_label_ouHctxiB_2880_1920.png,cropped_0005_label_ouHctxiB_2880_1920_mask.png
cropped_0005_label_ouHctxiB_3360_2400.png,cropped_0005_label_ouHctxiB_3360_2400_mask.png
cropped_0005_label_ouHctxiB_3840_480.png,cropped_0005_label_ouHctxiB_3840_480_mask.png
cropped_0005_label_ouHctxiB_2400_0.png,cropped_0005_label_ouHctxiB_2400_0_mask.png
cropped_0005_label_ouHctxiB_480_2880.png,cropped_0005_label_ouHctxiB_480_2880_mask.png
cropped_0005_label_ouHctxiB_1920_960.png,cropped_0005_label_ouHctxiB_1920_960_mask.png
cropped_0005_label_ouHctxiB_480_0.png,cropped_0005_label_ouHctxiB_480_0_mask.png
cropped_0005_label_ouHctxiB_480_960.png,cropped_0005_label_ouHctxiB_480_960_mask.png
cropped_0005_label_ouHctxiB_3360_0.png,cropped_0005_label_ouHctxiB_3360_0_mask.png
cropped_0005_label_ouHctxiB_2880_1440.png,cropped_0005_label_ouHctxiB_2880_1440_mask.png
cropped_0005_label_ouHctxiB_960_480.png,cropped_0005_label_ouHctxiB_960_480_mask.png
cropped_0005_label_ouHctxiB_2880_960.png,cropped_0005_label_ouHctxiB_2880_960_mask.png
cropped_0005_label_ouHctxiB_960_1440.png,cropped_0005_label_ouHctxiB_960_1440_mask.png
cropped_0005_label_ouHctxiB_3360_2880.png,cropped_0005_label_ouHctxiB_3360_2880_mask.png
cropped_0005_label_ouHctxiB_1920_2400.png,cropped_0005_label_ouHctxiB_1920_2400_mask.png
cropped_0005_label_ouHctxiB_3840_2400.png,cropped_0005_label_ouHctxiB_3840_2400_mask.png
cropped_0005_label_ouHctxiB_3840_1440.png,cropped_0005_label_ouHctxiB_3840_1440_mask.png
cropped_0005_label_ouHctxiB_1920_0.png,cropped_0005_label_ouHctxiB_1920_0_mask.png
cropped_0005_label_ouHctxiB_960_1920.png,cropped_0005_label_ouHctxiB_960_1920_mask.png
cropped_0005_label_ouHctxiB_0_2880.png,cropped_0005_label_ouHctxiB_0_2880_mask.png
cropped_0020_label_BRxm2MyU_3840_0.png,cropped_0020_label_BRxm2MyU_3840_0_mask.png
cropped_0020_label_BRxm2MyU_960_2880.png,cropped_0020_label_BRxm2MyU_960_2880_mask.png
cropped_0020_label_BRxm2MyU_960_480.png,cropped_0020_label_BRxm2MyU_960_480_mask.png
cropped_0020_label_BRxm2MyU_3360_480.png,cropped_0020_label_BRxm2MyU_3360_480_mask.png
cropped_0020_label_BRxm2MyU_960_1440.png,cropped_0020_label_BRxm2MyU_960_1440_mask.png
cropped_0020_label_BRxm2MyU_3840_1920.png,cropped_0020_label_BRxm2MyU_3840_1920_mask.png
cropped_0020_label_BRxm2MyU_3840_480.png,cropped_0020_label_BRxm2MyU_3840_480_mask.png
cropped_0020_label_BRxm2MyU_3360_2880.png,cropped_0020_label_BRxm2MyU_3360_2880_mask.png
cropped_0020_label_BRxm2MyU_1920_480.png,cropped_0020_label_BRxm2MyU_1920_480_mask.png
cropped_0020_label_BRxm2MyU_2400_960.png,cropped_0020_label_BRxm2MyU_2400_960_mask.png
cropped_0020_label_BRxm2MyU_3360_1920.png,cropped_0020_label_BRxm2MyU_3360_1920_mask.png
cropped_0020_label_BRxm2MyU_1440_480.png,cropped_0020_label_BRxm2MyU_1440_480_mask.png
cropped_0020_label_BRxm2MyU_1920_1920.png,cropped_0020_label_BRxm2MyU_1920_1920_mask.png
cropped_0020_label_BRxm2MyU_960_0.png,cropped_0020_label_BRxm2MyU_960_0_mask.png
cropped_0017_label_iSVx22hl_2880_2880.png,cropped_0017_label_iSVx22hl_2880_2880_mask.png
cropped_0017_label_iSVx22hl_960_480.png,cropped_0017_label_iSVx22hl_960_480_mask.png
cropped_0017_label_iSVx22hl_960_1440.png,cropped_0017_label_iSVx22hl_960_1440_mask.png
cropped_0017_label_iSVx22hl_1920_960.png,cropped_0017_label_iSVx22hl_1920_960_mask.png
cropped_0017_label_iSVx22hl_960_2880.png,cropped_0017_label_iSVx22hl_960_2880_mask.png
cropped_0017_label_iSVx22hl_3360_480.png,cropped_0017_label_iSVx22hl_3360_480_mask.png
cropped_0017_label_iSVx22hl_1440_0.png,cropped_0017_label_iSVx22hl_1440_0_mask.png
cropped_0017_label_iSVx22hl_480_960.png,cropped_0017_label_iSVx22hl_480_960_mask.png
cropped_0017_label_iSVx22hl_3840_2400.png,cropped_0017_label_iSVx22hl_3840_2400_mask.png
cropped_0017_label_iSVx22hl_1920_480.png,cropped_0017_label_iSVx22hl_1920_480_mask.png
cropped_0017_label_iSVx22hl_0_2400.png,cropped_0017_label_iSVx22hl_0_2400_mask.png
cropped_0017_label_iSVx22hl_2400_2400.png,cropped_0017_label_iSVx22hl_2400_2400_mask.png
cropped_0017_label_iSVx22hl_1440_1920.png,cropped_0017_label_iSVx22hl_1440_1920_mask.png
cropped_0017_label_iSVx22hl_1920_1920.png,cropped_0017_label_iSVx22hl_1920_1920_mask.png
cropped_0017_label_iSVx22hl_0_2880.png,cropped_0017_label_iSVx22hl_0_2880_mask.png
cropped_0017_label_iSVx22hl_2400_480.png,cropped_0017_label_iSVx22hl_2400_480_mask.png
cropped_0017_label_iSVx22hl_960_960.png,cropped_0017_label_iSVx22hl_960_960_mask.png
cropped_0002_label_1XDZxhBC_3360_960.png,cropped_0002_label_1XDZxhBC_3360_960_mask.png
cropped_0002_label_1XDZxhBC_0_0.png,cropped_0002_label_1XDZxhBC_0_0_mask.png
cropped_0002_label_1XDZxhBC_2880_2400.png,cropped_0002_label_1XDZxhBC_2880_2400_mask.png
cropped_0002_label_1XDZxhBC_960_2400.png,cropped_0002_label_1XDZxhBC_960_2400_mask.png
cropped_0002_label_1XDZxhBC_2400_1440.png,cropped_0002_label_1XDZxhBC_2400_1440_mask.png
cropped_0002_label_1XDZxhBC_960_2880.png,cropped_0002_label_1XDZxhBC_960_2880_mask.png
cropped_0002_label_1XDZxhBC_480_2400.png,cropped_0002_label_1XDZxhBC_480_2400_mask.png
cropped_0002_label_1XDZxhBC_1440_2400.png,cropped_0002_label_1XDZxhBC_1440_2400_mask.png
cropped_0002_label_1XDZxhBC_960_960.png,cropped_0002_label_1XDZxhBC_960_960_mask.png
cropped_0002_label_1XDZxhBC_2400_1920.png,cropped_0002_label_1XDZxhBC_2400_1920_mask.png
cropped_0002_label_1XDZxhBC_480_960.png,cropped_0002_label_1XDZxhBC_480_960_mask.png
cropped_0002_label_1XDZxhBC_1920_2880.png,cropped_0002_label_1XDZxhBC_1920_2880_mask.png
cropped_0002_label_1XDZxhBC_2880_1920.png,cropped_0002_label_1XDZxhBC_2880_1920_mask.png
cropped_0002_label_1XDZxhBC_1440_960.png,cropped_0002_label_1XDZxhBC_1440_960_mask.png
cropped_0002_label_1XDZxhBC_3840_2880.png,cropped_0002_label_1XDZxhBC_3840_2880_mask.png
cropped_0002_label_1XDZxhBC_2400_960.png,cropped_0002_label_1XDZxhBC_2400_960_mask.png
cropped_0002_label_1XDZxhBC_960_1920.png,cropped_0002_label_1XDZxhBC_960_1920_mask.png
cropped_0002_label_1XDZxhBC_1920_960.png,cropped_0002_label_1XDZxhBC_1920_960_mask.png
cropped_0002_label_1XDZxhBC_960_0.png,cropped_0002_label_1XDZxhBC_960_0_mask.png
cropped_0020_label_lY40XnMe_0_2400.png,cropped_0020_label_lY40XnMe_0_2400_mask.png
cropped_0020_label_lY40XnMe_3840_1440.png,cropped_0020_label_lY40XnMe_3840_1440_mask.png
cropped_0020_label_lY40XnMe_1920_2400.png,cropped_0020_label_lY40XnMe_1920_2400_mask.png
cropped_0020_label_lY40XnMe_1920_480.png,cropped_0020_label_lY40XnMe_1920_480_mask.png
cropped_0020_label_lY40XnMe_1920_960.png,cropped_0020_label_lY40XnMe_1920_960_mask.png
cropped_0020_label_lY40XnMe_2880_480.png,cropped_0020_label_lY40XnMe_2880_480_mask.png
cropped_0020_label_lY40XnMe_0_2880.png,cropped_0020_label_lY40XnMe_0_2880_mask.png
cropped_0020_label_lY40XnMe_480_2880.png,cropped_0020_label_lY40XnMe_480_2880_mask.png
cropped_0020_label_lY40XnMe_2400_480.png,cropped_0020_label_lY40XnMe_2400_480_mask.png
cropped_0020_label_lY40XnMe_3360_1920.png,cropped_0020_label_lY40XnMe_3360_1920_mask.png
cropped_0020_label_lY40XnMe_0_0.png,cropped_0020_label_lY40XnMe_0_0_mask.png
cropped_0020_label_lY40XnMe_2880_0.png,cropped_0020_label_lY40XnMe_2880_0_mask.png
cropped_0020_label_lY40XnMe_960_1920.png,cropped_0020_label_lY40XnMe_960_1920_mask.png
cropped_0020_label_lY40XnMe_2400_1440.png,cropped_0020_label_lY40XnMe_2400_1440_mask.png
cropped_0011_label_PmivjAla_960_0.png,cropped_0011_label_PmivjAla_960_0_mask.png
cropped_0011_label_PmivjAla_3360_2400.png,cropped_0011_label_PmivjAla_3360_2400_mask.png
cropped_0011_label_PmivjAla_2880_2880.png,cropped_0011_label_PmivjAla_2880_2880_mask.png
cropped_0011_label_PmivjAla_1440_1440.png,cropped_0011_label_PmivjAla_1440_1440_mask.png
cropped_0011_label_PmivjAla_2400_960.png,cropped_0011_label_PmivjAla_2400_960_mask.png
cropped_0011_label_PmivjAla_480_480.png,cropped_0011_label_PmivjAla_480_480_mask.png
cropped_0011_label_PmivjAla_0_960.png,cropped_0011_label_PmivjAla_0_960_mask.png
cropped_0011_label_PmivjAla_960_1920.png,cropped_0011_label_PmivjAla_960_1920_mask.png
cropped_0011_label_PmivjAla_960_960.png,cropped_0011_label_PmivjAla_960_960_mask.png
cropped_0011_label_PmivjAla_3360_960.png,cropped_0011_label_PmivjAla_3360_960_mask.png
cropped_0011_label_PmivjAla_0_1920.png,cropped_0011_label_PmivjAla_0_1920_mask.png
cropped_0011_label_PmivjAla_0_480.png,cropped_0011_label_PmivjAla_0_480_mask.png
cropped_0011_label_PmivjAla_2880_480.png,cropped_0011_label_PmivjAla_2880_480_mask.png
cropped_0011_label_PmivjAla_2880_1920.png,cropped_0011_label_PmivjAla_2880_1920_mask.png
cropped_0011_label_PmivjAla_3840_0.png,cropped_0011_label_PmivjAla_3840_0_mask.png
cropped_0011_label_PmivjAla_1440_2400.png,cropped_0011_label_PmivjAla_1440_2400_mask.png
cropped_0011_label_PmivjAla_2400_2400.png,cropped_0011_label_PmivjAla_2400_2400_mask.png
cropped_0011_label_PmivjAla_1920_1920.png,cropped_0011_label_PmivjAla_1920_1920_mask.png
cropped_0011_label_PmivjAla_2880_960.png,cropped_0011_label_PmivjAla_2880_960_mask.png
cropped_0011_label_PmivjAla_3360_1440.png,cropped_0011_label_PmivjAla_3360_1440_mask.png
cropped_0001_label_KhubE3m1_0_1440.png,cropped_0001_label_KhubE3m1_0_1440_mask.png
cropped_0001_label_KhubE3m1_2880_960.png,cropped_0001_label_KhubE3m1_2880_960_mask.png
cropped_0001_label_KhubE3m1_960_0.png,cropped_0001_label_KhubE3m1_960_0_mask.png
cropped_0001_label_KhubE3m1_0_480.png,cropped_0001_label_KhubE3m1_0_480_mask.png
cropped_0001_label_KhubE3m1_0_1920.png,cropped_0001_label_KhubE3m1_0_1920_mask.png
cropped_0001_label_KhubE3m1_3360_1920.png,cropped_0001_label_KhubE3m1_3360_1920_mask.png
cropped_0001_label_KhubE3m1_480_0.png,cropped_0001_label_KhubE3m1_480_0_mask.png
cropped_0001_label_KhubE3m1_2400_480.png,cropped_0001_label_KhubE3m1_2400_480_mask.png
cropped_0001_label_KhubE3m1_1440_1440.png,cropped_0001_label_KhubE3m1_1440_1440_mask.png
cropped_0001_label_KhubE3m1_0_960.png,cropped_0001_label_KhubE3m1_0_960_mask.png
cropped_0001_label_KhubE3m1_1920_1440.png,cropped_0001_label_KhubE3m1_1920_1440_mask.png
cropped_0001_label_KhubE3m1_960_960.png,cropped_0001_label_KhubE3m1_960_960_mask.png
cropped_0001_label_KhubE3m1_480_2880.png,cropped_0001_label_KhubE3m1_480_2880_mask.png
cropped_0001_label_KhubE3m1_1920_2880.png,cropped_0001_label_KhubE3m1_1920_2880_mask.png
cropped_0001_label_KhubE3m1_2880_1920.png,cropped_0001_label_KhubE3m1_2880_1920_mask.png
cropped_0001_label_KhubE3m1_0_2880.png,cropped_0001_label_KhubE3m1_0_2880_mask.png
cropped_0001_label_KhubE3m1_3840_0.png,cropped_0001_label_KhubE3m1_3840_0_mask.png
cropped_0000_label_QbCmZ2ce_0_0.png,cropped_0000_label_QbCmZ2ce_0_0_mask.png
cropped_0000_label_QbCmZ2ce_0_1440.png,cropped_0000_label_QbCmZ2ce_0_1440_mask.png
cropped_0000_label_QbCmZ2ce_1920_1440.png,cropped_0000_label_QbCmZ2ce_1920_1440_mask.png
cropped_0000_label_QbCmZ2ce_1440_1440.png,cropped_0000_label_QbCmZ2ce_1440_1440_mask.png
cropped_0000_label_QbCmZ2ce_1920_960.png,cropped_0000_label_QbCmZ2ce_1920_960_mask.png
cropped_0000_label_QbCmZ2ce_1440_2400.png,cropped_0000_label_QbCmZ2ce_1440_2400_mask.png
cropped_0000_label_QbCmZ2ce_2400_960.png,cropped_0000_label_QbCmZ2ce_2400_960_mask.png
cropped_0000_label_QbCmZ2ce_2400_2400.png,cropped_0000_label_QbCmZ2ce_2400_2400_mask.png
cropped_0000_label_QbCmZ2ce_2880_480.png,cropped_0000_label_QbCmZ2ce_2880_480_mask.png
cropped_0000_label_QbCmZ2ce_2880_2400.png,cropped_0000_label_QbCmZ2ce_2880_2400_mask.png
cropped_0000_label_QbCmZ2ce_0_2400.png,cropped_0000_label_QbCmZ2ce_0_2400_mask.png
cropped_0000_label_QbCmZ2ce_1920_1920.png,cropped_0000_label_QbCmZ2ce_1920_1920_mask.png
cropped_0000_label_QbCmZ2ce_1440_1920.png,cropped_0000_label_QbCmZ2ce_1440_1920_mask.png
cropped_0000_label_QbCmZ2ce_3360_1440.png,cropped_0000_label_QbCmZ2ce_3360_1440_mask.png
cropped_0000_label_QbCmZ2ce_3840_1440.png,cropped_0000_label_QbCmZ2ce_3840_1440_mask.png
cropped_0000_label_QbCmZ2ce_480_480.png,cropped_0000_label_QbCmZ2ce_480_480_mask.png
cropped_0000_label_QbCmZ2ce_3360_2880.png,cropped_0000_label_QbCmZ2ce_3360_2880_mask.png
cropped_0000_label_QbCmZ2ce_960_960.png,cropped_0000_label_QbCmZ2ce_960_960_mask.png
cropped_0000_label_QbCmZ2ce_480_0.png,cropped_0000_label_QbCmZ2ce_480_0_mask.png
cropped_0000_label_QbCmZ2ce_480_2880.png,cropped_0000_label_QbCmZ2ce_480_2880_mask.png
cropped_0000_label_QbCmZ2ce_0_480.png,cropped_0000_label_QbCmZ2ce_0_480_mask.png
cropped_0002_label_5caRcr55_1920_1440.png,cropped_0002_label_5caRcr55_1920_1440_mask.png
cropped_0002_label_5caRcr55_480_480.png,cropped_0002_label_5caRcr55_480_480_mask.png
cropped_0002_label_5caRcr55_2400_960.png,cropped_0002_label_5caRcr55_2400_960_mask.png
cropped_0002_label_5caRcr55_3360_960.png,cropped_0002_label_5caRcr55_3360_960_mask.png
cropped_0002_label_5caRcr55_2880_2400.png,cropped_0002_label_5caRcr55_2880_2400_mask.png
cropped_0002_label_5caRcr55_2880_1440.png,cropped_0002_label_5caRcr55_2880_1440_mask.png
cropped_0002_label_5caRcr55_2880_0.png,cropped_0002_label_5caRcr55_2880_0_mask.png
cropped_0002_label_5caRcr55_2400_2880.png,cropped_0002_label_5caRcr55_2400_2880_mask.png
cropped_0002_label_5caRcr55_1440_2880.png,cropped_0002_label_5caRcr55_1440_2880_mask.png
cropped_0002_label_5caRcr55_2400_2400.png,cropped_0002_label_5caRcr55_2400_2400_mask.png
cropped_0002_label_5caRcr55_3840_1920.png,cropped_0002_label_5caRcr55_3840_1920_mask.png
cropped_0002_label_5caRcr55_3840_0.png,cropped_0002_label_5caRcr55_3840_0_mask.png
cropped_0002_label_5caRcr55_3840_2880.png,cropped_0002_label_5caRcr55_3840_2880_mask.png
cropped_0002_label_5caRcr55_1920_960.png,cropped_0002_label_5caRcr55_1920_960_mask.png
cropped_0002_label_5caRcr55_960_1440.png,cropped_0002_label_5caRcr55_960_1440_mask.png
cropped_0002_label_5caRcr55_960_0.png,cropped_0002_label_5caRcr55_960_0_mask.png
cropped_0002_label_5caRcr55_3840_1440.png,cropped_0002_label_5caRcr55_3840_1440_mask.png
cropped_0002_label_5caRcr55_2880_2880.png,cropped_0002_label_5caRcr55_2880_2880_mask.png
cropped_0002_label_5caRcr55_0_960.png,cropped_0002_label_5caRcr55_0_960_mask.png
cropped_0002_label_5caRcr55_2400_1440.png,cropped_0002_label_5caRcr55_2400_1440_mask.png
cropped_0002_label_5caRcr55_3840_960.png,cropped_0002_label_5caRcr55_3840_960_mask.png
cropped_0002_label_5caRcr55_1920_2400.png,cropped_0002_label_5caRcr55_1920_2400_mask.png
cropped_0002_label_5caRcr55_1920_2880.png,cropped_0002_label_5caRcr55_1920_2880_mask.png
cropped_0002_label_5caRcr55_3360_2400.png,cropped_0002_label_5caRcr55_3360_2400_mask.png
cropped_0002_label_5caRcr55_1920_1920.png,cropped_0002_label_5caRcr55_1920_1920_mask.png
cropped_00000003_1_1920_2880.png,cropped_00000003_1_1920_2880_mask.png
cropped_00000003_1_0_1440.png,cropped_00000003_1_0_1440_mask.png
cropped_00000003_1_3840_1920.png,cropped_00000003_1_3840_1920_mask.png
cropped_00000003_1_1920_1440.png,cropped_00000003_1_1920_1440_mask.png
cropped_00000003_1_2400_1920.png,cropped_00000003_1_2400_1920_mask.png
cropped_00000003_1_3360_0.png,cropped_00000003_1_3360_0_mask.png
cropped_00000003_1_960_2400.png,cropped_00000003_1_960_2400_mask.png
cropped_00000003_1_0_2880.png,cropped_00000003_1_0_2880_mask.png
cropped_00000003_1_480_1920.png,cropped_00000003_1_480_1920_mask.png
cropped_00000003_1_1440_1920.png,cropped_00000003_1_1440_1920_mask.png
cropped_00000003_1_960_2880.png,cropped_00000003_1_960_2880_mask.png
cropped_00000003_1_1920_2400.png,cropped_00000003_1_1920_2400_mask.png
cropped_00000003_1_1440_2400.png,cropped_00000003_1_1440_2400_mask.png
cropped_00000003_1_1440_2880.png,cropped_00000003_1_1440_2880_mask.png
cropped_00000003_1_1920_960.png,cropped_00000003_1_1920_960_mask.png
cropped_00000003_1_0_960.png,cropped_00000003_1_0_960_mask.png
cropped_00000003_1_1440_480.png,cropped_00000003_1_1440_480_mask.png
cropped_0007_label_PmivjAla_1920_2880.png,cropped_0007_label_PmivjAla_1920_2880_mask.png
cropped_0007_label_PmivjAla_1920_0.png,cropped_0007_label_PmivjAla_1920_0_mask.png
cropped_0007_label_PmivjAla_0_0.png,cropped_0007_label_PmivjAla_0_0_mask.png
cropped_0007_label_PmivjAla_2400_0.png,cropped_0007_label_PmivjAla_2400_0_mask.png
cropped_0007_label_PmivjAla_3360_0.png,cropped_0007_label_PmivjAla_3360_0_mask.png
cropped_0007_label_PmivjAla_960_2400.png,cropped_0007_label_PmivjAla_960_2400_mask.png
cropped_0007_label_PmivjAla_1920_1920.png,cropped_0007_label_PmivjAla_1920_1920_mask.png
cropped_0007_label_PmivjAla_3360_1920.png,cropped_0007_label_PmivjAla_3360_1920_mask.png
cropped_0007_label_PmivjAla_960_1440.png,cropped_0007_label_PmivjAla_960_1440_mask.png
cropped_0007_label_PmivjAla_960_0.png,cropped_0007_label_PmivjAla_960_0_mask.png
cropped_0007_label_PmivjAla_480_1920.png,cropped_0007_label_PmivjAla_480_1920_mask.png
cropped_0007_label_PmivjAla_3840_1440.png,cropped_0007_label_PmivjAla_3840_1440_mask.png
cropped_0007_label_PmivjAla_2880_2880.png,cropped_0007_label_PmivjAla_2880_2880_mask.png
cropped_0007_label_PmivjAla_3360_960.png,cropped_0007_label_PmivjAla_3360_960_mask.png
cropped_0007_label_PmivjAla_3360_1440.png,cropped_0007_label_PmivjAla_3360_1440_mask.png
cropped_0007_label_PmivjAla_1440_480.png,cropped_0007_label_PmivjAla_1440_480_mask.png
cropped_0007_label_PmivjAla_3840_0.png,cropped_0007_label_PmivjAla_3840_0_mask.png
cropped_0007_label_PmivjAla_2880_480.png,cropped_0007_label_PmivjAla_2880_480_mask.png
cropped_0007_label_PmivjAla_3840_1920.png,cropped_0007_label_PmivjAla_3840_1920_mask.png
cropped_0007_label_PmivjAla_480_480.png,cropped_0007_label_PmivjAla_480_480_mask.png
cropped_0007_label_PmivjAla_960_960.png,cropped_0007_label_PmivjAla_960_960_mask.png
cropped_0007_label_PmivjAla_2400_960.png,cropped_0007_label_PmivjAla_2400_960_mask.png
cropped_00000007_8_480_2400.png,cropped_00000007_8_480_2400_mask.png
cropped_00000007_8_2880_960.png,cropped_00000007_8_2880_960_mask.png
cropped_00000007_8_3840_1920.png,cropped_00000007_8_3840_1920_mask.png
cropped_00000007_8_480_0.png,cropped_00000007_8_480_0_mask.png
cropped_00000007_8_3360_480.png,cropped_00000007_8_3360_480_mask.png
cropped_00000007_8_960_1440.png,cropped_00000007_8_960_1440_mask.png
cropped_00000007_8_2400_0.png,cropped_00000007_8_2400_0_mask.png
cropped_00000007_8_2880_1920.png,cropped_00000007_8_2880_1920_mask.png
cropped_00000007_8_2400_480.png,cropped_00000007_8_2400_480_mask.png
cropped_00000007_8_0_480.png,cropped_00000007_8_0_480_mask.png
cropped_00000007_8_480_480.png,cropped_00000007_8_480_480_mask.png
cropped_00000007_8_2880_480.png,cropped_00000007_8_2880_480_mask.png
cropped_00000007_8_2400_2880.png,cropped_00000007_8_2400_2880_mask.png
cropped_00000007_8_3840_1440.png,cropped_00000007_8_3840_1440_mask.png
cropped_00000007_8_1440_960.png,cropped_00000007_8_1440_960_mask.png
cropped_00000007_8_1920_960.png,cropped_00000007_8_1920_960_mask.png
cropped_00000015_5_1920_1440.png,cropped_00000015_5_1920_1440_mask.png
cropped_00000015_5_2880_960.png,cropped_00000015_5_2880_960_mask.png
cropped_00000015_5_2400_1440.png,cropped_00000015_5_2400_1440_mask.png
cropped_00000015_5_3360_480.png,cropped_00000015_5_3360_480_mask.png
cropped_00000015_5_960_2880.png,cropped_00000015_5_960_2880_mask.png
cropped_00000015_5_960_480.png,cropped_00000015_5_960_480_mask.png
cropped_00000015_5_0_480.png,cropped_00000015_5_0_480_mask.png
cropped_00000015_5_2880_2400.png,cropped_00000015_5_2880_2400_mask.png
cropped_00000015_5_3360_1440.png,cropped_00000015_5_3360_1440_mask.png
cropped_00000015_5_3840_1440.png,cropped_00000015_5_3840_1440_mask.png
cropped_00000015_5_1920_960.png,cropped_00000015_5_1920_960_mask.png
cropped_00000015_5_480_0.png,cropped_00000015_5_480_0_mask.png
cropped_00000015_5_1920_1920.png,cropped_00000015_5_1920_1920_mask.png
cropped_00000015_5_2400_0.png,cropped_00000015_5_2400_0_mask.png
cropped_00000015_5_1920_0.png,cropped_00000015_5_1920_0_mask.png
cropped_00000015_5_480_1440.png,cropped_00000015_5_480_1440_mask.png
cropped_00000015_5_2880_0.png,cropped_00000015_5_2880_0_mask.png
cropped_00000015_5_2400_960.png,cropped_00000015_5_2400_960_mask.png
cropped_0005_label_Y0sRpXgl_0_480.png,cropped_0005_label_Y0sRpXgl_0_480_mask.png
cropped_0005_label_Y0sRpXgl_1920_2400.png,cropped_0005_label_Y0sRpXgl_1920_2400_mask.png
cropped_0005_label_Y0sRpXgl_480_0.png,cropped_0005_label_Y0sRpXgl_480_0_mask.png
cropped_0005_label_Y0sRpXgl_0_1440.png,cropped_0005_label_Y0sRpXgl_0_1440_mask.png
cropped_0005_label_Y0sRpXgl_480_480.png,cropped_0005_label_Y0sRpXgl_480_480_mask.png
cropped_0005_label_Y0sRpXgl_3360_1920.png,cropped_0005_label_Y0sRpXgl_3360_1920_mask.png
cropped_0005_label_Y0sRpXgl_0_1920.png,cropped_0005_label_Y0sRpXgl_0_1920_mask.png
cropped_0005_label_Y0sRpXgl_1440_2880.png,cropped_0005_label_Y0sRpXgl_1440_2880_mask.png
cropped_0005_label_Y0sRpXgl_2400_1920.png,cropped_0005_label_Y0sRpXgl_2400_1920_mask.png
cropped_0005_label_Y0sRpXgl_1920_480.png,cropped_0005_label_Y0sRpXgl_1920_480_mask.png
cropped_0005_label_Y0sRpXgl_1920_2880.png,cropped_0005_label_Y0sRpXgl_1920_2880_mask.png
cropped_0005_label_Y0sRpXgl_960_2400.png,cropped_0005_label_Y0sRpXgl_960_2400_mask.png
cropped_0005_label_Y0sRpXgl_480_2400.png,cropped_0005_label_Y0sRpXgl_480_2400_mask.png
cropped_0005_label_Y0sRpXgl_1920_960.png,cropped_0005_label_Y0sRpXgl_1920_960_mask.png
cropped_0005_label_Y0sRpXgl_3840_1440.png,cropped_0005_label_Y0sRpXgl_3840_1440_mask.png
cropped_0005_label_Y0sRpXgl_480_1440.png,cropped_0005_label_Y0sRpXgl_480_1440_mask.png
cropped_0005_label_Y0sRpXgl_960_480.png,cropped_0005_label_Y0sRpXgl_960_480_mask.png
cropped_0005_label_Y0sRpXgl_3360_2400.png,cropped_0005_label_Y0sRpXgl_3360_2400_mask.png
cropped_0005_label_Y0sRpXgl_480_1920.png,cropped_0005_label_Y0sRpXgl_480_1920_mask.png
cropped_0005_label_Y0sRpXgl_1440_1920.png,cropped_0005_label_Y0sRpXgl_1440_1920_mask.png
cropped_0012_label_1XDZxhBC_2880_480.png,cropped_0012_label_1XDZxhBC_2880_480_mask.png
cropped_0012_label_1XDZxhBC_2400_0.png,cropped_0012_label_1XDZxhBC_2400_0_mask.png
cropped_0012_label_1XDZxhBC_0_1440.png,cropped_0012_label_1XDZxhBC_0_1440_mask.png
cropped_0012_label_1XDZxhBC_1440_960.png,cropped_0012_label_1XDZxhBC_1440_960_mask.png
cropped_0012_label_1XDZxhBC_960_480.png,cropped_0012_label_1XDZxhBC_960_480_mask.png
cropped_0012_label_1XDZxhBC_2400_960.png,cropped_0012_label_1XDZxhBC_2400_960_mask.png
cropped_0012_label_1XDZxhBC_960_960.png,cropped_0012_label_1XDZxhBC_960_960_mask.png
cropped_0012_label_1XDZxhBC_3360_480.png,cropped_0012_label_1XDZxhBC_3360_480_mask.png
cropped_0012_label_1XDZxhBC_1920_1920.png,cropped_0012_label_1XDZxhBC_1920_1920_mask.png
cropped_0012_label_1XDZxhBC_0_480.png,cropped_0012_label_1XDZxhBC_0_480_mask.png
cropped_0012_label_1XDZxhBC_1440_2400.png,cropped_0012_label_1XDZxhBC_1440_2400_mask.png
cropped_0012_label_1XDZxhBC_960_1920.png,cropped_0012_label_1XDZxhBC_960_1920_mask.png
cropped_0012_label_1XDZxhBC_2880_0.png,cropped_0012_label_1XDZxhBC_2880_0_mask.png
cropped_0012_label_1XDZxhBC_0_0.png,cropped_0012_label_1XDZxhBC_0_0_mask.png
cropped_0012_label_1XDZxhBC_3840_0.png,cropped_0012_label_1XDZxhBC_3840_0_mask.png
cropped_00000083_480_1440.png,cropped_00000083_480_1440_mask.png
cropped_00000083_2880_0.png,cropped_00000083_2880_0_mask.png
cropped_00000083_0_1440.png,cropped_00000083_0_1440_mask.png
cropped_00000083_3840_2880.png,cropped_00000083_3840_2880_mask.png
cropped_00000083_960_480.png,cropped_00000083_960_480_mask.png
cropped_00000083_1920_960.png,cropped_00000083_1920_960_mask.png
cropped_00000083_1920_2880.png,cropped_00000083_1920_2880_mask.png
cropped_00000083_1440_1440.png,cropped_00000083_1440_1440_mask.png
cropped_00000083_0_2400.png,cropped_00000083_0_2400_mask.png
cropped_00000083_480_480.png,cropped_00000083_480_480_mask.png
cropped_00000083_1440_960.png,cropped_00000083_1440_960_mask.png
cropped_00000083_1440_480.png,cropped_00000083_1440_480_mask.png
cropped_00000083_3360_1440.png,cropped_00000083_3360_1440_mask.png
cropped_00000083_3840_960.png,cropped_00000083_3840_960_mask.png
cropped_00000083_1440_2400.png,cropped_00000083_1440_2400_mask.png
cropped_00000083_2400_480.png,cropped_00000083_2400_480_mask.png
cropped_00000075_480_1440.png,cropped_00000075_480_1440_mask.png
cropped_00000075_1440_1920.png,cropped_00000075_1440_1920_mask.png
cropped_00000075_1440_1440.png,cropped_00000075_1440_1440_mask.png
cropped_00000075_2880_2400.png,cropped_00000075_2880_2400_mask.png
cropped_00000075_1920_480.png,cropped_00000075_1920_480_mask.png
cropped_00000075_0_1920.png,cropped_00000075_0_1920_mask.png
cropped_00000075_1440_2400.png,cropped_00000075_1440_2400_mask.png
cropped_00000075_0_2880.png,cropped_00000075_0_2880_mask.png
cropped_00000075_960_2400.png,cropped_00000075_960_2400_mask.png
cropped_00000075_3360_2400.png,cropped_00000075_3360_2400_mask.png
cropped_00000075_1920_0.png,cropped_00000075_1920_0_mask.png
cropped_00000075_3360_1440.png,cropped_00000075_3360_1440_mask.png
cropped_00000075_2400_2400.png,cropped_00000075_2400_2400_mask.png
cropped_00000075_480_2880.png,cropped_00000075_480_2880_mask.png
cropped_00000075_1440_480.png,cropped_00000075_1440_480_mask.png
cropped_00000075_1440_2880.png,cropped_00000075_1440_2880_mask.png
cropped_00000075_960_0.png,cropped_00000075_960_0_mask.png
cropped_0018_label_M4HYDr16_2400_480.png,cropped_0018_label_M4HYDr16_2400_480_mask.png
cropped_0018_label_M4HYDr16_480_1920.png,cropped_0018_label_M4HYDr16_480_1920_mask.png
cropped_0018_label_M4HYDr16_3840_1440.png,cropped_0018_label_M4HYDr16_3840_1440_mask.png
cropped_0018_label_M4HYDr16_1920_0.png,cropped_0018_label_M4HYDr16_1920_0_mask.png
cropped_0018_label_M4HYDr16_1920_2400.png,cropped_0018_label_M4HYDr16_1920_2400_mask.png
cropped_0018_label_M4HYDr16_480_2400.png,cropped_0018_label_M4HYDr16_480_2400_mask.png
cropped_0018_label_M4HYDr16_0_1920.png,cropped_0018_label_M4HYDr16_0_1920_mask.png
cropped_0018_label_M4HYDr16_1440_480.png,cropped_0018_label_M4HYDr16_1440_480_mask.png
cropped_0018_label_M4HYDr16_1920_480.png,cropped_0018_label_M4HYDr16_1920_480_mask.png
cropped_0018_label_M4HYDr16_3360_960.png,cropped_0018_label_M4HYDr16_3360_960_mask.png
cropped_0018_label_M4HYDr16_3360_1440.png,cropped_0018_label_M4HYDr16_3360_1440_mask.png
cropped_0018_label_M4HYDr16_2400_960.png,cropped_0018_label_M4HYDr16_2400_960_mask.png
cropped_0018_label_M4HYDr16_3840_0.png,cropped_0018_label_M4HYDr16_3840_0_mask.png
cropped_0018_label_M4HYDr16_0_960.png,cropped_0018_label_M4HYDr16_0_960_mask.png
cropped_0018_label_M4HYDr16_1440_1440.png,cropped_0018_label_M4HYDr16_1440_1440_mask.png
cropped_0018_label_M4HYDr16_1920_2880.png,cropped_0018_label_M4HYDr16_1920_2880_mask.png
cropped_0018_label_M4HYDr16_960_1440.png,cropped_0018_label_M4HYDr16_960_1440_mask.png
cropped_0018_label_M4HYDr16_960_2400.png,cropped_0018_label_M4HYDr16_960_2400_mask.png
cropped_00000033_3_3360_2400.png,cropped_00000033_3_3360_2400_mask.png
cropped_00000033_3_3840_0.png,cropped_00000033_3_3840_0_mask.png
cropped_00000033_3_0_1920.png,cropped_00000033_3_0_1920_mask.png
cropped_00000033_3_2400_1440.png,cropped_00000033_3_2400_1440_mask.png
cropped_00000033_3_2880_0.png,cropped_00000033_3_2880_0_mask.png
cropped_00000033_3_3360_1920.png,cropped_00000033_3_3360_1920_mask.png
cropped_00000033_3_960_1920.png,cropped_00000033_3_960_1920_mask.png
cropped_00000033_3_960_2880.png,cropped_00000033_3_960_2880_mask.png
cropped_00000033_3_2400_0.png,cropped_00000033_3_2400_0_mask.png
cropped_00000033_3_3360_2880.png,cropped_00000033_3_3360_2880_mask.png
cropped_00000033_3_480_2400.png,cropped_00000033_3_480_2400_mask.png
cropped_00000033_3_2400_1920.png,cropped_00000033_3_2400_1920_mask.png
cropped_00000033_3_1440_0.png,cropped_00000033_3_1440_0_mask.png
cropped_00000033_3_1920_960.png,cropped_00000033_3_1920_960_mask.png
cropped_00000033_3_1920_0.png,cropped_00000033_3_1920_0_mask.png
cropped_00000033_3_1920_480.png,cropped_00000033_3_1920_480_mask.png
cropped_00000033_3_0_0.png,cropped_00000033_3_0_0_mask.png
cropped_00000033_3_480_0.png,cropped_00000033_3_480_0_mask.png
cropped_0004_label_wmLYCo2j_3360_480.png,cropped_0004_label_wmLYCo2j_3360_480_mask.png
cropped_0004_label_wmLYCo2j_480_2400.png,cropped_0004_label_wmLYCo2j_480_2400_mask.png
cropped_0004_label_wmLYCo2j_2880_960.png,cropped_0004_label_wmLYCo2j_2880_960_mask.png
cropped_0004_label_wmLYCo2j_960_2400.png,cropped_0004_label_wmLYCo2j_960_2400_mask.png
cropped_0004_label_wmLYCo2j_960_2880.png,cropped_0004_label_wmLYCo2j_960_2880_mask.png
cropped_0004_label_wmLYCo2j_1920_1440.png,cropped_0004_label_wmLYCo2j_1920_1440_mask.png
cropped_0004_label_wmLYCo2j_3840_0.png,cropped_0004_label_wmLYCo2j_3840_0_mask.png
cropped_0004_label_wmLYCo2j_960_1440.png,cropped_0004_label_wmLYCo2j_960_1440_mask.png
cropped_0004_label_wmLYCo2j_0_960.png,cropped_0004_label_wmLYCo2j_0_960_mask.png
cropped_0004_label_wmLYCo2j_1440_1920.png,cropped_0004_label_wmLYCo2j_1440_1920_mask.png
cropped_0004_label_wmLYCo2j_3840_2880.png,cropped_0004_label_wmLYCo2j_3840_2880_mask.png
cropped_0004_label_wmLYCo2j_0_2400.png,cropped_0004_label_wmLYCo2j_0_2400_mask.png
cropped_0004_label_wmLYCo2j_1440_480.png,cropped_0004_label_wmLYCo2j_1440_480_mask.png
cropped_0004_label_wmLYCo2j_0_480.png,cropped_0004_label_wmLYCo2j_0_480_mask.png
cropped_0004_label_wmLYCo2j_480_1920.png,cropped_0004_label_wmLYCo2j_480_1920_mask.png
cropped_0004_label_wmLYCo2j_3840_1920.png,cropped_0004_label_wmLYCo2j_3840_1920_mask.png
cropped_0004_label_wmLYCo2j_960_1920.png,cropped_0004_label_wmLYCo2j_960_1920_mask.png
cropped_00000033_960_960.png,cropped_00000033_960_960_mask.png
cropped_00000033_480_2880.png,cropped_00000033_480_2880_mask.png
cropped_00000033_480_1920.png,cropped_00000033_480_1920_mask.png
cropped_00000033_0_960.png,cropped_00000033_0_960_mask.png
cropped_00000033_1440_960.png,cropped_00000033_1440_960_mask.png
cropped_00000033_2400_960.png,cropped_00000033_2400_960_mask.png
cropped_00000033_480_960.png,cropped_00000033_480_960_mask.png
cropped_00000033_1920_2880.png,cropped_00000033_1920_2880_mask.png
cropped_00000033_0_1440.png,cropped_00000033_0_1440_mask.png
cropped_00000033_1920_480.png,cropped_00000033_1920_480_mask.png
cropped_00000033_3360_0.png,cropped_00000033_3360_0_mask.png
cropped_00000033_2880_1440.png,cropped_00000033_2880_1440_mask.png
cropped_00000033_960_480.png,cropped_00000033_960_480_mask.png
cropped_00000033_1920_0.png,cropped_00000033_1920_0_mask.png
cropped_00000033_3840_2880.png,cropped_00000033_3840_2880_mask.png
cropped_00000033_3360_480.png,cropped_00000033_3360_480_mask.png
cropped_00000033_960_1440.png,cropped_00000033_960_1440_mask.png
cropped_00000033_1920_960.png,cropped_00000033_1920_960_mask.png
cropped_00000033_3360_2880.png,cropped_00000033_3360_2880_mask.png
cropped_00000033_2400_1440.png,cropped_00000033_2400_1440_mask.png
cropped_00000033_2880_0.png,cropped_00000033_2880_0_mask.png
cropped_00000033_480_1440.png,cropped_00000033_480_1440_mask.png
cropped_0013_label_GQ173MEa_1920_960.png,cropped_0013_label_GQ173MEa_1920_960_mask.png
cropped_0013_label_GQ173MEa_1920_2400.png,cropped_0013_label_GQ173MEa_1920_2400_mask.png
cropped_0013_label_GQ173MEa_480_2400.png,cropped_0013_label_GQ173MEa_480_2400_mask.png
cropped_0013_label_GQ173MEa_0_0.png,cropped_0013_label_GQ173MEa_0_0_mask.png
cropped_0013_label_GQ173MEa_2400_1440.png,cropped_0013_label_GQ173MEa_2400_1440_mask.png
cropped_0013_label_GQ173MEa_1440_960.png,cropped_0013_label_GQ173MEa_1440_960_mask.png
cropped_0013_label_GQ173MEa_480_2880.png,cropped_0013_label_GQ173MEa_480_2880_mask.png
cropped_0013_label_GQ173MEa_3840_2400.png,cropped_0013_label_GQ173MEa_3840_2400_mask.png
cropped_0013_label_GQ173MEa_1440_1920.png,cropped_0013_label_GQ173MEa_1440_1920_mask.png
cropped_0013_label_GQ173MEa_1440_1440.png,cropped_0013_label_GQ173MEa_1440_1440_mask.png
cropped_0013_label_GQ173MEa_0_2880.png,cropped_0013_label_GQ173MEa_0_2880_mask.png
cropped_0013_label_GQ173MEa_3840_1440.png,cropped_0013_label_GQ173MEa_3840_1440_mask.png
cropped_0013_label_GQ173MEa_3360_2400.png,cropped_0013_label_GQ173MEa_3360_2400_mask.png
cropped_0013_label_GQ173MEa_0_1440.png,cropped_0013_label_GQ173MEa_0_1440_mask.png
cropped_0013_label_GQ173MEa_1920_1440.png,cropped_0013_label_GQ173MEa_1920_1440_mask.png
cropped_0013_label_GQ173MEa_960_1440.png,cropped_0013_label_GQ173MEa_960_1440_mask.png
cropped_0013_label_GQ173MEa_480_1440.png,cropped_0013_label_GQ173MEa_480_1440_mask.png
cropped_0013_label_GQ173MEa_2400_2400.png,cropped_0013_label_GQ173MEa_2400_2400_mask.png
cropped_0013_label_GQ173MEa_1920_480.png,cropped_0013_label_GQ173MEa_1920_480_mask.png
cropped_0011_label_M4HYDr16_960_1920.png,cropped_0011_label_M4HYDr16_960_1920_mask.png
cropped_0011_label_M4HYDr16_1920_1440.png,cropped_0011_label_M4HYDr16_1920_1440_mask.png
cropped_0011_label_M4HYDr16_0_2880.png,cropped_0011_label_M4HYDr16_0_2880_mask.png
cropped_0011_label_M4HYDr16_1440_2400.png,cropped_0011_label_M4HYDr16_1440_2400_mask.png
cropped_0011_label_M4HYDr16_2400_1920.png,cropped_0011_label_M4HYDr16_2400_1920_mask.png
cropped_0011_label_M4HYDr16_2400_480.png,cropped_0011_label_M4HYDr16_2400_480_mask.png
cropped_0011_label_M4HYDr16_3840_2880.png,cropped_0011_label_M4HYDr16_3840_2880_mask.png
cropped_0011_label_M4HYDr16_2400_1440.png,cropped_0011_label_M4HYDr16_2400_1440_mask.png
cropped_0011_label_M4HYDr16_480_2400.png,cropped_0011_label_M4HYDr16_480_2400_mask.png
cropped_0011_label_M4HYDr16_0_2400.png,cropped_0011_label_M4HYDr16_0_2400_mask.png
cropped_0011_label_M4HYDr16_1920_2880.png,cropped_0011_label_M4HYDr16_1920_2880_mask.png
cropped_0011_label_M4HYDr16_0_1440.png,cropped_0011_label_M4HYDr16_0_1440_mask.png
cropped_0011_label_M4HYDr16_1920_0.png,cropped_0011_label_M4HYDr16_1920_0_mask.png
cropped_0011_label_M4HYDr16_2880_1920.png,cropped_0011_label_M4HYDr16_2880_1920_mask.png
cropped_0011_label_M4HYDr16_3840_1920.png,cropped_0011_label_M4HYDr16_3840_1920_mask.png
cropped_0011_label_M4HYDr16_3360_2400.png,cropped_0011_label_M4HYDr16_3360_2400_mask.png
cropped_0011_label_M4HYDr16_1920_960.png,cropped_0011_label_M4HYDr16_1920_960_mask.png
cropped_00000003_3_1440_1920.png,cropped_00000003_3_1440_1920_mask.png
cropped_00000003_3_480_1920.png,cropped_00000003_3_480_1920_mask.png
cropped_00000003_3_3360_2400.png,cropped_00000003_3_3360_2400_mask.png
cropped_00000003_3_3360_480.png,cropped_00000003_3_3360_480_mask.png
cropped_00000003_3_1920_2400.png,cropped_00000003_3_1920_2400_mask.png
cropped_00000003_3_3840_480.png,cropped_00000003_3_3840_480_mask.png
cropped_00000003_3_2400_960.png,cropped_00000003_3_2400_960_mask.png
cropped_00000003_3_2400_1440.png,cropped_00000003_3_2400_1440_mask.png
cropped_00000003_3_480_2880.png,cropped_00000003_3_480_2880_mask.png
cropped_00000003_3_2880_480.png,cropped_00000003_3_2880_480_mask.png
cropped_00000003_3_1440_960.png,cropped_00000003_3_1440_960_mask.png
cropped_00000003_3_1440_480.png,cropped_00000003_3_1440_480_mask.png
cropped_00000003_3_3840_1920.png,cropped_00000003_3_3840_1920_mask.png
cropped_00000003_3_2400_2400.png,cropped_00000003_3_2400_2400_mask.png
cropped_00000003_3_960_1440.png,cropped_00000003_3_960_1440_mask.png
cropped_00000003_3_480_2400.png,cropped_00000003_3_480_2400_mask.png
cropped_00000003_3_1920_480.png,cropped_00000003_3_1920_480_mask.png
cropped_00000003_3_2880_960.png,cropped_00000003_3_2880_960_mask.png
cropped_00000003_3_2400_480.png,cropped_00000003_3_2400_480_mask.png
cropped_00000003_3_480_0.png,cropped_00000003_3_480_0_mask.png
cropped_00000003_3_3840_960.png,cropped_00000003_3_3840_960_mask.png
cropped_00000003_3_2880_2400.png,cropped_00000003_3_2880_2400_mask.png
cropped_00000021_1_0_1440.png,cropped_00000021_1_0_1440_mask.png
cropped_00000021_1_3360_480.png,cropped_00000021_1_3360_480_mask.png
cropped_00000021_1_0_0.png,cropped_00000021_1_0_0_mask.png
cropped_00000021_1_3840_1440.png,cropped_00000021_1_3840_1440_mask.png
cropped_00000021_1_960_0.png,cropped_00000021_1_960_0_mask.png
cropped_00000021_1_1440_960.png,cropped_00000021_1_1440_960_mask.png
cropped_00000021_1_960_480.png,cropped_00000021_1_960_480_mask.png
cropped_00000021_1_2400_0.png,cropped_00000021_1_2400_0_mask.png
cropped_00000021_1_3360_960.png,cropped_00000021_1_3360_960_mask.png
cropped_00000021_1_960_1440.png,cropped_00000021_1_960_1440_mask.png
cropped_00000021_1_960_1920.png,cropped_00000021_1_960_1920_mask.png
cropped_00000021_1_960_960.png,cropped_00000021_1_960_960_mask.png
cropped_00000021_1_0_480.png,cropped_00000021_1_0_480_mask.png
cropped_00000021_1_1920_0.png,cropped_00000021_1_1920_0_mask.png
cropped_00000021_1_0_2400.png,cropped_00000021_1_0_2400_mask.png
cropped_00000021_1_3840_2400.png,cropped_00000021_1_3840_2400_mask.png
cropped_00000021_1_2400_1440.png,cropped_00000021_1_2400_1440_mask.png
cropped_00000021_1_2880_960.png,cropped_00000021_1_2880_960_mask.png
cropped_00000021_1_1920_960.png,cropped_00000021_1_1920_960_mask.png
cropped_00000021_1_2880_2400.png,cropped_00000021_1_2880_2400_mask.png
cropped_00000021_1_2400_2400.png,cropped_00000021_1_2400_2400_mask.png
cropped_00000021_1_3840_0.png,cropped_00000021_1_3840_0_mask.png
cropped_00000021_1_2400_960.png,cropped_00000021_1_2400_960_mask.png
cropped_00000021_1_0_2880.png,cropped_00000021_1_0_2880_mask.png
cropped_00000007_5_960_1440.png,cropped_00000007_5_960_1440_mask.png
cropped_00000007_5_960_480.png,cropped_00000007_5_960_480_mask.png
cropped_00000007_5_1920_1920.png,cropped_00000007_5_1920_1920_mask.png
cropped_00000007_5_0_0.png,cropped_00000007_5_0_0_mask.png
cropped_00000007_5_0_960.png,cropped_00000007_5_0_960_mask.png
cropped_00000007_5_1440_2400.png,cropped_00000007_5_1440_2400_mask.png
cropped_00000007_5_0_480.png,cropped_00000007_5_0_480_mask.png
cropped_00000007_5_3360_480.png,cropped_00000007_5_3360_480_mask.png
cropped_00000007_5_3360_960.png,cropped_00000007_5_3360_960_mask.png
cropped_00000007_5_2880_1440.png,cropped_00000007_5_2880_1440_mask.png
cropped_00000007_5_1920_960.png,cropped_00000007_5_1920_960_mask.png
cropped_00000007_5_0_1920.png,cropped_00000007_5_0_1920_mask.png
cropped_00000007_5_960_0.png,cropped_00000007_5_960_0_mask.png
cropped_00000007_5_1920_0.png,cropped_00000007_5_1920_0_mask.png
cropped_00000007_5_2400_960.png,cropped_00000007_5_2400_960_mask.png
cropped_00000007_5_960_960.png,cropped_00000007_5_960_960_mask.png
cropped_00000007_5_3840_1440.png,cropped_00000007_5_3840_1440_mask.png
cropped_0002_label_ufQVNw8q_2400_960.png,cropped_0002_label_ufQVNw8q_2400_960_mask.png
cropped_0002_label_ufQVNw8q_3360_1440.png,cropped_0002_label_ufQVNw8q_3360_1440_mask.png
cropped_0002_label_ufQVNw8q_1920_480.png,cropped_0002_label_ufQVNw8q_1920_480_mask.png
cropped_0002_label_ufQVNw8q_2400_0.png,cropped_0002_label_ufQVNw8q_2400_0_mask.png
cropped_0002_label_ufQVNw8q_1920_960.png,cropped_0002_label_ufQVNw8q_1920_960_mask.png
cropped_0002_label_ufQVNw8q_1440_1440.png,cropped_0002_label_ufQVNw8q_1440_1440_mask.png
cropped_0002_label_ufQVNw8q_480_2400.png,cropped_0002_label_ufQVNw8q_480_2400_mask.png
cropped_0002_label_ufQVNw8q_480_960.png,cropped_0002_label_ufQVNw8q_480_960_mask.png
cropped_0002_label_ufQVNw8q_3360_0.png,cropped_0002_label_ufQVNw8q_3360_0_mask.png
cropped_0002_label_ufQVNw8q_1440_2880.png,cropped_0002_label_ufQVNw8q_1440_2880_mask.png
cropped_0002_label_ufQVNw8q_1440_480.png,cropped_0002_label_ufQVNw8q_1440_480_mask.png
cropped_0002_label_ufQVNw8q_1920_1440.png,cropped_0002_label_ufQVNw8q_1920_1440_mask.png
cropped_0002_label_ufQVNw8q_1440_1920.png,cropped_0002_label_ufQVNw8q_1440_1920_mask.png
cropped_0002_label_ufQVNw8q_3840_1440.png,cropped_0002_label_ufQVNw8q_3840_1440_mask.png
cropped_0002_label_ufQVNw8q_2880_960.png,cropped_0002_label_ufQVNw8q_2880_960_mask.png
cropped_0002_label_ufQVNw8q_2880_1440.png,cropped_0002_label_ufQVNw8q_2880_1440_mask.png
cropped_0002_label_ufQVNw8q_2400_480.png,cropped_0002_label_ufQVNw8q_2400_480_mask.png
cropped_0002_label_ufQVNw8q_2400_1440.png,cropped_0002_label_ufQVNw8q_2400_1440_mask.png
cropped_0002_label_ufQVNw8q_1920_0.png,cropped_0002_label_ufQVNw8q_1920_0_mask.png
cropped_00000013_2_960_2400.png,cropped_00000013_2_960_2400_mask.png
cropped_00000013_2_480_480.png,cropped_00000013_2_480_480_mask.png
cropped_00000013_2_3840_2400.png,cropped_00000013_2_3840_2400_mask.png
cropped_00000013_2_1440_2880.png,cropped_00000013_2_1440_2880_mask.png
cropped_00000013_2_2880_1440.png,cropped_00000013_2_2880_1440_mask.png
cropped_00000013_2_2880_480.png,cropped_00000013_2_2880_480_mask.png
cropped_00000013_2_2880_1920.png,cropped_00000013_2_2880_1920_mask.png
cropped_00000013_2_0_1440.png,cropped_00000013_2_0_1440_mask.png
cropped_00000013_2_2880_2880.png,cropped_00000013_2_2880_2880_mask.png
cropped_00000013_2_480_2880.png,cropped_00000013_2_480_2880_mask.png
cropped_00000013_2_960_1440.png,cropped_00000013_2_960_1440_mask.png
cropped_00000013_2_480_0.png,cropped_00000013_2_480_0_mask.png
cropped_00000013_2_3840_2880.png,cropped_00000013_2_3840_2880_mask.png
cropped_00000013_2_960_0.png,cropped_00000013_2_960_0_mask.png
cropped_00000013_2_480_1440.png,cropped_00000013_2_480_1440_mask.png
cropped_00000013_2_960_480.png,cropped_00000013_2_960_480_mask.png
cropped_0002_label_wmLYCo2j_1920_480.png,cropped_0002_label_wmLYCo2j_1920_480_mask.png
cropped_0002_label_wmLYCo2j_2880_960.png,cropped_0002_label_wmLYCo2j_2880_960_mask.png
cropped_0002_label_wmLYCo2j_3840_1920.png,cropped_0002_label_wmLYCo2j_3840_1920_mask.png
cropped_0002_label_wmLYCo2j_1440_960.png,cropped_0002_label_wmLYCo2j_1440_960_mask.png
cropped_0002_label_wmLYCo2j_960_1920.png,cropped_0002_label_wmLYCo2j_960_1920_mask.png
cropped_0002_label_wmLYCo2j_0_0.png,cropped_0002_label_wmLYCo2j_0_0_mask.png
cropped_0002_label_wmLYCo2j_2880_2400.png,cropped_0002_label_wmLYCo2j_2880_2400_mask.png
cropped_0002_label_wmLYCo2j_3840_0.png,cropped_0002_label_wmLYCo2j_3840_0_mask.png
cropped_0002_label_wmLYCo2j_3840_480.png,cropped_0002_label_wmLYCo2j_3840_480_mask.png
cropped_0002_label_wmLYCo2j_1440_480.png,cropped_0002_label_wmLYCo2j_1440_480_mask.png
cropped_0002_label_wmLYCo2j_1440_2400.png,cropped_0002_label_wmLYCo2j_1440_2400_mask.png
cropped_0002_label_wmLYCo2j_2400_1440.png,cropped_0002_label_wmLYCo2j_2400_1440_mask.png
cropped_0002_label_wmLYCo2j_0_960.png,cropped_0002_label_wmLYCo2j_0_960_mask.png
cropped_0002_label_wmLYCo2j_0_480.png,cropped_0002_label_wmLYCo2j_0_480_mask.png
cropped_0002_label_wmLYCo2j_1920_0.png,cropped_0002_label_wmLYCo2j_1920_0_mask.png
cropped_0002_label_wmLYCo2j_3840_1440.png,cropped_0002_label_wmLYCo2j_3840_1440_mask.png
cropped_0002_label_wmLYCo2j_480_0.png,cropped_0002_label_wmLYCo2j_480_0_mask.png
cropped_0002_label_wmLYCo2j_1920_1920.png,cropped_0002_label_wmLYCo2j_1920_1920_mask.png
cropped_0000_label_lY40XnMe_3840_1920.png,cropped_0000_label_lY40XnMe_3840_1920_mask.png
cropped_0000_label_lY40XnMe_3360_1920.png,cropped_0000_label_lY40XnMe_3360_1920_mask.png
cropped_0000_label_lY40XnMe_2400_1440.png,cropped_0000_label_lY40XnMe_2400_1440_mask.png
cropped_0000_label_lY40XnMe_3840_2400.png,cropped_0000_label_lY40XnMe_3840_2400_mask.png
cropped_0000_label_lY40XnMe_3360_1440.png,cropped_0000_label_lY40XnMe_3360_1440_mask.png
cropped_0000_label_lY40XnMe_2400_2880.png,cropped_0000_label_lY40XnMe_2400_2880_mask.png
cropped_0000_label_lY40XnMe_3840_0.png,cropped_0000_label_lY40XnMe_3840_0_mask.png
cropped_0000_label_lY40XnMe_0_480.png,cropped_0000_label_lY40XnMe_0_480_mask.png
cropped_0000_label_lY40XnMe_960_1440.png,cropped_0000_label_lY40XnMe_960_1440_mask.png
cropped_0000_label_lY40XnMe_3840_1440.png,cropped_0000_label_lY40XnMe_3840_1440_mask.png
cropped_0000_label_lY40XnMe_0_1440.png,cropped_0000_label_lY40XnMe_0_1440_mask.png
cropped_0000_label_lY40XnMe_1920_1440.png,cropped_0000_label_lY40XnMe_1920_1440_mask.png
cropped_0000_label_lY40XnMe_1440_480.png,cropped_0000_label_lY40XnMe_1440_480_mask.png
cropped_0000_label_lY40XnMe_480_2880.png,cropped_0000_label_lY40XnMe_480_2880_mask.png
cropped_0000_label_lY40XnMe_2880_1920.png,cropped_0000_label_lY40XnMe_2880_1920_mask.png
cropped_0000_label_lY40XnMe_3360_960.png,cropped_0000_label_lY40XnMe_3360_960_mask.png
cropped_0000_label_lY40XnMe_1440_0.png,cropped_0000_label_lY40XnMe_1440_0_mask.png
cropped_0000_label_lY40XnMe_0_1920.png,cropped_0000_label_lY40XnMe_0_1920_mask.png
cropped_0000_label_lY40XnMe_3360_2880.png,cropped_0000_label_lY40XnMe_3360_2880_mask.png
cropped_0000_label_lY40XnMe_480_2400.png,cropped_0000_label_lY40XnMe_480_2400_mask.png
cropped_0000_label_lY40XnMe_0_2400.png,cropped_0000_label_lY40XnMe_0_2400_mask.png
cropped_0003_label_9tz0JSAJ_1440_1440.png,cropped_0003_label_9tz0JSAJ_1440_1440_mask.png
cropped_0003_label_9tz0JSAJ_1920_480.png,cropped_0003_label_9tz0JSAJ_1920_480_mask.png
cropped_0003_label_9tz0JSAJ_2400_1440.png,cropped_0003_label_9tz0JSAJ_2400_1440_mask.png
cropped_0003_label_9tz0JSAJ_3360_2400.png,cropped_0003_label_9tz0JSAJ_3360_2400_mask.png
cropped_0003_label_9tz0JSAJ_1920_960.png,cropped_0003_label_9tz0JSAJ_1920_960_mask.png
cropped_0003_label_9tz0JSAJ_960_960.png,cropped_0003_label_9tz0JSAJ_960_960_mask.png
cropped_0003_label_9tz0JSAJ_960_1440.png,cropped_0003_label_9tz0JSAJ_960_1440_mask.png
cropped_0003_label_9tz0JSAJ_1920_1440.png,cropped_0003_label_9tz0JSAJ_1920_1440_mask.png
cropped_0003_label_9tz0JSAJ_2880_960.png,cropped_0003_label_9tz0JSAJ_2880_960_mask.png
cropped_0003_label_9tz0JSAJ_1440_480.png,cropped_0003_label_9tz0JSAJ_1440_480_mask.png
cropped_0003_label_9tz0JSAJ_2400_2880.png,cropped_0003_label_9tz0JSAJ_2400_2880_mask.png
cropped_0003_label_9tz0JSAJ_480_2880.png,cropped_0003_label_9tz0JSAJ_480_2880_mask.png
cropped_0003_label_9tz0JSAJ_1920_2880.png,cropped_0003_label_9tz0JSAJ_1920_2880_mask.png
cropped_0003_label_9tz0JSAJ_1440_0.png,cropped_0003_label_9tz0JSAJ_1440_0_mask.png
cropped_0003_label_9tz0JSAJ_0_1920.png,cropped_0003_label_9tz0JSAJ_0_1920_mask.png
cropped_0003_label_9tz0JSAJ_3840_0.png,cropped_0003_label_9tz0JSAJ_3840_0_mask.png
cropped_0003_label_9tz0JSAJ_3840_1440.png,cropped_0003_label_9tz0JSAJ_3840_1440_mask.png
cropped_0003_label_9tz0JSAJ_2880_1920.png,cropped_0003_label_9tz0JSAJ_2880_1920_mask.png
cropped_0003_label_9tz0JSAJ_480_1920.png,cropped_0003_label_9tz0JSAJ_480_1920_mask.png
cropped_00000011_960_0.png,cropped_00000011_960_0_mask.png
cropped_00000011_0_1440.png,cropped_00000011_0_1440_mask.png
cropped_00000011_1440_2400.png,cropped_00000011_1440_2400_mask.png
cropped_00000011_0_480.png,cropped_00000011_0_480_mask.png
cropped_00000011_1920_960.png,cropped_00000011_1920_960_mask.png
cropped_00000011_3360_1440.png,cropped_00000011_3360_1440_mask.png
cropped_00000011_480_0.png,cropped_00000011_480_0_mask.png
cropped_00000011_1920_2400.png,cropped_00000011_1920_2400_mask.png
cropped_00000011_960_1920.png,cropped_00000011_960_1920_mask.png
cropped_00000011_1920_480.png,cropped_00000011_1920_480_mask.png
cropped_00000011_2400_1920.png,cropped_00000011_2400_1920_mask.png
cropped_00000011_1440_960.png,cropped_00000011_1440_960_mask.png
cropped_00000011_3360_1920.png,cropped_00000011_3360_1920_mask.png
cropped_00000011_2880_1440.png,cropped_00000011_2880_1440_mask.png
cropped_00000011_480_1920.png,cropped_00000011_480_1920_mask.png
cropped_00000011_0_960.png,cropped_00000011_0_960_mask.png
cropped_00000011_1920_2880.png,cropped_00000011_1920_2880_mask.png
cropped_0017_label_QbCmZ2ce_3360_480.png,cropped_0017_label_QbCmZ2ce_3360_480_mask.png
cropped_0017_label_QbCmZ2ce_3840_0.png,cropped_0017_label_QbCmZ2ce_3840_0_mask.png
cropped_0017_label_QbCmZ2ce_3840_1920.png,cropped_0017_label_QbCmZ2ce_3840_1920_mask.png
cropped_0017_label_QbCmZ2ce_3360_0.png,cropped_0017_label_QbCmZ2ce_3360_0_mask.png
cropped_0017_label_QbCmZ2ce_2880_0.png,cropped_0017_label_QbCmZ2ce_2880_0_mask.png
cropped_0017_label_QbCmZ2ce_2400_480.png,cropped_0017_label_QbCmZ2ce_2400_480_mask.png
cropped_0017_label_QbCmZ2ce_960_2880.png,cropped_0017_label_QbCmZ2ce_960_2880_mask.png
cropped_0017_label_QbCmZ2ce_1920_1440.png,cropped_0017_label_QbCmZ2ce_1920_1440_mask.png
cropped_0017_label_QbCmZ2ce_3840_2880.png,cropped_0017_label_QbCmZ2ce_3840_2880_mask.png
cropped_0017_label_QbCmZ2ce_960_2400.png,cropped_0017_label_QbCmZ2ce_960_2400_mask.png
cropped_0017_label_QbCmZ2ce_1920_2400.png,cropped_0017_label_QbCmZ2ce_1920_2400_mask.png
cropped_0017_label_QbCmZ2ce_480_2400.png,cropped_0017_label_QbCmZ2ce_480_2400_mask.png
cropped_0017_label_QbCmZ2ce_0_480.png,cropped_0017_label_QbCmZ2ce_0_480_mask.png
cropped_0017_label_QbCmZ2ce_1920_0.png,cropped_0017_label_QbCmZ2ce_1920_0_mask.png
cropped_0017_label_QbCmZ2ce_960_0.png,cropped_0017_label_QbCmZ2ce_960_0_mask.png
cropped_0017_label_QbCmZ2ce_3360_960.png,cropped_0017_label_QbCmZ2ce_3360_960_mask.png
cropped_0017_label_QbCmZ2ce_0_2400.png,cropped_0017_label_QbCmZ2ce_0_2400_mask.png
cropped_0017_label_QbCmZ2ce_3840_480.png,cropped_0017_label_QbCmZ2ce_3840_480_mask.png
cropped_0017_label_QbCmZ2ce_3840_960.png,cropped_0017_label_QbCmZ2ce_3840_960_mask.png
cropped_0012_label_WgYVYe3Q_0_2400.png,cropped_0012_label_WgYVYe3Q_0_2400_mask.png
cropped_0012_label_WgYVYe3Q_0_960.png,cropped_0012_label_WgYVYe3Q_0_960_mask.png
cropped_0012_label_WgYVYe3Q_0_1920.png,cropped_0012_label_WgYVYe3Q_0_1920_mask.png
cropped_0012_label_WgYVYe3Q_960_2880.png,cropped_0012_label_WgYVYe3Q_960_2880_mask.png
cropped_0012_label_WgYVYe3Q_960_480.png,cropped_0012_label_WgYVYe3Q_960_480_mask.png
cropped_0012_label_WgYVYe3Q_0_480.png,cropped_0012_label_WgYVYe3Q_0_480_mask.png
cropped_0012_label_WgYVYe3Q_1920_2880.png,cropped_0012_label_WgYVYe3Q_1920_2880_mask.png
cropped_0012_label_WgYVYe3Q_480_480.png,cropped_0012_label_WgYVYe3Q_480_480_mask.png
cropped_0012_label_WgYVYe3Q_3840_0.png,cropped_0012_label_WgYVYe3Q_3840_0_mask.png
cropped_00000014_2_3840_1920.png,cropped_00000014_2_3840_1920_mask.png
cropped_00000014_2_3360_1440.png,cropped_00000014_2_3360_1440_mask.png
cropped_00000014_2_480_2880.png,cropped_00000014_2_480_2880_mask.png
cropped_00000014_2_1440_1440.png,cropped_00000014_2_1440_1440_mask.png
cropped_00000014_2_2880_2400.png,cropped_00000014_2_2880_2400_mask.png
cropped_00000014_2_2400_2400.png,cropped_00000014_2_2400_2400_mask.png
cropped_00000014_2_3360_2880.png,cropped_00000014_2_3360_2880_mask.png
cropped_00000014_2_2400_960.png,cropped_00000014_2_2400_960_mask.png
cropped_00000014_2_3840_0.png,cropped_00000014_2_3840_0_mask.png
cropped_00000014_2_1920_2400.png,cropped_00000014_2_1920_2400_mask.png
cropped_00000014_2_3360_2400.png,cropped_00000014_2_3360_2400_mask.png
cropped_00000014_2_1920_480.png,cropped_00000014_2_1920_480_mask.png
cropped_00000014_2_2400_480.png,cropped_00000014_2_2400_480_mask.png
cropped_00000014_2_2880_960.png,cropped_00000014_2_2880_960_mask.png
cropped_00000014_2_1440_2400.png,cropped_00000014_2_1440_2400_mask.png
cropped_00000014_2_960_960.png,cropped_00000014_2_960_960_mask.png
cropped_00000014_2_3840_1440.png,cropped_00000014_2_3840_1440_mask.png
cropped_0019_label_5YuL3VcR_3840_1920.png,cropped_0019_label_5YuL3VcR_3840_1920_mask.png
cropped_0019_label_5YuL3VcR_960_480.png,cropped_0019_label_5YuL3VcR_960_480_mask.png
cropped_0019_label_5YuL3VcR_0_480.png,cropped_0019_label_5YuL3VcR_0_480_mask.png
cropped_0019_label_5YuL3VcR_1920_1920.png,cropped_0019_label_5YuL3VcR_1920_1920_mask.png
cropped_0019_label_5YuL3VcR_2400_2880.png,cropped_0019_label_5YuL3VcR_2400_2880_mask.png
cropped_0019_label_5YuL3VcR_480_2400.png,cropped_0019_label_5YuL3VcR_480_2400_mask.png
cropped_0019_label_5YuL3VcR_960_0.png,cropped_0019_label_5YuL3VcR_960_0_mask.png
cropped_0019_label_5YuL3VcR_1440_480.png,cropped_0019_label_5YuL3VcR_1440_480_mask.png
cropped_0019_label_5YuL3VcR_1920_0.png,cropped_0019_label_5YuL3VcR_1920_0_mask.png
cropped_0019_label_5YuL3VcR_2400_1440.png,cropped_0019_label_5YuL3VcR_2400_1440_mask.png
cropped_0019_label_5YuL3VcR_2880_0.png,cropped_0019_label_5YuL3VcR_2880_0_mask.png
cropped_0019_label_5YuL3VcR_480_0.png,cropped_0019_label_5YuL3VcR_480_0_mask.png
cropped_0019_label_5YuL3VcR_1440_2400.png,cropped_0019_label_5YuL3VcR_1440_2400_mask.png
cropped_0019_label_5YuL3VcR_2880_480.png,cropped_0019_label_5YuL3VcR_2880_480_mask.png
cropped_0019_label_5YuL3VcR_2400_480.png,cropped_0019_label_5YuL3VcR_2400_480_mask.png
cropped_0006_label_FCjmsocM_2880_2400.png,cropped_0006_label_FCjmsocM_2880_2400_mask.png
cropped_0006_label_FCjmsocM_3360_960.png,cropped_0006_label_FCjmsocM_3360_960_mask.png
cropped_0006_label_FCjmsocM_3840_1440.png,cropped_0006_label_FCjmsocM_3840_1440_mask.png
cropped_0006_label_FCjmsocM_2400_2880.png,cropped_0006_label_FCjmsocM_2400_2880_mask.png
cropped_0006_label_FCjmsocM_1920_2400.png,cropped_0006_label_FCjmsocM_1920_2400_mask.png
cropped_0006_label_FCjmsocM_3840_480.png,cropped_0006_label_FCjmsocM_3840_480_mask.png
cropped_0006_label_FCjmsocM_3840_2400.png,cropped_0006_label_FCjmsocM_3840_2400_mask.png
cropped_0006_label_FCjmsocM_1920_1440.png,cropped_0006_label_FCjmsocM_1920_1440_mask.png
cropped_0006_label_FCjmsocM_1440_480.png,cropped_0006_label_FCjmsocM_1440_480_mask.png
cropped_0006_label_FCjmsocM_3360_480.png,cropped_0006_label_FCjmsocM_3360_480_mask.png
cropped_0006_label_FCjmsocM_2400_480.png,cropped_0006_label_FCjmsocM_2400_480_mask.png
cropped_0006_label_FCjmsocM_2880_960.png,cropped_0006_label_FCjmsocM_2880_960_mask.png
cropped_0006_label_FCjmsocM_0_1440.png,cropped_0006_label_FCjmsocM_0_1440_mask.png
cropped_0006_label_FCjmsocM_3360_2880.png,cropped_0006_label_FCjmsocM_3360_2880_mask.png
cropped_0006_label_FCjmsocM_2880_480.png,cropped_0006_label_FCjmsocM_2880_480_mask.png
cropped_0006_label_FCjmsocM_1920_480.png,cropped_0006_label_FCjmsocM_1920_480_mask.png
cropped_0006_label_FCjmsocM_0_480.png,cropped_0006_label_FCjmsocM_0_480_mask.png
cropped_0006_label_FCjmsocM_480_2400.png,cropped_0006_label_FCjmsocM_480_2400_mask.png
cropped_0006_label_FCjmsocM_960_960.png,cropped_0006_label_FCjmsocM_960_960_mask.png
cropped_0006_label_FCjmsocM_3360_1920.png,cropped_0006_label_FCjmsocM_3360_1920_mask.png
cropped_0006_label_FCjmsocM_1440_960.png,cropped_0006_label_FCjmsocM_1440_960_mask.png
cropped_0006_label_FCjmsocM_1440_1440.png,cropped_0006_label_FCjmsocM_1440_1440_mask.png
cropped_0009_label_Z4lINfjt_3360_0.png,cropped_0009_label_Z4lINfjt_3360_0_mask.png
cropped_0009_label_Z4lINfjt_2880_960.png,cropped_0009_label_Z4lINfjt_2880_960_mask.png
cropped_0009_label_Z4lINfjt_3840_960.png,cropped_0009_label_Z4lINfjt_3840_960_mask.png
cropped_0009_label_Z4lINfjt_3360_2880.png,cropped_0009_label_Z4lINfjt_3360_2880_mask.png
cropped_0009_label_Z4lINfjt_960_0.png,cropped_0009_label_Z4lINfjt_960_0_mask.png
cropped_0009_label_Z4lINfjt_3840_1440.png,cropped_0009_label_Z4lINfjt_3840_1440_mask.png
cropped_0009_label_Z4lINfjt_960_2400.png,cropped_0009_label_Z4lINfjt_960_2400_mask.png
cropped_0009_label_Z4lINfjt_2880_1920.png,cropped_0009_label_Z4lINfjt_2880_1920_mask.png
cropped_0009_label_Z4lINfjt_2880_2400.png,cropped_0009_label_Z4lINfjt_2880_2400_mask.png
cropped_0009_label_Z4lINfjt_960_2880.png,cropped_0009_label_Z4lINfjt_960_2880_mask.png
cropped_0009_label_Z4lINfjt_3360_2400.png,cropped_0009_label_Z4lINfjt_3360_2400_mask.png
cropped_0009_label_Z4lINfjt_960_480.png,cropped_0009_label_Z4lINfjt_960_480_mask.png
cropped_0009_label_Z4lINfjt_2880_2880.png,cropped_0009_label_Z4lINfjt_2880_2880_mask.png
cropped_0009_label_Z4lINfjt_3840_480.png,cropped_0009_label_Z4lINfjt_3840_480_mask.png
cropped_0009_label_Z4lINfjt_0_2400.png,cropped_0009_label_Z4lINfjt_0_2400_mask.png
cropped_0011_label_iGFOdcQt_2880_2400.png,cropped_0011_label_iGFOdcQt_2880_2400_mask.png
cropped_0011_label_iGFOdcQt_3360_0.png,cropped_0011_label_iGFOdcQt_3360_0_mask.png
cropped_0011_label_iGFOdcQt_2400_960.png,cropped_0011_label_iGFOdcQt_2400_960_mask.png
cropped_0011_label_iGFOdcQt_0_0.png,cropped_0011_label_iGFOdcQt_0_0_mask.png
cropped_0011_label_iGFOdcQt_2880_1920.png,cropped_0011_label_iGFOdcQt_2880_1920_mask.png
cropped_0011_label_iGFOdcQt_1440_1920.png,cropped_0011_label_iGFOdcQt_1440_1920_mask.png
cropped_0011_label_iGFOdcQt_1920_960.png,cropped_0011_label_iGFOdcQt_1920_960_mask.png
cropped_0011_label_iGFOdcQt_3840_960.png,cropped_0011_label_iGFOdcQt_3840_960_mask.png
cropped_0011_label_iGFOdcQt_1440_960.png,cropped_0011_label_iGFOdcQt_1440_960_mask.png
cropped_0011_label_iGFOdcQt_960_2400.png,cropped_0011_label_iGFOdcQt_960_2400_mask.png
cropped_0014_label_M4HYDr16_3840_960.png,cropped_0014_label_M4HYDr16_3840_960_mask.png
cropped_0014_label_M4HYDr16_3840_480.png,cropped_0014_label_M4HYDr16_3840_480_mask.png
cropped_0014_label_M4HYDr16_480_2400.png,cropped_0014_label_M4HYDr16_480_2400_mask.png
cropped_0014_label_M4HYDr16_3840_2400.png,cropped_0014_label_M4HYDr16_3840_2400_mask.png
cropped_0014_label_M4HYDr16_1920_480.png,cropped_0014_label_M4HYDr16_1920_480_mask.png
cropped_0014_label_M4HYDr16_1440_1920.png,cropped_0014_label_M4HYDr16_1440_1920_mask.png
cropped_0014_label_M4HYDr16_480_1920.png,cropped_0014_label_M4HYDr16_480_1920_mask.png
cropped_0014_label_M4HYDr16_960_960.png,cropped_0014_label_M4HYDr16_960_960_mask.png
cropped_0014_label_M4HYDr16_3840_1920.png,cropped_0014_label_M4HYDr16_3840_1920_mask.png
cropped_0014_label_M4HYDr16_1440_480.png,cropped_0014_label_M4HYDr16_1440_480_mask.png
cropped_0014_label_M4HYDr16_0_1920.png,cropped_0014_label_M4HYDr16_0_1920_mask.png
cropped_0014_label_M4HYDr16_480_480.png,cropped_0014_label_M4HYDr16_480_480_mask.png
cropped_0014_label_M4HYDr16_960_1440.png,cropped_0014_label_M4HYDr16_960_1440_mask.png
cropped_0014_label_M4HYDr16_960_1920.png,cropped_0014_label_M4HYDr16_960_1920_mask.png
cropped_0014_label_M4HYDr16_2880_2400.png,cropped_0014_label_M4HYDr16_2880_2400_mask.png
cropped_0014_label_M4HYDr16_960_480.png,cropped_0014_label_M4HYDr16_960_480_mask.png
cropped_0014_label_M4HYDr16_2880_2880.png,cropped_0014_label_M4HYDr16_2880_2880_mask.png
cropped_0014_label_M4HYDr16_1920_0.png,cropped_0014_label_M4HYDr16_1920_0_mask.png
cropped_0014_label_M4HYDr16_480_2880.png,cropped_0014_label_M4HYDr16_480_2880_mask.png
cropped_0014_label_M4HYDr16_3840_2880.png,cropped_0014_label_M4HYDr16_3840_2880_mask.png
cropped_0014_label_M4HYDr16_0_2400.png,cropped_0014_label_M4HYDr16_0_2400_mask.png
cropped_0014_label_M4HYDr16_2880_1920.png,cropped_0014_label_M4HYDr16_2880_1920_mask.png
cropped_0014_label_M4HYDr16_480_1440.png,cropped_0014_label_M4HYDr16_480_1440_mask.png
cropped_0014_label_M4HYDr16_0_2880.png,cropped_0014_label_M4HYDr16_0_2880_mask.png
cropped_0014_label_M4HYDr16_1920_1920.png,cropped_0014_label_M4HYDr16_1920_1920_mask.png
cropped_0002_label_WgYVYe3Q_2400_2400.png,cropped_0002_label_WgYVYe3Q_2400_2400_mask.png
cropped_0002_label_WgYVYe3Q_3840_0.png,cropped_0002_label_WgYVYe3Q_3840_0_mask.png
cropped_0002_label_WgYVYe3Q_1920_480.png,cropped_0002_label_WgYVYe3Q_1920_480_mask.png
cropped_0002_label_WgYVYe3Q_480_1920.png,cropped_0002_label_WgYVYe3Q_480_1920_mask.png
cropped_0002_label_WgYVYe3Q_3360_1920.png,cropped_0002_label_WgYVYe3Q_3360_1920_mask.png
cropped_0002_label_WgYVYe3Q_1440_2880.png,cropped_0002_label_WgYVYe3Q_1440_2880_mask.png
cropped_0002_label_WgYVYe3Q_0_2880.png,cropped_0002_label_WgYVYe3Q_0_2880_mask.png
cropped_0002_label_WgYVYe3Q_480_2880.png,cropped_0002_label_WgYVYe3Q_480_2880_mask.png
cropped_0002_label_WgYVYe3Q_1920_1440.png,cropped_0002_label_WgYVYe3Q_1920_1440_mask.png
cropped_0002_label_WgYVYe3Q_0_0.png,cropped_0002_label_WgYVYe3Q_0_0_mask.png
cropped_0002_label_WgYVYe3Q_1920_2400.png,cropped_0002_label_WgYVYe3Q_1920_2400_mask.png
cropped_0002_label_WgYVYe3Q_1440_480.png,cropped_0002_label_WgYVYe3Q_1440_480_mask.png
cropped_0002_label_WgYVYe3Q_480_960.png,cropped_0002_label_WgYVYe3Q_480_960_mask.png
cropped_0002_label_WgYVYe3Q_0_960.png,cropped_0002_label_WgYVYe3Q_0_960_mask.png
cropped_0002_label_WgYVYe3Q_480_1440.png,cropped_0002_label_WgYVYe3Q_480_1440_mask.png
cropped_0002_label_WgYVYe3Q_3360_2400.png,cropped_0002_label_WgYVYe3Q_3360_2400_mask.png
cropped_0002_label_WgYVYe3Q_3360_0.png,cropped_0002_label_WgYVYe3Q_3360_0_mask.png
cropped_0002_label_WgYVYe3Q_2880_1920.png,cropped_0002_label_WgYVYe3Q_2880_1920_mask.png
cropped_0019_label_WgYVYe3Q_1440_960.png,cropped_0019_label_WgYVYe3Q_1440_960_mask.png
cropped_0019_label_WgYVYe3Q_3840_2400.png,cropped_0019_label_WgYVYe3Q_3840_2400_mask.png
cropped_0019_label_WgYVYe3Q_3360_0.png,cropped_0019_label_WgYVYe3Q_3360_0_mask.png
cropped_0019_label_WgYVYe3Q_1440_1440.png,cropped_0019_label_WgYVYe3Q_1440_1440_mask.png
cropped_0019_label_WgYVYe3Q_1920_2400.png,cropped_0019_label_WgYVYe3Q_1920_2400_mask.png
cropped_0019_label_WgYVYe3Q_2400_2400.png,cropped_0019_label_WgYVYe3Q_2400_2400_mask.png
cropped_0019_label_WgYVYe3Q_2400_0.png,cropped_0019_label_WgYVYe3Q_2400_0_mask.png
cropped_0019_label_WgYVYe3Q_2400_960.png,cropped_0019_label_WgYVYe3Q_2400_960_mask.png
cropped_0019_label_WgYVYe3Q_480_960.png,cropped_0019_label_WgYVYe3Q_480_960_mask.png
cropped_0019_label_WgYVYe3Q_1920_960.png,cropped_0019_label_WgYVYe3Q_1920_960_mask.png
cropped_0019_label_WgYVYe3Q_2880_480.png,cropped_0019_label_WgYVYe3Q_2880_480_mask.png
cropped_0019_label_WgYVYe3Q_1440_2880.png,cropped_0019_label_WgYVYe3Q_1440_2880_mask.png
cropped_0019_label_WgYVYe3Q_0_2880.png,cropped_0019_label_WgYVYe3Q_0_2880_mask.png
cropped_0019_label_WgYVYe3Q_1920_480.png,cropped_0019_label_WgYVYe3Q_1920_480_mask.png
cropped_0019_label_WgYVYe3Q_0_480.png,cropped_0019_label_WgYVYe3Q_0_480_mask.png
cropped_0019_label_WgYVYe3Q_960_2880.png,cropped_0019_label_WgYVYe3Q_960_2880_mask.png
cropped_0019_label_WgYVYe3Q_1920_1920.png,cropped_0019_label_WgYVYe3Q_1920_1920_mask.png
cropped_0019_label_WgYVYe3Q_1440_2400.png,cropped_0019_label_WgYVYe3Q_1440_2400_mask.png
cropped_0019_label_WgYVYe3Q_960_2400.png,cropped_0019_label_WgYVYe3Q_960_2400_mask.png
cropped_0019_label_WgYVYe3Q_3360_2880.png,cropped_0019_label_WgYVYe3Q_3360_2880_mask.png
cropped_0019_label_WgYVYe3Q_2880_2400.png,cropped_0019_label_WgYVYe3Q_2880_2400_mask.png
cropped_0010_label_iGFOdcQt_1440_1920.png,cropped_0010_label_iGFOdcQt_1440_1920_mask.png
cropped_0010_label_iGFOdcQt_1440_2880.png,cropped_0010_label_iGFOdcQt_1440_2880_mask.png
cropped_0010_label_iGFOdcQt_960_0.png,cropped_0010_label_iGFOdcQt_960_0_mask.png
cropped_0010_label_iGFOdcQt_960_2880.png,cropped_0010_label_iGFOdcQt_960_2880_mask.png
cropped_0010_label_iGFOdcQt_3840_960.png,cropped_0010_label_iGFOdcQt_3840_960_mask.png
cropped_0010_label_iGFOdcQt_3840_2880.png,cropped_0010_label_iGFOdcQt_3840_2880_mask.png
cropped_0010_label_iGFOdcQt_0_2880.png,cropped_0010_label_iGFOdcQt_0_2880_mask.png
cropped_0010_label_iGFOdcQt_3360_2400.png,cropped_0010_label_iGFOdcQt_3360_2400_mask.png
cropped_0010_label_iGFOdcQt_2400_480.png,cropped_0010_label_iGFOdcQt_2400_480_mask.png
cropped_0010_label_iGFOdcQt_2880_0.png,cropped_0010_label_iGFOdcQt_2880_0_mask.png
cropped_0010_label_iGFOdcQt_0_480.png,cropped_0010_label_iGFOdcQt_0_480_mask.png
cropped_0010_label_iGFOdcQt_480_960.png,cropped_0010_label_iGFOdcQt_480_960_mask.png
cropped_0010_label_iGFOdcQt_0_1920.png,cropped_0010_label_iGFOdcQt_0_1920_mask.png
cropped_0010_label_iGFOdcQt_2400_2880.png,cropped_0010_label_iGFOdcQt_2400_2880_mask.png
cropped_0010_label_iGFOdcQt_2880_480.png,cropped_0010_label_iGFOdcQt_2880_480_mask.png
cropped_0001_label_PmivjAla_2880_1920.png,cropped_0001_label_PmivjAla_2880_1920_mask.png
cropped_0001_label_PmivjAla_960_0.png,cropped_0001_label_PmivjAla_960_0_mask.png
cropped_0001_label_PmivjAla_480_2880.png,cropped_0001_label_PmivjAla_480_2880_mask.png
cropped_0001_label_PmivjAla_2880_2400.png,cropped_0001_label_PmivjAla_2880_2400_mask.png
cropped_0001_label_PmivjAla_3840_480.png,cropped_0001_label_PmivjAla_3840_480_mask.png
cropped_0001_label_PmivjAla_960_480.png,cropped_0001_label_PmivjAla_960_480_mask.png
cropped_0001_label_PmivjAla_0_1920.png,cropped_0001_label_PmivjAla_0_1920_mask.png
cropped_0001_label_PmivjAla_1440_1440.png,cropped_0001_label_PmivjAla_1440_1440_mask.png
cropped_0001_label_PmivjAla_1440_2880.png,cropped_0001_label_PmivjAla_1440_2880_mask.png
cropped_0001_label_PmivjAla_3360_0.png,cropped_0001_label_PmivjAla_3360_0_mask.png
cropped_0001_label_PmivjAla_2880_480.png,cropped_0001_label_PmivjAla_2880_480_mask.png
cropped_0001_label_PmivjAla_3840_1440.png,cropped_0001_label_PmivjAla_3840_1440_mask.png
cropped_0001_label_PmivjAla_2880_1440.png,cropped_0001_label_PmivjAla_2880_1440_mask.png
cropped_0001_label_PmivjAla_3360_2400.png,cropped_0001_label_PmivjAla_3360_2400_mask.png
cropped_0001_label_PmivjAla_1440_480.png,cropped_0001_label_PmivjAla_1440_480_mask.png
cropped_0001_label_PmivjAla_2400_0.png,cropped_0001_label_PmivjAla_2400_0_mask.png
cropped_0001_label_PmivjAla_1920_2880.png,cropped_0001_label_PmivjAla_1920_2880_mask.png
cropped_0001_label_PmivjAla_480_960.png,cropped_0001_label_PmivjAla_480_960_mask.png
cropped_0001_label_PmivjAla_1920_2400.png,cropped_0001_label_PmivjAla_1920_2400_mask.png
cropped_0001_label_PmivjAla_3360_1440.png,cropped_0001_label_PmivjAla_3360_1440_mask.png
cropped_0001_label_PmivjAla_1920_1440.png,cropped_0001_label_PmivjAla_1920_1440_mask.png
cropped_0001_label_PmivjAla_0_0.png,cropped_0001_label_PmivjAla_0_0_mask.png
cropped_0001_label_PmivjAla_0_960.png,cropped_0001_label_PmivjAla_0_960_mask.png
cropped_0010_label_XP0UKXUr_2400_960.png,cropped_0010_label_XP0UKXUr_2400_960_mask.png
cropped_0010_label_XP0UKXUr_1440_960.png,cropped_0010_label_XP0UKXUr_1440_960_mask.png
cropped_0010_label_XP0UKXUr_960_480.png,cropped_0010_label_XP0UKXUr_960_480_mask.png
cropped_0010_label_XP0UKXUr_3360_0.png,cropped_0010_label_XP0UKXUr_3360_0_mask.png
cropped_0010_label_XP0UKXUr_3360_480.png,cropped_0010_label_XP0UKXUr_3360_480_mask.png
cropped_0010_label_XP0UKXUr_0_1440.png,cropped_0010_label_XP0UKXUr_0_1440_mask.png
cropped_0010_label_XP0UKXUr_2400_0.png,cropped_0010_label_XP0UKXUr_2400_0_mask.png
cropped_0010_label_XP0UKXUr_2880_2400.png,cropped_0010_label_XP0UKXUr_2880_2400_mask.png
cropped_0003_label_egaPlFje_3840_2400.png,cropped_0003_label_egaPlFje_3840_2400_mask.png
cropped_0003_label_egaPlFje_1920_2880.png,cropped_0003_label_egaPlFje_1920_2880_mask.png
cropped_0003_label_egaPlFje_960_2880.png,cropped_0003_label_egaPlFje_960_2880_mask.png
cropped_0003_label_egaPlFje_0_0.png,cropped_0003_label_egaPlFje_0_0_mask.png
cropped_0003_label_egaPlFje_480_1920.png,cropped_0003_label_egaPlFje_480_1920_mask.png
cropped_0003_label_egaPlFje_2880_2400.png,cropped_0003_label_egaPlFje_2880_2400_mask.png
cropped_0003_label_egaPlFje_2880_1440.png,cropped_0003_label_egaPlFje_2880_1440_mask.png
cropped_0003_label_egaPlFje_3840_2880.png,cropped_0003_label_egaPlFje_3840_2880_mask.png
cropped_0003_label_egaPlFje_480_1440.png,cropped_0003_label_egaPlFje_480_1440_mask.png
cropped_0003_label_egaPlFje_2400_480.png,cropped_0003_label_egaPlFje_2400_480_mask.png
cropped_0003_label_egaPlFje_1920_0.png,cropped_0003_label_egaPlFje_1920_0_mask.png
cropped_0003_label_egaPlFje_2880_1920.png,cropped_0003_label_egaPlFje_2880_1920_mask.png
cropped_0003_label_egaPlFje_1440_480.png,cropped_0003_label_egaPlFje_1440_480_mask.png
cropped_0003_label_egaPlFje_960_480.png,cropped_0003_label_egaPlFje_960_480_mask.png
cropped_0003_label_egaPlFje_2880_2880.png,cropped_0003_label_egaPlFje_2880_2880_mask.png
cropped_0003_label_egaPlFje_1440_2880.png,cropped_0003_label_egaPlFje_1440_2880_mask.png
cropped_0003_label_egaPlFje_3840_480.png,cropped_0003_label_egaPlFje_3840_480_mask.png
cropped_0003_label_egaPlFje_1440_0.png,cropped_0003_label_egaPlFje_1440_0_mask.png
cropped_0003_label_egaPlFje_960_0.png,cropped_0003_label_egaPlFje_960_0_mask.png
cropped_0003_label_egaPlFje_960_1440.png,cropped_0003_label_egaPlFje_960_1440_mask.png
cropped_0003_label_egaPlFje_0_2880.png,cropped_0003_label_egaPlFje_0_2880_mask.png
cropped_0006_label_0xjUoY7D_1_2880_2880.png,cropped_0006_label_0xjUoY7D_1_2880_2880_mask.png
cropped_0006_label_0xjUoY7D_1_3360_960.png,cropped_0006_label_0xjUoY7D_1_3360_960_mask.png
cropped_0006_label_0xjUoY7D_1_1440_480.png,cropped_0006_label_0xjUoY7D_1_1440_480_mask.png
cropped_0006_label_0xjUoY7D_1_1440_960.png,cropped_0006_label_0xjUoY7D_1_1440_960_mask.png
cropped_0006_label_0xjUoY7D_1_3840_0.png,cropped_0006_label_0xjUoY7D_1_3840_0_mask.png
cropped_0006_label_0xjUoY7D_1_2400_480.png,cropped_0006_label_0xjUoY7D_1_2400_480_mask.png
cropped_0006_label_0xjUoY7D_1_960_0.png,cropped_0006_label_0xjUoY7D_1_960_0_mask.png
cropped_0006_label_0xjUoY7D_1_0_1920.png,cropped_0006_label_0xjUoY7D_1_0_1920_mask.png
cropped_0006_label_0xjUoY7D_1_1920_2880.png,cropped_0006_label_0xjUoY7D_1_1920_2880_mask.png
cropped_0006_label_0xjUoY7D_1_480_480.png,cropped_0006_label_0xjUoY7D_1_480_480_mask.png
cropped_0006_label_0xjUoY7D_1_0_2880.png,cropped_0006_label_0xjUoY7D_1_0_2880_mask.png
cropped_0006_label_0xjUoY7D_1_2880_960.png,cropped_0006_label_0xjUoY7D_1_2880_960_mask.png
cropped_0006_label_0xjUoY7D_1_1920_960.png,cropped_0006_label_0xjUoY7D_1_1920_960_mask.png
cropped_0006_label_0xjUoY7D_1_1440_2880.png,cropped_0006_label_0xjUoY7D_1_1440_2880_mask.png
cropped_0006_label_0xjUoY7D_1_3840_1920.png,cropped_0006_label_0xjUoY7D_1_3840_1920_mask.png
cropped_0006_label_0xjUoY7D_1_2400_960.png,cropped_0006_label_0xjUoY7D_1_2400_960_mask.png
cropped_0006_label_0xjUoY7D_1_1440_0.png,cropped_0006_label_0xjUoY7D_1_1440_0_mask.png
cropped_0006_label_0xjUoY7D_1_480_1920.png,cropped_0006_label_0xjUoY7D_1_480_1920_mask.png
cropped_0006_label_0xjUoY7D_1_3360_2880.png,cropped_0006_label_0xjUoY7D_1_3360_2880_mask.png
cropped_00000001_3_3360_480.png,cropped_00000001_3_3360_480_mask.png
cropped_00000001_3_0_2880.png,cropped_00000001_3_0_2880_mask.png
cropped_00000001_3_2400_1440.png,cropped_00000001_3_2400_1440_mask.png
cropped_00000001_3_1440_960.png,cropped_00000001_3_1440_960_mask.png
cropped_00000001_3_480_2880.png,cropped_00000001_3_480_2880_mask.png
cropped_00000001_3_2880_1920.png,cropped_00000001_3_2880_1920_mask.png
cropped_00000001_3_960_2880.png,cropped_00000001_3_960_2880_mask.png
cropped_00000001_3_2400_2880.png,cropped_00000001_3_2400_2880_mask.png
cropped_00000001_3_0_480.png,cropped_00000001_3_0_480_mask.png
cropped_00000001_3_960_1920.png,cropped_00000001_3_960_1920_mask.png
cropped_00000001_3_1440_2880.png,cropped_00000001_3_1440_2880_mask.png
cropped_00000001_3_960_0.png,cropped_00000001_3_960_0_mask.png
cropped_00000001_3_0_2400.png,cropped_00000001_3_0_2400_mask.png
cropped_00000001_3_3360_1440.png,cropped_00000001_3_3360_1440_mask.png
cropped_00000001_3_0_960.png,cropped_00000001_3_0_960_mask.png
cropped_00000001_3_0_1920.png,cropped_00000001_3_0_1920_mask.png
cropped_00000027_1_960_1920.png,cropped_00000027_1_960_1920_mask.png
cropped_00000027_1_1920_960.png,cropped_00000027_1_1920_960_mask.png
cropped_00000027_1_1440_2400.png,cropped_00000027_1_1440_2400_mask.png
cropped_00000027_1_2400_1440.png,cropped_00000027_1_2400_1440_mask.png
cropped_00000027_1_480_2880.png,cropped_00000027_1_480_2880_mask.png
cropped_00000027_1_960_0.png,cropped_00000027_1_960_0_mask.png
cropped_00000027_1_3840_0.png,cropped_00000027_1_3840_0_mask.png
cropped_00000027_1_2880_1440.png,cropped_00000027_1_2880_1440_mask.png
cropped_00000027_1_3840_960.png,cropped_00000027_1_3840_960_mask.png
cropped_00000027_1_1920_0.png,cropped_00000027_1_1920_0_mask.png
cropped_00000027_1_1440_2880.png,cropped_00000027_1_1440_2880_mask.png
cropped_00000027_1_480_960.png,cropped_00000027_1_480_960_mask.png
cropped_00000027_1_3360_1440.png,cropped_00000027_1_3360_1440_mask.png
cropped_00000027_1_480_1440.png,cropped_00000027_1_480_1440_mask.png
cropped_00000027_1_3360_1920.png,cropped_00000027_1_3360_1920_mask.png
cropped_00000027_1_2400_2880.png,cropped_00000027_1_2400_2880_mask.png
cropped_0017_label_1XDZxhBC_480_1440.png,cropped_0017_label_1XDZxhBC_480_1440_mask.png
cropped_0017_label_1XDZxhBC_480_1920.png,cropped_0017_label_1XDZxhBC_480_1920_mask.png
cropped_0017_label_1XDZxhBC_0_2880.png,cropped_0017_label_1XDZxhBC_0_2880_mask.png
cropped_0017_label_1XDZxhBC_2880_960.png,cropped_0017_label_1XDZxhBC_2880_960_mask.png
cropped_0017_label_1XDZxhBC_1440_0.png,cropped_0017_label_1XDZxhBC_1440_0_mask.png
cropped_0017_label_1XDZxhBC_480_480.png,cropped_0017_label_1XDZxhBC_480_480_mask.png
cropped_0017_label_1XDZxhBC_960_2400.png,cropped_0017_label_1XDZxhBC_960_2400_mask.png
cropped_0017_label_1XDZxhBC_480_0.png,cropped_0017_label_1XDZxhBC_480_0_mask.png
cropped_0017_label_1XDZxhBC_2400_960.png,cropped_0017_label_1XDZxhBC_2400_960_mask.png
cropped_0017_label_1XDZxhBC_2400_2400.png,cropped_0017_label_1XDZxhBC_2400_2400_mask.png
cropped_0017_label_1XDZxhBC_2400_480.png,cropped_0017_label_1XDZxhBC_2400_480_mask.png
cropped_0017_label_1XDZxhBC_1440_2880.png,cropped_0017_label_1XDZxhBC_1440_2880_mask.png
cropped_0017_label_1XDZxhBC_1920_1440.png,cropped_0017_label_1XDZxhBC_1920_1440_mask.png
cropped_0017_label_1XDZxhBC_3360_1440.png,cropped_0017_label_1XDZxhBC_3360_1440_mask.png
cropped_0017_label_1XDZxhBC_1920_2400.png,cropped_0017_label_1XDZxhBC_1920_2400_mask.png
cropped_0017_label_1XDZxhBC_3360_2880.png,cropped_0017_label_1XDZxhBC_3360_2880_mask.png
cropped_0017_label_1XDZxhBC_960_960.png,cropped_0017_label_1XDZxhBC_960_960_mask.png
cropped_0017_label_1XDZxhBC_2880_1920.png,cropped_0017_label_1XDZxhBC_2880_1920_mask.png
cropped_0017_label_1XDZxhBC_1920_2880.png,cropped_0017_label_1XDZxhBC_1920_2880_mask.png
cropped_0017_label_1XDZxhBC_1440_1440.png,cropped_0017_label_1XDZxhBC_1440_1440_mask.png
cropped_0003_label_WgYVYe3Q_3360_1440.png,cropped_0003_label_WgYVYe3Q_3360_1440_mask.png
cropped_0003_label_WgYVYe3Q_480_960.png,cropped_0003_label_WgYVYe3Q_480_960_mask.png
cropped_0003_label_WgYVYe3Q_3840_2880.png,cropped_0003_label_WgYVYe3Q_3840_2880_mask.png
cropped_0003_label_WgYVYe3Q_1440_2880.png,cropped_0003_label_WgYVYe3Q_1440_2880_mask.png
cropped_0003_label_WgYVYe3Q_3360_2400.png,cropped_0003_label_WgYVYe3Q_3360_2400_mask.png
cropped_0003_label_WgYVYe3Q_960_1440.png,cropped_0003_label_WgYVYe3Q_960_1440_mask.png
cropped_0003_label_WgYVYe3Q_2880_480.png,cropped_0003_label_WgYVYe3Q_2880_480_mask.png
cropped_0003_label_WgYVYe3Q_2880_0.png,cropped_0003_label_WgYVYe3Q_2880_0_mask.png
cropped_0003_label_WgYVYe3Q_960_2880.png,cropped_0003_label_WgYVYe3Q_960_2880_mask.png
cropped_0003_label_WgYVYe3Q_2880_2400.png,cropped_0003_label_WgYVYe3Q_2880_2400_mask.png
cropped_0003_label_WgYVYe3Q_3360_480.png,cropped_0003_label_WgYVYe3Q_3360_480_mask.png
cropped_0003_label_WgYVYe3Q_0_1440.png,cropped_0003_label_WgYVYe3Q_0_1440_mask.png
cropped_0003_label_WgYVYe3Q_480_1440.png,cropped_0003_label_WgYVYe3Q_480_1440_mask.png
cropped_0003_label_WgYVYe3Q_2880_1920.png,cropped_0003_label_WgYVYe3Q_2880_1920_mask.png
cropped_0003_label_WgYVYe3Q_2880_1440.png,cropped_0003_label_WgYVYe3Q_2880_1440_mask.png
cropped_0003_label_WgYVYe3Q_2400_2400.png,cropped_0003_label_WgYVYe3Q_2400_2400_mask.png
cropped_0003_label_WgYVYe3Q_480_2400.png,cropped_0003_label_WgYVYe3Q_480_2400_mask.png
cropped_0003_label_WgYVYe3Q_0_2400.png,cropped_0003_label_WgYVYe3Q_0_2400_mask.png
cropped_0003_label_WgYVYe3Q_3360_1920.png,cropped_0003_label_WgYVYe3Q_3360_1920_mask.png
cropped_0003_label_WgYVYe3Q_480_480.png,cropped_0003_label_WgYVYe3Q_480_480_mask.png
cropped_0003_label_WgYVYe3Q_480_2880.png,cropped_0003_label_WgYVYe3Q_480_2880_mask.png
cropped_0001_label_FCjmsocM_1440_1440.png,cropped_0001_label_FCjmsocM_1440_1440_mask.png
cropped_0001_label_FCjmsocM_3360_480.png,cropped_0001_label_FCjmsocM_3360_480_mask.png
cropped_0001_label_FCjmsocM_1920_1920.png,cropped_0001_label_FCjmsocM_1920_1920_mask.png
cropped_0001_label_FCjmsocM_2880_2400.png,cropped_0001_label_FCjmsocM_2880_2400_mask.png
cropped_0001_label_FCjmsocM_480_480.png,cropped_0001_label_FCjmsocM_480_480_mask.png
cropped_0001_label_FCjmsocM_3840_1440.png,cropped_0001_label_FCjmsocM_3840_1440_mask.png
cropped_0001_label_FCjmsocM_0_1920.png,cropped_0001_label_FCjmsocM_0_1920_mask.png
cropped_0001_label_FCjmsocM_2880_480.png,cropped_0001_label_FCjmsocM_2880_480_mask.png
cropped_0001_label_FCjmsocM_1440_480.png,cropped_0001_label_FCjmsocM_1440_480_mask.png
cropped_0001_label_FCjmsocM_3840_480.png,cropped_0001_label_FCjmsocM_3840_480_mask.png
cropped_0001_label_FCjmsocM_1920_2880.png,cropped_0001_label_FCjmsocM_1920_2880_mask.png
cropped_0001_label_FCjmsocM_480_1920.png,cropped_0001_label_FCjmsocM_480_1920_mask.png
cropped_0001_label_FCjmsocM_0_0.png,cropped_0001_label_FCjmsocM_0_0_mask.png
cropped_0001_label_FCjmsocM_960_0.png,cropped_0001_label_FCjmsocM_960_0_mask.png
cropped_0001_label_FCjmsocM_3840_2400.png,cropped_0001_label_FCjmsocM_3840_2400_mask.png
cropped_0001_label_FCjmsocM_1440_2880.png,cropped_0001_label_FCjmsocM_1440_2880_mask.png
cropped_0001_label_FCjmsocM_1920_480.png,cropped_0001_label_FCjmsocM_1920_480_mask.png
cropped_00000001_2400_1440.png,cropped_00000001_2400_1440_mask.png
cropped_00000001_3840_2880.png,cropped_00000001_3840_2880_mask.png
cropped_00000001_1920_0.png,cropped_00000001_1920_0_mask.png
cropped_00000001_1920_480.png,cropped_00000001_1920_480_mask.png
cropped_00000001_0_1440.png,cropped_00000001_0_1440_mask.png
cropped_00000001_0_960.png,cropped_00000001_0_960_mask.png
cropped_00000001_480_0.png,cropped_00000001_480_0_mask.png
cropped_00000001_1440_1920.png,cropped_00000001_1440_1920_mask.png
cropped_00000001_3360_480.png,cropped_00000001_3360_480_mask.png
cropped_00000001_2400_2400.png,cropped_00000001_2400_2400_mask.png
cropped_00000001_3360_1440.png,cropped_00000001_3360_1440_mask.png
cropped_00000001_3840_480.png,cropped_00000001_3840_480_mask.png
cropped_00000013_4_1440_2880.png,cropped_00000013_4_1440_2880_mask.png
cropped_00000013_4_1920_480.png,cropped_00000013_4_1920_480_mask.png
cropped_00000013_4_0_960.png,cropped_00000013_4_0_960_mask.png
cropped_00000013_4_480_1920.png,cropped_00000013_4_480_1920_mask.png
cropped_00000013_4_3360_1440.png,cropped_00000013_4_3360_1440_mask.png
cropped_00000013_4_2400_2880.png,cropped_00000013_4_2400_2880_mask.png
cropped_00000013_4_480_960.png,cropped_00000013_4_480_960_mask.png
cropped_00000013_4_1920_1440.png,cropped_00000013_4_1920_1440_mask.png
cropped_00000013_4_3360_480.png,cropped_00000013_4_3360_480_mask.png
cropped_00000013_4_3840_1440.png,cropped_00000013_4_3840_1440_mask.png
cropped_00000013_4_480_2400.png,cropped_00000013_4_480_2400_mask.png
cropped_00000013_4_2400_0.png,cropped_00000013_4_2400_0_mask.png
cropped_00000013_4_0_2400.png,cropped_00000013_4_0_2400_mask.png
cropped_0004_label_5YuL3VcR_480_1440.png,cropped_0004_label_5YuL3VcR_480_1440_mask.png
cropped_0004_label_5YuL3VcR_1440_2400.png,cropped_0004_label_5YuL3VcR_1440_2400_mask.png
cropped_0004_label_5YuL3VcR_960_960.png,cropped_0004_label_5YuL3VcR_960_960_mask.png
cropped_0004_label_5YuL3VcR_2880_2880.png,cropped_0004_label_5YuL3VcR_2880_2880_mask.png
cropped_0004_label_5YuL3VcR_0_960.png,cropped_0004_label_5YuL3VcR_0_960_mask.png
cropped_0004_label_5YuL3VcR_3840_960.png,cropped_0004_label_5YuL3VcR_3840_960_mask.png
cropped_0004_label_5YuL3VcR_1920_960.png,cropped_0004_label_5YuL3VcR_1920_960_mask.png
cropped_0004_label_5YuL3VcR_960_2400.png,cropped_0004_label_5YuL3VcR_960_2400_mask.png
cropped_0004_label_5YuL3VcR_1920_1920.png,cropped_0004_label_5YuL3VcR_1920_1920_mask.png
cropped_0004_label_5YuL3VcR_1440_960.png,cropped_0004_label_5YuL3VcR_1440_960_mask.png
cropped_0004_label_5YuL3VcR_3360_960.png,cropped_0004_label_5YuL3VcR_3360_960_mask.png
cropped_0004_label_5YuL3VcR_1920_1440.png,cropped_0004_label_5YuL3VcR_1920_1440_mask.png
cropped_0004_label_5YuL3VcR_2880_960.png,cropped_0004_label_5YuL3VcR_2880_960_mask.png
cropped_0004_label_5YuL3VcR_2400_480.png,cropped_0004_label_5YuL3VcR_2400_480_mask.png
cropped_0004_label_5YuL3VcR_1440_0.png,cropped_0004_label_5YuL3VcR_1440_0_mask.png
cropped_0004_label_5YuL3VcR_480_1920.png,cropped_0004_label_5YuL3VcR_480_1920_mask.png
cropped_0004_label_5YuL3VcR_3360_0.png,cropped_0004_label_5YuL3VcR_3360_0_mask.png
cropped_0004_label_5YuL3VcR_1440_480.png,cropped_0004_label_5YuL3VcR_1440_480_mask.png
cropped_0004_label_5YuL3VcR_3840_480.png,cropped_0004_label_5YuL3VcR_3840_480_mask.png
cropped_0008_label_ckrYP90D_480_2400.png,cropped_0008_label_ckrYP90D_480_2400_mask.png
cropped_0008_label_ckrYP90D_3360_960.png,cropped_0008_label_ckrYP90D_3360_960_mask.png
cropped_0008_label_ckrYP90D_3360_1920.png,cropped_0008_label_ckrYP90D_3360_1920_mask.png
cropped_0008_label_ckrYP90D_1920_1440.png,cropped_0008_label_ckrYP90D_1920_1440_mask.png
cropped_0008_label_ckrYP90D_1920_480.png,cropped_0008_label_ckrYP90D_1920_480_mask.png
cropped_0008_label_ckrYP90D_2400_960.png,cropped_0008_label_ckrYP90D_2400_960_mask.png
cropped_0008_label_ckrYP90D_2400_480.png,cropped_0008_label_ckrYP90D_2400_480_mask.png
cropped_0008_label_ckrYP90D_480_2880.png,cropped_0008_label_ckrYP90D_480_2880_mask.png
cropped_0008_label_ckrYP90D_1440_2400.png,cropped_0008_label_ckrYP90D_1440_2400_mask.png
cropped_0008_label_ckrYP90D_1440_1920.png,cropped_0008_label_ckrYP90D_1440_1920_mask.png
cropped_0008_label_ckrYP90D_1920_1920.png,cropped_0008_label_ckrYP90D_1920_1920_mask.png
cropped_0008_label_ckrYP90D_1440_480.png,cropped_0008_label_ckrYP90D_1440_480_mask.png
cropped_0008_label_ckrYP90D_2880_0.png,cropped_0008_label_ckrYP90D_2880_0_mask.png
cropped_0008_label_ckrYP90D_2880_960.png,cropped_0008_label_ckrYP90D_2880_960_mask.png
cropped_0008_label_ckrYP90D_2400_0.png,cropped_0008_label_ckrYP90D_2400_0_mask.png
cropped_0008_label_ckrYP90D_0_960.png,cropped_0008_label_ckrYP90D_0_960_mask.png
cropped_0008_label_ckrYP90D_2400_1920.png,cropped_0008_label_ckrYP90D_2400_1920_mask.png
cropped_0008_label_ckrYP90D_2400_1440.png,cropped_0008_label_ckrYP90D_2400_1440_mask.png
cropped_0008_label_ckrYP90D_2880_1920.png,cropped_0008_label_ckrYP90D_2880_1920_mask.png
cropped_0008_label_ckrYP90D_960_1920.png,cropped_0008_label_ckrYP90D_960_1920_mask.png
cropped_0008_label_ckrYP90D_1440_1440.png,cropped_0008_label_ckrYP90D_1440_1440_mask.png
cropped_0008_label_ckrYP90D_0_1440.png,cropped_0008_label_ckrYP90D_0_1440_mask.png
cropped_0006_label_wFKL6cSt_1920_480.png,cropped_0006_label_wFKL6cSt_1920_480_mask.png
cropped_0006_label_wFKL6cSt_2880_2400.png,cropped_0006_label_wFKL6cSt_2880_2400_mask.png
cropped_0006_label_wFKL6cSt_2400_0.png,cropped_0006_label_wFKL6cSt_2400_0_mask.png
cropped_0006_label_wFKL6cSt_2880_2880.png,cropped_0006_label_wFKL6cSt_2880_2880_mask.png
cropped_0006_label_wFKL6cSt_3360_2400.png,cropped_0006_label_wFKL6cSt_3360_2400_mask.png
cropped_0006_label_wFKL6cSt_480_960.png,cropped_0006_label_wFKL6cSt_480_960_mask.png
cropped_0006_label_wFKL6cSt_1440_1440.png,cropped_0006_label_wFKL6cSt_1440_1440_mask.png
cropped_0006_label_wFKL6cSt_2400_1920.png,cropped_0006_label_wFKL6cSt_2400_1920_mask.png
cropped_0006_label_wFKL6cSt_0_1440.png,cropped_0006_label_wFKL6cSt_0_1440_mask.png
cropped_0006_label_wFKL6cSt_2880_480.png,cropped_0006_label_wFKL6cSt_2880_480_mask.png
cropped_0006_label_wFKL6cSt_2400_2880.png,cropped_0006_label_wFKL6cSt_2400_2880_mask.png
cropped_0006_label_wFKL6cSt_0_480.png,cropped_0006_label_wFKL6cSt_0_480_mask.png
cropped_0006_label_wFKL6cSt_480_1440.png,cropped_0006_label_wFKL6cSt_480_1440_mask.png
cropped_0006_label_wFKL6cSt_2400_480.png,cropped_0006_label_wFKL6cSt_2400_480_mask.png
cropped_0006_label_wFKL6cSt_3840_1440.png,cropped_0006_label_wFKL6cSt_3840_1440_mask.png
cropped_0006_label_wFKL6cSt_3840_1920.png,cropped_0006_label_wFKL6cSt_3840_1920_mask.png
cropped_0006_label_wFKL6cSt_1440_1920.png,cropped_0006_label_wFKL6cSt_1440_1920_mask.png
cropped_0014_label_uCXpTeJJ_3360_2880.png,cropped_0014_label_uCXpTeJJ_3360_2880_mask.png
cropped_0014_label_uCXpTeJJ_3840_960.png,cropped_0014_label_uCXpTeJJ_3840_960_mask.png
cropped_0014_label_uCXpTeJJ_0_1440.png,cropped_0014_label_uCXpTeJJ_0_1440_mask.png
cropped_0014_label_uCXpTeJJ_1440_960.png,cropped_0014_label_uCXpTeJJ_1440_960_mask.png
cropped_0014_label_uCXpTeJJ_3360_0.png,cropped_0014_label_uCXpTeJJ_3360_0_mask.png
cropped_0014_label_uCXpTeJJ_3360_2400.png,cropped_0014_label_uCXpTeJJ_3360_2400_mask.png
cropped_0014_label_uCXpTeJJ_0_960.png,cropped_0014_label_uCXpTeJJ_0_960_mask.png
cropped_0014_label_uCXpTeJJ_3360_1440.png,cropped_0014_label_uCXpTeJJ_3360_1440_mask.png
cropped_0014_label_uCXpTeJJ_1440_2880.png,cropped_0014_label_uCXpTeJJ_1440_2880_mask.png
cropped_0014_label_uCXpTeJJ_3360_480.png,cropped_0014_label_uCXpTeJJ_3360_480_mask.png
cropped_0014_label_uCXpTeJJ_0_1920.png,cropped_0014_label_uCXpTeJJ_0_1920_mask.png
cropped_0014_label_uCXpTeJJ_2880_480.png,cropped_0014_label_uCXpTeJJ_2880_480_mask.png
cropped_0014_label_uCXpTeJJ_2880_2880.png,cropped_0014_label_uCXpTeJJ_2880_2880_mask.png
cropped_0014_label_uCXpTeJJ_2880_1920.png,cropped_0014_label_uCXpTeJJ_2880_1920_mask.png
cropped_0014_label_uCXpTeJJ_1920_480.png,cropped_0014_label_uCXpTeJJ_1920_480_mask.png
cropped_0000_label_Pe712dpb_1920_2400.png,cropped_0000_label_Pe712dpb_1920_2400_mask.png
cropped_0000_label_Pe712dpb_2400_1440.png,cropped_0000_label_Pe712dpb_2400_1440_mask.png
cropped_0000_label_Pe712dpb_2880_1440.png,cropped_0000_label_Pe712dpb_2880_1440_mask.png
cropped_0000_label_Pe712dpb_1920_960.png,cropped_0000_label_Pe712dpb_1920_960_mask.png
cropped_0000_label_Pe712dpb_1920_480.png,cropped_0000_label_Pe712dpb_1920_480_mask.png
cropped_0000_label_Pe712dpb_3360_960.png,cropped_0000_label_Pe712dpb_3360_960_mask.png
cropped_0000_label_Pe712dpb_1920_0.png,cropped_0000_label_Pe712dpb_1920_0_mask.png
cropped_0000_label_Pe712dpb_2400_0.png,cropped_0000_label_Pe712dpb_2400_0_mask.png
cropped_0000_label_Pe712dpb_2400_480.png,cropped_0000_label_Pe712dpb_2400_480_mask.png
cropped_0000_label_Pe712dpb_480_2400.png,cropped_0000_label_Pe712dpb_480_2400_mask.png
cropped_0000_label_Pe712dpb_3840_0.png,cropped_0000_label_Pe712dpb_3840_0_mask.png
cropped_0013_label_Z4lINfjt_0_1440.png,cropped_0013_label_Z4lINfjt_0_1440_mask.png
cropped_0013_label_Z4lINfjt_480_960.png,cropped_0013_label_Z4lINfjt_480_960_mask.png
cropped_0013_label_Z4lINfjt_0_1920.png,cropped_0013_label_Z4lINfjt_0_1920_mask.png
cropped_0013_label_Z4lINfjt_2400_960.png,cropped_0013_label_Z4lINfjt_2400_960_mask.png
cropped_0013_label_Z4lINfjt_480_2880.png,cropped_0013_label_Z4lINfjt_480_2880_mask.png
cropped_0013_label_Z4lINfjt_3360_960.png,cropped_0013_label_Z4lINfjt_3360_960_mask.png
cropped_0013_label_Z4lINfjt_1440_2400.png,cropped_0013_label_Z4lINfjt_1440_2400_mask.png
cropped_0013_label_Z4lINfjt_1440_2880.png,cropped_0013_label_Z4lINfjt_1440_2880_mask.png
cropped_0013_label_Z4lINfjt_2400_1440.png,cropped_0013_label_Z4lINfjt_2400_1440_mask.png
cropped_0013_label_Z4lINfjt_2400_1920.png,cropped_0013_label_Z4lINfjt_2400_1920_mask.png
cropped_0013_label_Z4lINfjt_3360_0.png,cropped_0013_label_Z4lINfjt_3360_0_mask.png
cropped_0013_label_Z4lINfjt_2400_480.png,cropped_0013_label_Z4lINfjt_2400_480_mask.png
cropped_0013_label_Z4lINfjt_480_0.png,cropped_0013_label_Z4lINfjt_480_0_mask.png
cropped_0013_label_Z4lINfjt_480_2400.png,cropped_0013_label_Z4lINfjt_480_2400_mask.png
cropped_0013_label_Z4lINfjt_1440_0.png,cropped_0013_label_Z4lINfjt_1440_0_mask.png
cropped_0013_label_Z4lINfjt_960_960.png,cropped_0013_label_Z4lINfjt_960_960_mask.png
cropped_0010_label_GQ173MEa_480_480.png,cropped_0010_label_GQ173MEa_480_480_mask.png
cropped_0010_label_GQ173MEa_3360_1920.png,cropped_0010_label_GQ173MEa_3360_1920_mask.png
cropped_0010_label_GQ173MEa_480_1440.png,cropped_0010_label_GQ173MEa_480_1440_mask.png
cropped_0010_label_GQ173MEa_2400_1440.png,cropped_0010_label_GQ173MEa_2400_1440_mask.png
cropped_0010_label_GQ173MEa_3360_2880.png,cropped_0010_label_GQ173MEa_3360_2880_mask.png
cropped_0010_label_GQ173MEa_960_1920.png,cropped_0010_label_GQ173MEa_960_1920_mask.png
cropped_0010_label_GQ173MEa_1920_960.png,cropped_0010_label_GQ173MEa_1920_960_mask.png
cropped_0010_label_GQ173MEa_2400_2400.png,cropped_0010_label_GQ173MEa_2400_2400_mask.png
cropped_0010_label_GQ173MEa_1440_2880.png,cropped_0010_label_GQ173MEa_1440_2880_mask.png
cropped_0010_label_GQ173MEa_1440_480.png,cropped_0010_label_GQ173MEa_1440_480_mask.png
cropped_0010_label_GQ173MEa_960_2400.png,cropped_0010_label_GQ173MEa_960_2400_mask.png
cropped_0010_label_GQ173MEa_0_2880.png,cropped_0010_label_GQ173MEa_0_2880_mask.png
cropped_0010_label_GQ173MEa_3840_1440.png,cropped_0010_label_GQ173MEa_3840_1440_mask.png
cropped_0010_label_GQ173MEa_480_2880.png,cropped_0010_label_GQ173MEa_480_2880_mask.png
cropped_0010_label_GQ173MEa_3360_960.png,cropped_0010_label_GQ173MEa_3360_960_mask.png
cropped_0010_label_GQ173MEa_2880_0.png,cropped_0010_label_GQ173MEa_2880_0_mask.png
cropped_0010_label_GQ173MEa_1920_480.png,cropped_0010_label_GQ173MEa_1920_480_mask.png
cropped_0010_label_GQ173MEa_1440_960.png,cropped_0010_label_GQ173MEa_1440_960_mask.png
cropped_0010_label_GQ173MEa_2880_960.png,cropped_0010_label_GQ173MEa_2880_960_mask.png
cropped_0010_label_GQ173MEa_960_960.png,cropped_0010_label_GQ173MEa_960_960_mask.png
cropped_0010_label_GQ173MEa_1440_0.png,cropped_0010_label_GQ173MEa_1440_0_mask.png
cropped_0013_label_h2qBCL3Q_2880_480.png,cropped_0013_label_h2qBCL3Q_2880_480_mask.png
cropped_0013_label_h2qBCL3Q_3840_1440.png,cropped_0013_label_h2qBCL3Q_3840_1440_mask.png
cropped_0013_label_h2qBCL3Q_3840_2880.png,cropped_0013_label_h2qBCL3Q_3840_2880_mask.png
cropped_0013_label_h2qBCL3Q_2400_1440.png,cropped_0013_label_h2qBCL3Q_2400_1440_mask.png
cropped_0013_label_h2qBCL3Q_960_2400.png,cropped_0013_label_h2qBCL3Q_960_2400_mask.png
cropped_0013_label_h2qBCL3Q_2880_0.png,cropped_0013_label_h2qBCL3Q_2880_0_mask.png
cropped_0013_label_h2qBCL3Q_0_1440.png,cropped_0013_label_h2qBCL3Q_0_1440_mask.png
cropped_0013_label_h2qBCL3Q_2400_0.png,cropped_0013_label_h2qBCL3Q_2400_0_mask.png
cropped_0013_label_h2qBCL3Q_3840_1920.png,cropped_0013_label_h2qBCL3Q_3840_1920_mask.png
cropped_0013_label_h2qBCL3Q_2400_960.png,cropped_0013_label_h2qBCL3Q_2400_960_mask.png
cropped_0013_label_h2qBCL3Q_960_0.png,cropped_0013_label_h2qBCL3Q_960_0_mask.png
cropped_0013_label_h2qBCL3Q_480_0.png,cropped_0013_label_h2qBCL3Q_480_0_mask.png
cropped_0013_label_h2qBCL3Q_2880_1440.png,cropped_0013_label_h2qBCL3Q_2880_1440_mask.png
cropped_0013_label_h2qBCL3Q_1920_2400.png,cropped_0013_label_h2qBCL3Q_1920_2400_mask.png
cropped_0013_label_h2qBCL3Q_2400_1920.png,cropped_0013_label_h2qBCL3Q_2400_1920_mask.png
cropped_0013_label_h2qBCL3Q_2880_1920.png,cropped_0013_label_h2qBCL3Q_2880_1920_mask.png
cropped_0013_label_h2qBCL3Q_960_480.png,cropped_0013_label_h2qBCL3Q_960_480_mask.png
cropped_0013_label_h2qBCL3Q_2880_960.png,cropped_0013_label_h2qBCL3Q_2880_960_mask.png
cropped_0013_label_h2qBCL3Q_2400_480.png,cropped_0013_label_h2qBCL3Q_2400_480_mask.png
cropped_0005_label_F5Njd0Gq_1440_0.png,cropped_0005_label_F5Njd0Gq_1440_0_mask.png
cropped_0005_label_F5Njd0Gq_2880_960.png,cropped_0005_label_F5Njd0Gq_2880_960_mask.png
cropped_0005_label_F5Njd0Gq_1440_480.png,cropped_0005_label_F5Njd0Gq_1440_480_mask.png
cropped_0005_label_F5Njd0Gq_0_2400.png,cropped_0005_label_F5Njd0Gq_0_2400_mask.png
cropped_0005_label_F5Njd0Gq_2880_2400.png,cropped_0005_label_F5Njd0Gq_2880_2400_mask.png
cropped_0005_label_F5Njd0Gq_1440_2880.png,cropped_0005_label_F5Njd0Gq_1440_2880_mask.png
cropped_0005_label_F5Njd0Gq_0_0.png,cropped_0005_label_F5Njd0Gq_0_0_mask.png
cropped_0005_label_F5Njd0Gq_1440_1920.png,cropped_0005_label_F5Njd0Gq_1440_1920_mask.png
cropped_0005_label_F5Njd0Gq_3840_2880.png,cropped_0005_label_F5Njd0Gq_3840_2880_mask.png
cropped_0005_label_F5Njd0Gq_960_1440.png,cropped_0005_label_F5Njd0Gq_960_1440_mask.png
cropped_0005_label_F5Njd0Gq_1920_1440.png,cropped_0005_label_F5Njd0Gq_1920_1440_mask.png
cropped_0005_label_F5Njd0Gq_480_960.png,cropped_0005_label_F5Njd0Gq_480_960_mask.png
cropped_0005_label_F5Njd0Gq_1440_2400.png,cropped_0005_label_F5Njd0Gq_1440_2400_mask.png
cropped_0005_label_F5Njd0Gq_3360_1920.png,cropped_0005_label_F5Njd0Gq_3360_1920_mask.png
cropped_0005_label_F5Njd0Gq_1920_2400.png,cropped_0005_label_F5Njd0Gq_1920_2400_mask.png
cropped_0005_label_F5Njd0Gq_1440_1440.png,cropped_0005_label_F5Njd0Gq_1440_1440_mask.png
cropped_00000015_2880_1440.png,cropped_00000015_2880_1440_mask.png
cropped_00000015_1920_1920.png,cropped_00000015_1920_1920_mask.png
cropped_00000015_0_1920.png,cropped_00000015_0_1920_mask.png
cropped_00000015_960_2880.png,cropped_00000015_960_2880_mask.png
cropped_00000015_3840_2880.png,cropped_00000015_3840_2880_mask.png
cropped_00000015_1920_2880.png,cropped_00000015_1920_2880_mask.png
cropped_00000015_2400_960.png,cropped_00000015_2400_960_mask.png
cropped_00000015_2880_1920.png,cropped_00000015_2880_1920_mask.png
cropped_00000015_1440_480.png,cropped_00000015_1440_480_mask.png
cropped_00000015_1440_0.png,cropped_00000015_1440_0_mask.png
cropped_00000015_0_480.png,cropped_00000015_0_480_mask.png
cropped_00000015_480_2880.png,cropped_00000015_480_2880_mask.png
cropped_00000015_3840_960.png,cropped_00000015_3840_960_mask.png
cropped_00000015_1440_2880.png,cropped_00000015_1440_2880_mask.png
cropped_00000015_3360_480.png,cropped_00000015_3360_480_mask.png
cropped_0004_label_Y0sRpXgl_1440_1920.png,cropped_0004_label_Y0sRpXgl_1440_1920_mask.png
cropped_0004_label_Y0sRpXgl_1440_0.png,cropped_0004_label_Y0sRpXgl_1440_0_mask.png
cropped_0004_label_Y0sRpXgl_480_480.png,cropped_0004_label_Y0sRpXgl_480_480_mask.png
cropped_0004_label_Y0sRpXgl_2880_1440.png,cropped_0004_label_Y0sRpXgl_2880_1440_mask.png
cropped_0004_label_Y0sRpXgl_1440_1440.png,cropped_0004_label_Y0sRpXgl_1440_1440_mask.png
cropped_0004_label_Y0sRpXgl_2400_960.png,cropped_0004_label_Y0sRpXgl_2400_960_mask.png
cropped_0004_label_Y0sRpXgl_3360_0.png,cropped_0004_label_Y0sRpXgl_3360_0_mask.png
cropped_0004_label_Y0sRpXgl_960_0.png,cropped_0004_label_Y0sRpXgl_960_0_mask.png
cropped_0004_label_Y0sRpXgl_0_1920.png,cropped_0004_label_Y0sRpXgl_0_1920_mask.png
cropped_0004_label_Y0sRpXgl_0_0.png,cropped_0004_label_Y0sRpXgl_0_0_mask.png
cropped_0004_label_Y0sRpXgl_2880_0.png,cropped_0004_label_Y0sRpXgl_2880_0_mask.png
cropped_0004_label_Y0sRpXgl_480_0.png,cropped_0004_label_Y0sRpXgl_480_0_mask.png
cropped_0004_label_Y0sRpXgl_1920_480.png,cropped_0004_label_Y0sRpXgl_1920_480_mask.png
cropped_0004_label_Y0sRpXgl_3360_1440.png,cropped_0004_label_Y0sRpXgl_3360_1440_mask.png
cropped_0004_label_Y0sRpXgl_1920_1440.png,cropped_0004_label_Y0sRpXgl_1920_1440_mask.png
cropped_0004_label_Y0sRpXgl_1920_1920.png,cropped_0004_label_Y0sRpXgl_1920_1920_mask.png
cropped_0004_label_Y0sRpXgl_3360_2880.png,cropped_0004_label_Y0sRpXgl_3360_2880_mask.png
cropped_0004_label_Y0sRpXgl_480_2400.png,cropped_0004_label_Y0sRpXgl_480_2400_mask.png
cropped_0004_label_Y0sRpXgl_1920_2400.png,cropped_0004_label_Y0sRpXgl_1920_2400_mask.png
cropped_0004_label_Y0sRpXgl_2880_960.png,cropped_0004_label_Y0sRpXgl_2880_960_mask.png
cropped_0007_label_FCjmsocM_1920_480.png,cropped_0007_label_FCjmsocM_1920_480_mask.png
cropped_0007_label_FCjmsocM_3840_1440.png,cropped_0007_label_FCjmsocM_3840_1440_mask.png
cropped_0007_label_FCjmsocM_3840_2400.png,cropped_0007_label_FCjmsocM_3840_2400_mask.png
cropped_0007_label_FCjmsocM_960_480.png,cropped_0007_label_FCjmsocM_960_480_mask.png
cropped_0007_label_FCjmsocM_1440_1440.png,cropped_0007_label_FCjmsocM_1440_1440_mask.png
cropped_0007_label_FCjmsocM_1920_2880.png,cropped_0007_label_FCjmsocM_1920_2880_mask.png
cropped_0007_label_FCjmsocM_3360_0.png,cropped_0007_label_FCjmsocM_3360_0_mask.png
cropped_0007_label_FCjmsocM_1440_960.png,cropped_0007_label_FCjmsocM_1440_960_mask.png
cropped_0007_label_FCjmsocM_3840_1920.png,cropped_0007_label_FCjmsocM_3840_1920_mask.png
cropped_0007_label_FCjmsocM_2880_960.png,cropped_0007_label_FCjmsocM_2880_960_mask.png
cropped_0007_label_FCjmsocM_1920_0.png,cropped_0007_label_FCjmsocM_1920_0_mask.png
cropped_0007_label_FCjmsocM_2400_1920.png,cropped_0007_label_FCjmsocM_2400_1920_mask.png
cropped_0007_label_FCjmsocM_0_1440.png,cropped_0007_label_FCjmsocM_0_1440_mask.png
cropped_0007_label_FCjmsocM_1440_2880.png,cropped_0007_label_FCjmsocM_1440_2880_mask.png
cropped_0007_label_FCjmsocM_3360_1440.png,cropped_0007_label_FCjmsocM_3360_1440_mask.png
cropped_0007_label_FCjmsocM_480_1440.png,cropped_0007_label_FCjmsocM_480_1440_mask.png
cropped_0007_label_FCjmsocM_1440_1920.png,cropped_0007_label_FCjmsocM_1440_1920_mask.png
cropped_0007_label_FCjmsocM_960_1920.png,cropped_0007_label_FCjmsocM_960_1920_mask.png
cropped_0007_label_FCjmsocM_960_960.png,cropped_0007_label_FCjmsocM_960_960_mask.png
cropped_0000_label_ouHctxiB_1440_960.png,cropped_0000_label_ouHctxiB_1440_960_mask.png
cropped_0000_label_ouHctxiB_0_1440.png,cropped_0000_label_ouHctxiB_0_1440_mask.png
cropped_0000_label_ouHctxiB_2400_480.png,cropped_0000_label_ouHctxiB_2400_480_mask.png
cropped_0000_label_ouHctxiB_2400_2400.png,cropped_0000_label_ouHctxiB_2400_2400_mask.png
cropped_0000_label_ouHctxiB_960_1920.png,cropped_0000_label_ouHctxiB_960_1920_mask.png
cropped_0000_label_ouHctxiB_2880_2880.png,cropped_0000_label_ouHctxiB_2880_2880_mask.png
cropped_0000_label_ouHctxiB_480_960.png,cropped_0000_label_ouHctxiB_480_960_mask.png
cropped_0000_label_ouHctxiB_960_2400.png,cropped_0000_label_ouHctxiB_960_2400_mask.png
cropped_0000_label_ouHctxiB_2880_480.png,cropped_0000_label_ouHctxiB_2880_480_mask.png
cropped_0000_label_ouHctxiB_3840_1920.png,cropped_0000_label_ouHctxiB_3840_1920_mask.png
cropped_0000_label_ouHctxiB_2400_1440.png,cropped_0000_label_ouHctxiB_2400_1440_mask.png
cropped_0000_label_ouHctxiB_3840_0.png,cropped_0000_label_ouHctxiB_3840_0_mask.png
cropped_0000_label_ouHctxiB_960_960.png,cropped_0000_label_ouHctxiB_960_960_mask.png
cropped_0000_label_ouHctxiB_2880_2400.png,cropped_0000_label_ouHctxiB_2880_2400_mask.png
cropped_0000_label_ouHctxiB_0_2400.png,cropped_0000_label_ouHctxiB_0_2400_mask.png
cropped_0000_label_ouHctxiB_960_480.png,cropped_0000_label_ouHctxiB_960_480_mask.png
cropped_0000_label_ouHctxiB_0_2880.png,cropped_0000_label_ouHctxiB_0_2880_mask.png
cropped_0000_label_ouHctxiB_2400_960.png,cropped_0000_label_ouHctxiB_2400_960_mask.png
cropped_0000_label_ouHctxiB_3360_960.png,cropped_0000_label_ouHctxiB_3360_960_mask.png
cropped_0007_label_h2qBCL3Q_3840_1440.png,cropped_0007_label_h2qBCL3Q_3840_1440_mask.png
cropped_0007_label_h2qBCL3Q_960_0.png,cropped_0007_label_h2qBCL3Q_960_0_mask.png
cropped_0007_label_h2qBCL3Q_480_2400.png,cropped_0007_label_h2qBCL3Q_480_2400_mask.png
cropped_0007_label_h2qBCL3Q_3840_1920.png,cropped_0007_label_h2qBCL3Q_3840_1920_mask.png
cropped_0007_label_h2qBCL3Q_2400_0.png,cropped_0007_label_h2qBCL3Q_2400_0_mask.png
cropped_0007_label_h2qBCL3Q_1920_1440.png,cropped_0007_label_h2qBCL3Q_1920_1440_mask.png
cropped_0007_label_h2qBCL3Q_0_1920.png,cropped_0007_label_h2qBCL3Q_0_1920_mask.png
cropped_0007_label_h2qBCL3Q_480_1920.png,cropped_0007_label_h2qBCL3Q_480_1920_mask.png
cropped_0007_label_h2qBCL3Q_0_2400.png,cropped_0007_label_h2qBCL3Q_0_2400_mask.png
cropped_0007_label_h2qBCL3Q_3840_960.png,cropped_0007_label_h2qBCL3Q_3840_960_mask.png
cropped_0007_label_h2qBCL3Q_3360_0.png,cropped_0007_label_h2qBCL3Q_3360_0_mask.png
cropped_0007_label_h2qBCL3Q_0_1440.png,cropped_0007_label_h2qBCL3Q_0_1440_mask.png
cropped_0007_label_h2qBCL3Q_960_2400.png,cropped_0007_label_h2qBCL3Q_960_2400_mask.png
cropped_0007_label_h2qBCL3Q_480_1440.png,cropped_0007_label_h2qBCL3Q_480_1440_mask.png
cropped_0007_label_h2qBCL3Q_480_960.png,cropped_0007_label_h2qBCL3Q_480_960_mask.png
cropped_0007_label_h2qBCL3Q_2880_1440.png,cropped_0007_label_h2qBCL3Q_2880_1440_mask.png
cropped_0007_label_h2qBCL3Q_3840_480.png,cropped_0007_label_h2qBCL3Q_3840_480_mask.png
cropped_0007_label_h2qBCL3Q_3840_2400.png,cropped_0007_label_h2qBCL3Q_3840_2400_mask.png
cropped_0007_label_h2qBCL3Q_480_480.png,cropped_0007_label_h2qBCL3Q_480_480_mask.png
cropped_0012_label_5YuL3VcR_2880_480.png,cropped_0012_label_5YuL3VcR_2880_480_mask.png
cropped_0012_label_5YuL3VcR_960_2400.png,cropped_0012_label_5YuL3VcR_960_2400_mask.png
cropped_0012_label_5YuL3VcR_1920_1440.png,cropped_0012_label_5YuL3VcR_1920_1440_mask.png
cropped_0012_label_5YuL3VcR_960_960.png,cropped_0012_label_5YuL3VcR_960_960_mask.png
cropped_0012_label_5YuL3VcR_2400_0.png,cropped_0012_label_5YuL3VcR_2400_0_mask.png
cropped_0012_label_5YuL3VcR_0_2880.png,cropped_0012_label_5YuL3VcR_0_2880_mask.png
cropped_0012_label_5YuL3VcR_1920_960.png,cropped_0012_label_5YuL3VcR_1920_960_mask.png
cropped_0012_label_5YuL3VcR_3360_1440.png,cropped_0012_label_5YuL3VcR_3360_1440_mask.png
cropped_0012_label_5YuL3VcR_960_2880.png,cropped_0012_label_5YuL3VcR_960_2880_mask.png
cropped_0012_label_5YuL3VcR_1440_2880.png,cropped_0012_label_5YuL3VcR_1440_2880_mask.png
cropped_0012_label_5YuL3VcR_960_1920.png,cropped_0012_label_5YuL3VcR_960_1920_mask.png
cropped_0012_label_5YuL3VcR_960_1440.png,cropped_0012_label_5YuL3VcR_960_1440_mask.png
cropped_0012_label_5YuL3VcR_0_960.png,cropped_0012_label_5YuL3VcR_0_960_mask.png
cropped_0012_label_5YuL3VcR_3360_960.png,cropped_0012_label_5YuL3VcR_3360_960_mask.png
cropped_0012_label_5YuL3VcR_1440_2400.png,cropped_0012_label_5YuL3VcR_1440_2400_mask.png
cropped_0012_label_5YuL3VcR_480_960.png,cropped_0012_label_5YuL3VcR_480_960_mask.png
cropped_0012_label_5YuL3VcR_1920_1920.png,cropped_0012_label_5YuL3VcR_1920_1920_mask.png
cropped_0012_label_5YuL3VcR_1440_1440.png,cropped_0012_label_5YuL3VcR_1440_1440_mask.png
cropped_0012_label_5YuL3VcR_1440_1920.png,cropped_0012_label_5YuL3VcR_1440_1920_mask.png
cropped_0012_label_5YuL3VcR_2880_1920.png,cropped_0012_label_5YuL3VcR_2880_1920_mask.png
cropped_0012_label_5YuL3VcR_480_2880.png,cropped_0012_label_5YuL3VcR_480_2880_mask.png
cropped_0012_label_5YuL3VcR_480_2400.png,cropped_0012_label_5YuL3VcR_480_2400_mask.png
cropped_0012_label_5YuL3VcR_1440_960.png,cropped_0012_label_5YuL3VcR_1440_960_mask.png
cropped_0012_label_5YuL3VcR_1920_0.png,cropped_0012_label_5YuL3VcR_1920_0_mask.png
cropped_0012_label_5YuL3VcR_3840_1920.png,cropped_0012_label_5YuL3VcR_3840_1920_mask.png
cropped_0012_label_5YuL3VcR_3840_2400.png,cropped_0012_label_5YuL3VcR_3840_2400_mask.png
cropped_0002_label_iSVx22hl_1920_2400.png,cropped_0002_label_iSVx22hl_1920_2400_mask.png
cropped_0002_label_iSVx22hl_3360_0.png,cropped_0002_label_iSVx22hl_3360_0_mask.png
cropped_0002_label_iSVx22hl_2400_1440.png,cropped_0002_label_iSVx22hl_2400_1440_mask.png
cropped_0002_label_iSVx22hl_0_2880.png,cropped_0002_label_iSVx22hl_0_2880_mask.png
cropped_0002_label_iSVx22hl_480_480.png,cropped_0002_label_iSVx22hl_480_480_mask.png
cropped_0002_label_iSVx22hl_3360_2880.png,cropped_0002_label_iSVx22hl_3360_2880_mask.png
cropped_0002_label_iSVx22hl_2400_2880.png,cropped_0002_label_iSVx22hl_2400_2880_mask.png
cropped_0002_label_iSVx22hl_0_960.png,cropped_0002_label_iSVx22hl_0_960_mask.png
cropped_0002_label_iSVx22hl_2400_1920.png,cropped_0002_label_iSVx22hl_2400_1920_mask.png
cropped_0002_label_iSVx22hl_1920_480.png,cropped_0002_label_iSVx22hl_1920_480_mask.png
cropped_0002_label_iSVx22hl_3840_2400.png,cropped_0002_label_iSVx22hl_3840_2400_mask.png
cropped_0002_label_iSVx22hl_960_0.png,cropped_0002_label_iSVx22hl_960_0_mask.png
cropped_0002_label_iSVx22hl_2880_480.png,cropped_0002_label_iSVx22hl_2880_480_mask.png
cropped_0002_label_iSVx22hl_2880_1440.png,cropped_0002_label_iSVx22hl_2880_1440_mask.png
cropped_0014_label_h2qBCL3Q_2400_2400.png,cropped_0014_label_h2qBCL3Q_2400_2400_mask.png
cropped_0014_label_h2qBCL3Q_2880_1440.png,cropped_0014_label_h2qBCL3Q_2880_1440_mask.png
cropped_0014_label_h2qBCL3Q_3360_960.png,cropped_0014_label_h2qBCL3Q_3360_960_mask.png
cropped_0014_label_h2qBCL3Q_0_2880.png,cropped_0014_label_h2qBCL3Q_0_2880_mask.png
cropped_0014_label_h2qBCL3Q_960_2880.png,cropped_0014_label_h2qBCL3Q_960_2880_mask.png
cropped_0014_label_h2qBCL3Q_0_1440.png,cropped_0014_label_h2qBCL3Q_0_1440_mask.png
cropped_0014_label_h2qBCL3Q_480_480.png,cropped_0014_label_h2qBCL3Q_480_480_mask.png
cropped_0014_label_h2qBCL3Q_2400_1920.png,cropped_0014_label_h2qBCL3Q_2400_1920_mask.png
cropped_0014_label_h2qBCL3Q_480_960.png,cropped_0014_label_h2qBCL3Q_480_960_mask.png
cropped_0014_label_h2qBCL3Q_2880_480.png,cropped_0014_label_h2qBCL3Q_2880_480_mask.png
cropped_0014_label_h2qBCL3Q_2880_1920.png,cropped_0014_label_h2qBCL3Q_2880_1920_mask.png
cropped_0014_label_h2qBCL3Q_3360_2400.png,cropped_0014_label_h2qBCL3Q_3360_2400_mask.png
cropped_0014_label_h2qBCL3Q_480_1920.png,cropped_0014_label_h2qBCL3Q_480_1920_mask.png
cropped_0014_label_h2qBCL3Q_1920_1440.png,cropped_0014_label_h2qBCL3Q_1920_1440_mask.png
cropped_0014_label_h2qBCL3Q_2880_2400.png,cropped_0014_label_h2qBCL3Q_2880_2400_mask.png
cropped_0014_label_h2qBCL3Q_3360_0.png,cropped_0014_label_h2qBCL3Q_3360_0_mask.png
cropped_0014_label_h2qBCL3Q_3840_2400.png,cropped_0014_label_h2qBCL3Q_3840_2400_mask.png
cropped_0014_label_h2qBCL3Q_1440_480.png,cropped_0014_label_h2qBCL3Q_1440_480_mask.png
cropped_0014_label_h2qBCL3Q_2880_960.png,cropped_0014_label_h2qBCL3Q_2880_960_mask.png
cropped_0014_label_h2qBCL3Q_480_0.png,cropped_0014_label_h2qBCL3Q_480_0_mask.png
cropped_0014_label_h2qBCL3Q_480_2880.png,cropped_0014_label_h2qBCL3Q_480_2880_mask.png
cropped_0014_label_h2qBCL3Q_960_1920.png,cropped_0014_label_h2qBCL3Q_960_1920_mask.png
cropped_0014_label_h2qBCL3Q_2880_0.png,cropped_0014_label_h2qBCL3Q_2880_0_mask.png
cropped_0014_label_h2qBCL3Q_2400_960.png,cropped_0014_label_h2qBCL3Q_2400_960_mask.png
cropped_0014_label_h2qBCL3Q_2400_480.png,cropped_0014_label_h2qBCL3Q_2400_480_mask.png
cropped_0014_label_h2qBCL3Q_2400_0.png,cropped_0014_label_h2qBCL3Q_2400_0_mask.png
cropped_0014_label_h2qBCL3Q_3360_1440.png,cropped_0014_label_h2qBCL3Q_3360_1440_mask.png
cropped_0014_label_h2qBCL3Q_2400_1440.png,cropped_0014_label_h2qBCL3Q_2400_1440_mask.png
cropped_0014_label_h2qBCL3Q_1920_1920.png,cropped_0014_label_h2qBCL3Q_1920_1920_mask.png
cropped_0014_label_h2qBCL3Q_2880_2880.png,cropped_0014_label_h2qBCL3Q_2880_2880_mask.png
cropped_0016_label_0xjUoY7D_1_3360_1920.png,cropped_0016_label_0xjUoY7D_1_3360_1920_mask.png
cropped_0016_label_0xjUoY7D_1_960_2400.png,cropped_0016_label_0xjUoY7D_1_960_2400_mask.png
cropped_0016_label_0xjUoY7D_1_1920_2400.png,cropped_0016_label_0xjUoY7D_1_1920_2400_mask.png
cropped_0016_label_0xjUoY7D_1_3360_2400.png,cropped_0016_label_0xjUoY7D_1_3360_2400_mask.png
cropped_0016_label_0xjUoY7D_1_2880_2880.png,cropped_0016_label_0xjUoY7D_1_2880_2880_mask.png
cropped_0016_label_0xjUoY7D_1_0_1440.png,cropped_0016_label_0xjUoY7D_1_0_1440_mask.png
cropped_0016_label_0xjUoY7D_1_480_2880.png,cropped_0016_label_0xjUoY7D_1_480_2880_mask.png
cropped_0016_label_0xjUoY7D_1_2880_960.png,cropped_0016_label_0xjUoY7D_1_2880_960_mask.png
cropped_0016_label_0xjUoY7D_1_1440_1920.png,cropped_0016_label_0xjUoY7D_1_1440_1920_mask.png
cropped_00000042_960_1440.png,cropped_00000042_960_1440_mask.png
cropped_00000042_3840_480.png,cropped_00000042_3840_480_mask.png
cropped_00000042_2880_2400.png,cropped_00000042_2880_2400_mask.png
cropped_00000042_960_0.png,cropped_00000042_960_0_mask.png
cropped_00000042_1440_2880.png,cropped_00000042_1440_2880_mask.png
cropped_00000042_1920_2880.png,cropped_00000042_1920_2880_mask.png
cropped_00000042_960_2400.png,cropped_00000042_960_2400_mask.png
cropped_00000042_960_480.png,cropped_00000042_960_480_mask.png
cropped_00000042_1920_1440.png,cropped_00000042_1920_1440_mask.png
cropped_00000042_1440_1920.png,cropped_00000042_1440_1920_mask.png
cropped_00000042_960_2880.png,cropped_00000042_960_2880_mask.png
cropped_00000042_1440_1440.png,cropped_00000042_1440_1440_mask.png
cropped_00000042_2880_2880.png,cropped_00000042_2880_2880_mask.png
cropped_00000042_3840_0.png,cropped_00000042_3840_0_mask.png
cropped_00000042_3360_2880.png,cropped_00000042_3360_2880_mask.png
cropped_00000042_1440_960.png,cropped_00000042_1440_960_mask.png
cropped_00000042_0_0.png,cropped_00000042_0_0_mask.png
cropped_00000042_1920_960.png,cropped_00000042_1920_960_mask.png
cropped_00000042_3360_2400.png,cropped_00000042_3360_2400_mask.png
cropped_00000003_7_480_2880.png,cropped_00000003_7_480_2880_mask.png
cropped_00000003_7_0_1920.png,cropped_00000003_7_0_1920_mask.png
cropped_00000003_7_480_1920.png,cropped_00000003_7_480_1920_mask.png
cropped_00000003_7_1920_2400.png,cropped_00000003_7_1920_2400_mask.png
cropped_00000003_7_3840_0.png,cropped_00000003_7_3840_0_mask.png
cropped_00000003_7_0_960.png,cropped_00000003_7_0_960_mask.png
cropped_00000003_7_960_1440.png,cropped_00000003_7_960_1440_mask.png
cropped_00000003_7_480_960.png,cropped_00000003_7_480_960_mask.png
cropped_00000003_7_3360_1440.png,cropped_00000003_7_3360_1440_mask.png
cropped_00000003_7_1920_1440.png,cropped_00000003_7_1920_1440_mask.png
cropped_00000003_7_1440_480.png,cropped_00000003_7_1440_480_mask.png
cropped_00000003_7_3360_480.png,cropped_00000003_7_3360_480_mask.png
cropped_00000003_7_0_0.png,cropped_00000003_7_0_0_mask.png
cropped_00000003_7_2400_2400.png,cropped_00000003_7_2400_2400_mask.png
cropped_00000003_7_1440_1920.png,cropped_00000003_7_1440_1920_mask.png
cropped_00000003_7_960_1920.png,cropped_00000003_7_960_1920_mask.png
cropped_00000003_7_2400_960.png,cropped_00000003_7_2400_960_mask.png
cropped_00000003_7_1920_2880.png,cropped_00000003_7_1920_2880_mask.png
cropped_00000009_2_3840_2400.png,cropped_00000009_2_3840_2400_mask.png
cropped_00000009_2_1440_960.png,cropped_00000009_2_1440_960_mask.png
cropped_00000009_2_3360_480.png,cropped_00000009_2_3360_480_mask.png
cropped_00000009_2_2880_960.png,cropped_00000009_2_2880_960_mask.png
cropped_00000009_2_1440_1920.png,cropped_00000009_2_1440_1920_mask.png
cropped_00000009_2_0_1440.png,cropped_00000009_2_0_1440_mask.png
cropped_00000009_2_480_2880.png,cropped_00000009_2_480_2880_mask.png
cropped_00000009_2_480_960.png,cropped_00000009_2_480_960_mask.png
cropped_00000009_2_2880_2400.png,cropped_00000009_2_2880_2400_mask.png
cropped_00000009_2_2400_960.png,cropped_00000009_2_2400_960_mask.png
cropped_00000009_2_960_2880.png,cropped_00000009_2_960_2880_mask.png
cropped_00000009_2_1440_480.png,cropped_00000009_2_1440_480_mask.png
cropped_00000009_2_1920_2400.png,cropped_00000009_2_1920_2400_mask.png
cropped_00000009_2_1920_0.png,cropped_00000009_2_1920_0_mask.png
cropped_00000009_2_960_2400.png,cropped_00000009_2_960_2400_mask.png
cropped_00000009_2_2400_1440.png,cropped_00000009_2_2400_1440_mask.png
cropped_00000009_2_2880_480.png,cropped_00000009_2_2880_480_mask.png
cropped_00000009_2_1440_2400.png,cropped_00000009_2_1440_2400_mask.png
cropped_00000009_2_2400_2400.png,cropped_00000009_2_2400_2400_mask.png
cropped_0002_label_zsq5uyoY_1440_960.png,cropped_0002_label_zsq5uyoY_1440_960_mask.png
cropped_0002_label_zsq5uyoY_2880_2880.png,cropped_0002_label_zsq5uyoY_2880_2880_mask.png
cropped_0002_label_zsq5uyoY_2400_2400.png,cropped_0002_label_zsq5uyoY_2400_2400_mask.png
cropped_0002_label_zsq5uyoY_960_1440.png,cropped_0002_label_zsq5uyoY_960_1440_mask.png
cropped_0002_label_zsq5uyoY_480_480.png,cropped_0002_label_zsq5uyoY_480_480_mask.png
cropped_0002_label_zsq5uyoY_3360_2880.png,cropped_0002_label_zsq5uyoY_3360_2880_mask.png
cropped_0002_label_zsq5uyoY_960_960.png,cropped_0002_label_zsq5uyoY_960_960_mask.png
cropped_0002_label_zsq5uyoY_1920_480.png,cropped_0002_label_zsq5uyoY_1920_480_mask.png
cropped_0002_label_zsq5uyoY_0_1440.png,cropped_0002_label_zsq5uyoY_0_1440_mask.png
cropped_0002_label_zsq5uyoY_2400_0.png,cropped_0002_label_zsq5uyoY_2400_0_mask.png
cropped_0002_label_zsq5uyoY_0_2880.png,cropped_0002_label_zsq5uyoY_0_2880_mask.png
cropped_0002_label_zsq5uyoY_3360_960.png,cropped_0002_label_zsq5uyoY_3360_960_mask.png
cropped_0002_label_zsq5uyoY_960_1920.png,cropped_0002_label_zsq5uyoY_960_1920_mask.png
cropped_0002_label_zsq5uyoY_2400_480.png,cropped_0002_label_zsq5uyoY_2400_480_mask.png
cropped_0002_label_zsq5uyoY_1920_2880.png,cropped_0002_label_zsq5uyoY_1920_2880_mask.png
cropped_0002_label_zsq5uyoY_2400_1920.png,cropped_0002_label_zsq5uyoY_2400_1920_mask.png
cropped_0000_label_tALCG3Yy_1440_960.png,cropped_0000_label_tALCG3Yy_1440_960_mask.png
cropped_0000_label_tALCG3Yy_3360_480.png,cropped_0000_label_tALCG3Yy_3360_480_mask.png
cropped_0000_label_tALCG3Yy_1920_1440.png,cropped_0000_label_tALCG3Yy_1920_1440_mask.png
cropped_0000_label_tALCG3Yy_0_0.png,cropped_0000_label_tALCG3Yy_0_0_mask.png
cropped_0000_label_tALCG3Yy_2400_2880.png,cropped_0000_label_tALCG3Yy_2400_2880_mask.png
cropped_0000_label_tALCG3Yy_2880_480.png,cropped_0000_label_tALCG3Yy_2880_480_mask.png
cropped_0000_label_tALCG3Yy_3360_960.png,cropped_0000_label_tALCG3Yy_3360_960_mask.png
cropped_0000_label_tALCG3Yy_960_1440.png,cropped_0000_label_tALCG3Yy_960_1440_mask.png
cropped_0000_label_tALCG3Yy_0_480.png,cropped_0000_label_tALCG3Yy_0_480_mask.png
cropped_0000_label_tALCG3Yy_1440_0.png,cropped_0000_label_tALCG3Yy_1440_0_mask.png
cropped_0000_label_tALCG3Yy_0_2880.png,cropped_0000_label_tALCG3Yy_0_2880_mask.png
cropped_0000_label_tALCG3Yy_960_2880.png,cropped_0000_label_tALCG3Yy_960_2880_mask.png
cropped_0000_label_tALCG3Yy_1920_1920.png,cropped_0000_label_tALCG3Yy_1920_1920_mask.png
cropped_0000_label_tALCG3Yy_2400_2400.png,cropped_0000_label_tALCG3Yy_2400_2400_mask.png
cropped_0000_label_tALCG3Yy_2400_1440.png,cropped_0000_label_tALCG3Yy_2400_1440_mask.png
cropped_0000_label_tALCG3Yy_2400_1920.png,cropped_0000_label_tALCG3Yy_2400_1920_mask.png
cropped_0000_label_tALCG3Yy_2880_960.png,cropped_0000_label_tALCG3Yy_2880_960_mask.png
cropped_0000_label_tALCG3Yy_3840_1440.png,cropped_0000_label_tALCG3Yy_3840_1440_mask.png
cropped_0000_label_tALCG3Yy_1920_2880.png,cropped_0000_label_tALCG3Yy_1920_2880_mask.png
cropped_0000_label_tALCG3Yy_1920_2400.png,cropped_0000_label_tALCG3Yy_1920_2400_mask.png
cropped_0000_label_tALCG3Yy_3360_0.png,cropped_0000_label_tALCG3Yy_3360_0_mask.png
cropped_0000_label_tALCG3Yy_1440_1440.png,cropped_0000_label_tALCG3Yy_1440_1440_mask.png
cropped_0000_label_tALCG3Yy_1440_480.png,cropped_0000_label_tALCG3Yy_1440_480_mask.png
cropped_0000_label_tALCG3Yy_3840_2880.png,cropped_0000_label_tALCG3Yy_3840_2880_mask.png
cropped_0000_label_tALCG3Yy_3840_960.png,cropped_0000_label_tALCG3Yy_3840_960_mask.png
cropped_0000_label_tALCG3Yy_1920_480.png,cropped_0000_label_tALCG3Yy_1920_480_mask.png
cropped_0013_label_tALCG3Yy_480_2880.png,cropped_0013_label_tALCG3Yy_480_2880_mask.png
cropped_0013_label_tALCG3Yy_1440_2880.png,cropped_0013_label_tALCG3Yy_1440_2880_mask.png
cropped_0013_label_tALCG3Yy_2400_480.png,cropped_0013_label_tALCG3Yy_2400_480_mask.png
cropped_0013_label_tALCG3Yy_2400_960.png,cropped_0013_label_tALCG3Yy_2400_960_mask.png
cropped_0013_label_tALCG3Yy_960_960.png,cropped_0013_label_tALCG3Yy_960_960_mask.png
cropped_0013_label_tALCG3Yy_2880_2400.png,cropped_0013_label_tALCG3Yy_2880_2400_mask.png
cropped_0013_label_tALCG3Yy_2400_2880.png,cropped_0013_label_tALCG3Yy_2400_2880_mask.png
cropped_0013_label_tALCG3Yy_960_1920.png,cropped_0013_label_tALCG3Yy_960_1920_mask.png
cropped_0013_label_tALCG3Yy_0_0.png,cropped_0013_label_tALCG3Yy_0_0_mask.png
cropped_0013_label_tALCG3Yy_1920_480.png,cropped_0013_label_tALCG3Yy_1920_480_mask.png
cropped_0013_label_tALCG3Yy_1440_2400.png,cropped_0013_label_tALCG3Yy_1440_2400_mask.png
cropped_0013_label_tALCG3Yy_960_2400.png,cropped_0013_label_tALCG3Yy_960_2400_mask.png
cropped_0013_label_tALCG3Yy_0_480.png,cropped_0013_label_tALCG3Yy_0_480_mask.png
cropped_0013_label_tALCG3Yy_3360_480.png,cropped_0013_label_tALCG3Yy_3360_480_mask.png
cropped_0013_label_tALCG3Yy_960_480.png,cropped_0013_label_tALCG3Yy_960_480_mask.png
cropped_0013_label_tALCG3Yy_0_2400.png,cropped_0013_label_tALCG3Yy_0_2400_mask.png
cropped_0013_label_tALCG3Yy_1920_0.png,cropped_0013_label_tALCG3Yy_1920_0_mask.png
cropped_0008_label_ouHctxiB_1440_1440.png,cropped_0008_label_ouHctxiB_1440_1440_mask.png
cropped_0008_label_ouHctxiB_2880_1920.png,cropped_0008_label_ouHctxiB_2880_1920_mask.png
cropped_0008_label_ouHctxiB_2880_2400.png,cropped_0008_label_ouHctxiB_2880_2400_mask.png
cropped_0008_label_ouHctxiB_1440_960.png,cropped_0008_label_ouHctxiB_1440_960_mask.png
cropped_0008_label_ouHctxiB_0_2400.png,cropped_0008_label_ouHctxiB_0_2400_mask.png
cropped_0008_label_ouHctxiB_960_960.png,cropped_0008_label_ouHctxiB_960_960_mask.png
cropped_0008_label_ouHctxiB_960_2400.png,cropped_0008_label_ouHctxiB_960_2400_mask.png
cropped_0008_label_ouHctxiB_2880_960.png,cropped_0008_label_ouHctxiB_2880_960_mask.png
cropped_0008_label_ouHctxiB_3840_0.png,cropped_0008_label_ouHctxiB_3840_0_mask.png
cropped_0008_label_ouHctxiB_3840_1920.png,cropped_0008_label_ouHctxiB_3840_1920_mask.png
cropped_0008_label_ouHctxiB_3840_960.png,cropped_0008_label_ouHctxiB_3840_960_mask.png
cropped_0008_label_ouHctxiB_960_1440.png,cropped_0008_label_ouHctxiB_960_1440_mask.png
cropped_0008_label_ouHctxiB_1920_1440.png,cropped_0008_label_ouHctxiB_1920_1440_mask.png
cropped_0008_label_ouHctxiB_480_0.png,cropped_0008_label_ouHctxiB_480_0_mask.png
cropped_0008_label_ouHctxiB_1440_480.png,cropped_0008_label_ouHctxiB_1440_480_mask.png
cropped_0001_label_nKTYvVYf_1920_480.png,cropped_0001_label_nKTYvVYf_1920_480_mask.png
cropped_0001_label_nKTYvVYf_2880_480.png,cropped_0001_label_nKTYvVYf_2880_480_mask.png
cropped_0001_label_nKTYvVYf_1920_960.png,cropped_0001_label_nKTYvVYf_1920_960_mask.png
cropped_0001_label_nKTYvVYf_480_1920.png,cropped_0001_label_nKTYvVYf_480_1920_mask.png
cropped_0001_label_nKTYvVYf_960_0.png,cropped_0001_label_nKTYvVYf_960_0_mask.png
cropped_0001_label_nKTYvVYf_3840_2400.png,cropped_0001_label_nKTYvVYf_3840_2400_mask.png
cropped_0001_label_nKTYvVYf_0_960.png,cropped_0001_label_nKTYvVYf_0_960_mask.png
cropped_0001_label_nKTYvVYf_1440_2880.png,cropped_0001_label_nKTYvVYf_1440_2880_mask.png
cropped_0001_label_nKTYvVYf_1920_0.png,cropped_0001_label_nKTYvVYf_1920_0_mask.png
cropped_0001_label_nKTYvVYf_2400_1920.png,cropped_0001_label_nKTYvVYf_2400_1920_mask.png
cropped_0001_label_nKTYvVYf_3360_960.png,cropped_0001_label_nKTYvVYf_3360_960_mask.png
cropped_0001_label_nKTYvVYf_2400_1440.png,cropped_0001_label_nKTYvVYf_2400_1440_mask.png
cropped_0001_label_nKTYvVYf_1920_1440.png,cropped_0001_label_nKTYvVYf_1920_1440_mask.png
cropped_0001_label_nKTYvVYf_1440_480.png,cropped_0001_label_nKTYvVYf_1440_480_mask.png
cropped_0001_label_nKTYvVYf_480_2880.png,cropped_0001_label_nKTYvVYf_480_2880_mask.png
cropped_0001_label_nKTYvVYf_3840_2880.png,cropped_0001_label_nKTYvVYf_3840_2880_mask.png
cropped_0001_label_nKTYvVYf_960_2400.png,cropped_0001_label_nKTYvVYf_960_2400_mask.png
cropped_0001_label_nKTYvVYf_1440_0.png,cropped_0001_label_nKTYvVYf_1440_0_mask.png
cropped_0001_label_nKTYvVYf_3360_480.png,cropped_0001_label_nKTYvVYf_3360_480_mask.png
cropped_0001_label_nKTYvVYf_1920_1920.png,cropped_0001_label_nKTYvVYf_1920_1920_mask.png
cropped_0009_label_M4HYDr16_3360_1920.png,cropped_0009_label_M4HYDr16_3360_1920_mask.png
cropped_0009_label_M4HYDr16_1440_1440.png,cropped_0009_label_M4HYDr16_1440_1440_mask.png
cropped_0009_label_M4HYDr16_3360_2400.png,cropped_0009_label_M4HYDr16_3360_2400_mask.png
cropped_0009_label_M4HYDr16_2400_1920.png,cropped_0009_label_M4HYDr16_2400_1920_mask.png
cropped_0009_label_M4HYDr16_0_2400.png,cropped_0009_label_M4HYDr16_0_2400_mask.png
cropped_0009_label_M4HYDr16_3360_1440.png,cropped_0009_label_M4HYDr16_3360_1440_mask.png
cropped_0009_label_M4HYDr16_2400_480.png,cropped_0009_label_M4HYDr16_2400_480_mask.png
cropped_0009_label_M4HYDr16_2400_1440.png,cropped_0009_label_M4HYDr16_2400_1440_mask.png
cropped_0009_label_M4HYDr16_960_1920.png,cropped_0009_label_M4HYDr16_960_1920_mask.png
cropped_0009_label_M4HYDr16_0_960.png,cropped_0009_label_M4HYDr16_0_960_mask.png
cropped_0009_label_M4HYDr16_2880_0.png,cropped_0009_label_M4HYDr16_2880_0_mask.png
cropped_0009_label_M4HYDr16_2880_1440.png,cropped_0009_label_M4HYDr16_2880_1440_mask.png
cropped_0009_label_M4HYDr16_3840_2400.png,cropped_0009_label_M4HYDr16_3840_2400_mask.png
cropped_0009_label_M4HYDr16_3840_1920.png,cropped_0009_label_M4HYDr16_3840_1920_mask.png
cropped_0009_label_M4HYDr16_3840_960.png,cropped_0009_label_M4HYDr16_3840_960_mask.png
cropped_0009_label_M4HYDr16_480_480.png,cropped_0009_label_M4HYDr16_480_480_mask.png
cropped_0009_label_M4HYDr16_1920_1920.png,cropped_0009_label_M4HYDr16_1920_1920_mask.png
cropped_0009_label_M4HYDr16_2880_2880.png,cropped_0009_label_M4HYDr16_2880_2880_mask.png
cropped_0009_label_M4HYDr16_480_1920.png,cropped_0009_label_M4HYDr16_480_1920_mask.png
cropped_0009_label_M4HYDr16_1920_2400.png,cropped_0009_label_M4HYDr16_1920_2400_mask.png
cropped_0009_label_M4HYDr16_2880_1920.png,cropped_0009_label_M4HYDr16_2880_1920_mask.png
cropped_0009_label_M4HYDr16_0_1440.png,cropped_0009_label_M4HYDr16_0_1440_mask.png
cropped_0013_label_nKTYvVYf_2400_480.png,cropped_0013_label_nKTYvVYf_2400_480_mask.png
cropped_0013_label_nKTYvVYf_3840_960.png,cropped_0013_label_nKTYvVYf_3840_960_mask.png
cropped_0013_label_nKTYvVYf_1920_1920.png,cropped_0013_label_nKTYvVYf_1920_1920_mask.png
cropped_0013_label_nKTYvVYf_0_0.png,cropped_0013_label_nKTYvVYf_0_0_mask.png
cropped_0013_label_nKTYvVYf_0_960.png,cropped_0013_label_nKTYvVYf_0_960_mask.png
cropped_0013_label_nKTYvVYf_2400_1440.png,cropped_0013_label_nKTYvVYf_2400_1440_mask.png
cropped_0013_label_nKTYvVYf_2880_2400.png,cropped_0013_label_nKTYvVYf_2880_2400_mask.png
cropped_0013_label_nKTYvVYf_960_2400.png,cropped_0013_label_nKTYvVYf_960_2400_mask.png
cropped_0013_label_nKTYvVYf_480_2880.png,cropped_0013_label_nKTYvVYf_480_2880_mask.png
cropped_0013_label_nKTYvVYf_3840_2400.png,cropped_0013_label_nKTYvVYf_3840_2400_mask.png
cropped_0013_label_nKTYvVYf_3360_1920.png,cropped_0013_label_nKTYvVYf_3360_1920_mask.png
cropped_0013_label_nKTYvVYf_960_480.png,cropped_0013_label_nKTYvVYf_960_480_mask.png
cropped_0013_label_nKTYvVYf_1440_960.png,cropped_0013_label_nKTYvVYf_1440_960_mask.png
cropped_0013_label_nKTYvVYf_480_2400.png,cropped_0013_label_nKTYvVYf_480_2400_mask.png
cropped_0013_label_nKTYvVYf_480_480.png,cropped_0013_label_nKTYvVYf_480_480_mask.png
cropped_0013_label_nKTYvVYf_1920_1440.png,cropped_0013_label_nKTYvVYf_1920_1440_mask.png
cropped_0013_label_nKTYvVYf_1440_1920.png,cropped_0013_label_nKTYvVYf_1440_1920_mask.png
cropped_0013_label_nKTYvVYf_3360_0.png,cropped_0013_label_nKTYvVYf_3360_0_mask.png
cropped_0013_label_nKTYvVYf_2400_0.png,cropped_0013_label_nKTYvVYf_2400_0_mask.png
cropped_0013_label_5YuL3VcR_1920_1920.png,cropped_0013_label_5YuL3VcR_1920_1920_mask.png
cropped_0013_label_5YuL3VcR_2880_1440.png,cropped_0013_label_5YuL3VcR_2880_1440_mask.png
cropped_0013_label_5YuL3VcR_2400_480.png,cropped_0013_label_5YuL3VcR_2400_480_mask.png
cropped_0013_label_5YuL3VcR_1920_2400.png,cropped_0013_label_5YuL3VcR_1920_2400_mask.png
cropped_0013_label_5YuL3VcR_2400_960.png,cropped_0013_label_5YuL3VcR_2400_960_mask.png
cropped_0013_label_5YuL3VcR_1920_0.png,cropped_0013_label_5YuL3VcR_1920_0_mask.png
cropped_0013_label_5YuL3VcR_1920_2880.png,cropped_0013_label_5YuL3VcR_1920_2880_mask.png
cropped_0013_label_5YuL3VcR_1920_960.png,cropped_0013_label_5YuL3VcR_1920_960_mask.png
cropped_0013_label_5YuL3VcR_1920_1440.png,cropped_0013_label_5YuL3VcR_1920_1440_mask.png
cropped_0013_label_5YuL3VcR_2880_1920.png,cropped_0013_label_5YuL3VcR_2880_1920_mask.png
cropped_0013_label_5YuL3VcR_2880_0.png,cropped_0013_label_5YuL3VcR_2880_0_mask.png
cropped_0013_label_5YuL3VcR_480_0.png,cropped_0013_label_5YuL3VcR_480_0_mask.png
cropped_0013_label_5YuL3VcR_480_2400.png,cropped_0013_label_5YuL3VcR_480_2400_mask.png
cropped_0013_label_5YuL3VcR_2400_2880.png,cropped_0013_label_5YuL3VcR_2400_2880_mask.png
cropped_0013_label_5YuL3VcR_0_480.png,cropped_0013_label_5YuL3VcR_0_480_mask.png
cropped_0013_label_5YuL3VcR_3840_480.png,cropped_0013_label_5YuL3VcR_3840_480_mask.png
cropped_0013_label_5YuL3VcR_960_1920.png,cropped_0013_label_5YuL3VcR_960_1920_mask.png
cropped_0013_label_5YuL3VcR_0_2400.png,cropped_0013_label_5YuL3VcR_0_2400_mask.png
cropped_0013_label_5YuL3VcR_2400_1440.png,cropped_0013_label_5YuL3VcR_2400_1440_mask.png
cropped_0013_label_5YuL3VcR_2400_2400.png,cropped_0013_label_5YuL3VcR_2400_2400_mask.png
cropped_0013_label_5YuL3VcR_2400_1920.png,cropped_0013_label_5YuL3VcR_2400_1920_mask.png
cropped_0013_label_5YuL3VcR_2880_960.png,cropped_0013_label_5YuL3VcR_2880_960_mask.png
cropped_0013_label_5YuL3VcR_1920_480.png,cropped_0013_label_5YuL3VcR_1920_480_mask.png
cropped_0013_label_5YuL3VcR_3360_0.png,cropped_0013_label_5YuL3VcR_3360_0_mask.png
cropped_0013_label_5YuL3VcR_960_1440.png,cropped_0013_label_5YuL3VcR_960_1440_mask.png
cropped_0006_label_G2fWPEgz_2400_960.png,cropped_0006_label_G2fWPEgz_2400_960_mask.png
cropped_0006_label_G2fWPEgz_960_960.png,cropped_0006_label_G2fWPEgz_960_960_mask.png
cropped_0006_label_G2fWPEgz_480_1440.png,cropped_0006_label_G2fWPEgz_480_1440_mask.png
cropped_0006_label_G2fWPEgz_0_0.png,cropped_0006_label_G2fWPEgz_0_0_mask.png
cropped_0006_label_G2fWPEgz_1440_1920.png,cropped_0006_label_G2fWPEgz_1440_1920_mask.png
cropped_0006_label_G2fWPEgz_480_2400.png,cropped_0006_label_G2fWPEgz_480_2400_mask.png
cropped_0006_label_G2fWPEgz_3840_960.png,cropped_0006_label_G2fWPEgz_3840_960_mask.png
cropped_0006_label_G2fWPEgz_1440_480.png,cropped_0006_label_G2fWPEgz_1440_480_mask.png
cropped_0006_label_G2fWPEgz_3360_2880.png,cropped_0006_label_G2fWPEgz_3360_2880_mask.png
cropped_0006_label_G2fWPEgz_0_2400.png,cropped_0006_label_G2fWPEgz_0_2400_mask.png
cropped_0006_label_G2fWPEgz_480_0.png,cropped_0006_label_G2fWPEgz_480_0_mask.png
cropped_0006_label_G2fWPEgz_3360_1920.png,cropped_0006_label_G2fWPEgz_3360_1920_mask.png
cropped_0006_label_G2fWPEgz_3360_480.png,cropped_0006_label_G2fWPEgz_3360_480_mask.png
cropped_0006_label_G2fWPEgz_1920_960.png,cropped_0006_label_G2fWPEgz_1920_960_mask.png
cropped_0006_label_G2fWPEgz_2400_2400.png,cropped_0006_label_G2fWPEgz_2400_2400_mask.png
cropped_0006_label_G2fWPEgz_1920_480.png,cropped_0006_label_G2fWPEgz_1920_480_mask.png
cropped_0006_label_G2fWPEgz_1440_0.png,cropped_0006_label_G2fWPEgz_1440_0_mask.png
cropped_0002_label_lY40XnMe_480_1440.png,cropped_0002_label_lY40XnMe_480_1440_mask.png
cropped_0002_label_lY40XnMe_2400_1440.png,cropped_0002_label_lY40XnMe_2400_1440_mask.png
cropped_0002_label_lY40XnMe_1440_0.png,cropped_0002_label_lY40XnMe_1440_0_mask.png
cropped_0002_label_lY40XnMe_3360_960.png,cropped_0002_label_lY40XnMe_3360_960_mask.png
cropped_0002_label_lY40XnMe_480_0.png,cropped_0002_label_lY40XnMe_480_0_mask.png
cropped_0002_label_lY40XnMe_960_1920.png,cropped_0002_label_lY40XnMe_960_1920_mask.png
cropped_0002_label_lY40XnMe_1440_960.png,cropped_0002_label_lY40XnMe_1440_960_mask.png
cropped_0002_label_lY40XnMe_960_0.png,cropped_0002_label_lY40XnMe_960_0_mask.png
cropped_0002_label_lY40XnMe_2880_0.png,cropped_0002_label_lY40XnMe_2880_0_mask.png
cropped_0002_label_lY40XnMe_0_960.png,cropped_0002_label_lY40XnMe_0_960_mask.png
cropped_0002_label_lY40XnMe_480_1920.png,cropped_0002_label_lY40XnMe_480_1920_mask.png
cropped_0002_label_lY40XnMe_3840_960.png,cropped_0002_label_lY40XnMe_3840_960_mask.png
cropped_0002_label_lY40XnMe_1440_1920.png,cropped_0002_label_lY40XnMe_1440_1920_mask.png
cropped_0002_label_lY40XnMe_960_2880.png,cropped_0002_label_lY40XnMe_960_2880_mask.png
cropped_0002_label_lY40XnMe_1440_1440.png,cropped_0002_label_lY40XnMe_1440_1440_mask.png
cropped_0002_label_lY40XnMe_480_2400.png,cropped_0002_label_lY40XnMe_480_2400_mask.png
cropped_0002_label_lY40XnMe_1920_1920.png,cropped_0002_label_lY40XnMe_1920_1920_mask.png
cropped_0002_label_lY40XnMe_2400_1920.png,cropped_0002_label_lY40XnMe_2400_1920_mask.png
cropped_0002_label_lY40XnMe_480_2880.png,cropped_0002_label_lY40XnMe_480_2880_mask.png
cropped_0002_label_lY40XnMe_0_1920.png,cropped_0002_label_lY40XnMe_0_1920_mask.png
cropped_0002_label_lY40XnMe_2880_1440.png,cropped_0002_label_lY40XnMe_2880_1440_mask.png
cropped_0002_label_lY40XnMe_960_1440.png,cropped_0002_label_lY40XnMe_960_1440_mask.png
cropped_0009_label_5YuL3VcR_2880_960.png,cropped_0009_label_5YuL3VcR_2880_960_mask.png
cropped_0009_label_5YuL3VcR_2400_2880.png,cropped_0009_label_5YuL3VcR_2400_2880_mask.png
cropped_0009_label_5YuL3VcR_3840_480.png,cropped_0009_label_5YuL3VcR_3840_480_mask.png
cropped_0009_label_5YuL3VcR_960_480.png,cropped_0009_label_5YuL3VcR_960_480_mask.png
cropped_0009_label_5YuL3VcR_0_0.png,cropped_0009_label_5YuL3VcR_0_0_mask.png
cropped_0009_label_5YuL3VcR_2400_1440.png,cropped_0009_label_5YuL3VcR_2400_1440_mask.png
cropped_0009_label_5YuL3VcR_2400_2400.png,cropped_0009_label_5YuL3VcR_2400_2400_mask.png
cropped_0009_label_5YuL3VcR_3360_2880.png,cropped_0009_label_5YuL3VcR_3360_2880_mask.png
cropped_0009_label_5YuL3VcR_1920_2400.png,cropped_0009_label_5YuL3VcR_1920_2400_mask.png
cropped_0009_label_5YuL3VcR_3840_1440.png,cropped_0009_label_5YuL3VcR_3840_1440_mask.png
cropped_0009_label_5YuL3VcR_1920_2880.png,cropped_0009_label_5YuL3VcR_1920_2880_mask.png
cropped_0009_label_5YuL3VcR_1920_480.png,cropped_0009_label_5YuL3VcR_1920_480_mask.png
cropped_0009_label_5YuL3VcR_1440_0.png,cropped_0009_label_5YuL3VcR_1440_0_mask.png
cropped_0009_label_5YuL3VcR_960_1920.png,cropped_0009_label_5YuL3VcR_960_1920_mask.png
cropped_0009_label_5YuL3VcR_2880_2880.png,cropped_0009_label_5YuL3VcR_2880_2880_mask.png
cropped_0009_label_5YuL3VcR_1440_960.png,cropped_0009_label_5YuL3VcR_1440_960_mask.png
cropped_0009_label_5YuL3VcR_2400_0.png,cropped_0009_label_5YuL3VcR_2400_0_mask.png
cropped_0009_label_5YuL3VcR_3360_960.png,cropped_0009_label_5YuL3VcR_3360_960_mask.png
cropped_0015_label_GQ173MEa_1440_0.png,cropped_0015_label_GQ173MEa_1440_0_mask.png
cropped_0015_label_GQ173MEa_960_1440.png,cropped_0015_label_GQ173MEa_960_1440_mask.png
cropped_0015_label_GQ173MEa_480_960.png,cropped_0015_label_GQ173MEa_480_960_mask.png
cropped_0015_label_GQ173MEa_480_1920.png,cropped_0015_label_GQ173MEa_480_1920_mask.png
cropped_0015_label_GQ173MEa_1920_2400.png,cropped_0015_label_GQ173MEa_1920_2400_mask.png
cropped_0015_label_GQ173MEa_1440_2400.png,cropped_0015_label_GQ173MEa_1440_2400_mask.png
cropped_0015_label_GQ173MEa_0_1920.png,cropped_0015_label_GQ173MEa_0_1920_mask.png
cropped_0015_label_GQ173MEa_480_2400.png,cropped_0015_label_GQ173MEa_480_2400_mask.png
cropped_0015_label_GQ173MEa_3360_960.png,cropped_0015_label_GQ173MEa_3360_960_mask.png
cropped_0015_label_GQ173MEa_1440_1920.png,cropped_0015_label_GQ173MEa_1440_1920_mask.png
cropped_0015_label_GQ173MEa_960_480.png,cropped_0015_label_GQ173MEa_960_480_mask.png
cropped_0015_label_GQ173MEa_2880_960.png,cropped_0015_label_GQ173MEa_2880_960_mask.png
cropped_0015_label_GQ173MEa_2400_1440.png,cropped_0015_label_GQ173MEa_2400_1440_mask.png
cropped_0015_label_GQ173MEa_960_2400.png,cropped_0015_label_GQ173MEa_960_2400_mask.png
cropped_0015_label_GQ173MEa_3360_1920.png,cropped_0015_label_GQ173MEa_3360_1920_mask.png
cropped_0015_label_GQ173MEa_2880_480.png,cropped_0015_label_GQ173MEa_2880_480_mask.png
cropped_0015_label_GQ173MEa_2880_2880.png,cropped_0015_label_GQ173MEa_2880_2880_mask.png
cropped_0015_label_GQ173MEa_960_960.png,cropped_0015_label_GQ173MEa_960_960_mask.png
cropped_0015_label_GQ173MEa_3840_2880.png,cropped_0015_label_GQ173MEa_3840_2880_mask.png
cropped_0001_label_s2HioE5t_0_480.png,cropped_0001_label_s2HioE5t_0_480_mask.png
cropped_0001_label_s2HioE5t_960_0.png,cropped_0001_label_s2HioE5t_960_0_mask.png
cropped_0001_label_s2HioE5t_0_2400.png,cropped_0001_label_s2HioE5t_0_2400_mask.png
cropped_0001_label_s2HioE5t_3840_960.png,cropped_0001_label_s2HioE5t_3840_960_mask.png
cropped_0001_label_s2HioE5t_2400_1920.png,cropped_0001_label_s2HioE5t_2400_1920_mask.png
cropped_0001_label_s2HioE5t_1920_480.png,cropped_0001_label_s2HioE5t_1920_480_mask.png
cropped_0001_label_s2HioE5t_1440_2880.png,cropped_0001_label_s2HioE5t_1440_2880_mask.png
cropped_0001_label_s2HioE5t_3360_480.png,cropped_0001_label_s2HioE5t_3360_480_mask.png
cropped_0001_label_s2HioE5t_1920_960.png,cropped_0001_label_s2HioE5t_1920_960_mask.png
cropped_0001_label_s2HioE5t_480_960.png,cropped_0001_label_s2HioE5t_480_960_mask.png
cropped_0001_label_s2HioE5t_1440_480.png,cropped_0001_label_s2HioE5t_1440_480_mask.png
cropped_0001_label_s2HioE5t_1920_1440.png,cropped_0001_label_s2HioE5t_1920_1440_mask.png
cropped_0001_label_s2HioE5t_0_1920.png,cropped_0001_label_s2HioE5t_0_1920_mask.png
cropped_0001_label_s2HioE5t_3840_2880.png,cropped_0001_label_s2HioE5t_3840_2880_mask.png
cropped_0001_label_s2HioE5t_480_2400.png,cropped_0001_label_s2HioE5t_480_2400_mask.png
cropped_0001_label_s2HioE5t_480_480.png,cropped_0001_label_s2HioE5t_480_480_mask.png
cropped_0001_label_s2HioE5t_1440_0.png,cropped_0001_label_s2HioE5t_1440_0_mask.png
cropped_0001_label_s2HioE5t_3360_0.png,cropped_0001_label_s2HioE5t_3360_0_mask.png
cropped_0001_label_s2HioE5t_2400_0.png,cropped_0001_label_s2HioE5t_2400_0_mask.png
cropped_0001_label_s2HioE5t_0_2880.png,cropped_0001_label_s2HioE5t_0_2880_mask.png
cropped_00000008_3_1440_960.png,cropped_00000008_3_1440_960_mask.png
cropped_00000008_3_480_960.png,cropped_00000008_3_480_960_mask.png
cropped_00000008_3_480_2880.png,cropped_00000008_3_480_2880_mask.png
cropped_00000008_3_960_960.png,cropped_00000008_3_960_960_mask.png
cropped_00000008_3_2880_1920.png,cropped_00000008_3_2880_1920_mask.png
cropped_00000008_3_1440_2880.png,cropped_00000008_3_1440_2880_mask.png
cropped_00000008_3_1440_1440.png,cropped_00000008_3_1440_1440_mask.png
cropped_00000008_3_0_480.png,cropped_00000008_3_0_480_mask.png
cropped_00000008_3_0_960.png,cropped_00000008_3_0_960_mask.png
cropped_00000008_3_3360_960.png,cropped_00000008_3_3360_960_mask.png
cropped_00000008_3_1920_2880.png,cropped_00000008_3_1920_2880_mask.png
cropped_00000008_3_3360_1920.png,cropped_00000008_3_3360_1920_mask.png
cropped_00000008_3_0_1920.png,cropped_00000008_3_0_1920_mask.png
cropped_00000008_3_960_2880.png,cropped_00000008_3_960_2880_mask.png
cropped_00000008_3_1920_960.png,cropped_00000008_3_1920_960_mask.png
cropped_00000008_3_480_480.png,cropped_00000008_3_480_480_mask.png
cropped_00000008_3_3360_2880.png,cropped_00000008_3_3360_2880_mask.png
cropped_00000008_3_960_1440.png,cropped_00000008_3_960_1440_mask.png
cropped_00000008_3_3840_1920.png,cropped_00000008_3_3840_1920_mask.png
cropped_00000008_3_2880_1440.png,cropped_00000008_3_2880_1440_mask.png
cropped_0017_label_wFKL6cSt_3840_480.png,cropped_0017_label_wFKL6cSt_3840_480_mask.png
cropped_0017_label_wFKL6cSt_2880_480.png,cropped_0017_label_wFKL6cSt_2880_480_mask.png
cropped_0017_label_wFKL6cSt_480_480.png,cropped_0017_label_wFKL6cSt_480_480_mask.png
cropped_0017_label_wFKL6cSt_3840_0.png,cropped_0017_label_wFKL6cSt_3840_0_mask.png
cropped_0017_label_wFKL6cSt_960_960.png,cropped_0017_label_wFKL6cSt_960_960_mask.png
cropped_0017_label_wFKL6cSt_0_960.png,cropped_0017_label_wFKL6cSt_0_960_mask.png
cropped_0017_label_wFKL6cSt_3360_480.png,cropped_0017_label_wFKL6cSt_3360_480_mask.png
cropped_0017_label_wFKL6cSt_2400_1920.png,cropped_0017_label_wFKL6cSt_2400_1920_mask.png
cropped_0017_label_wFKL6cSt_1920_960.png,cropped_0017_label_wFKL6cSt_1920_960_mask.png
cropped_0017_label_wFKL6cSt_2880_1920.png,cropped_0017_label_wFKL6cSt_2880_1920_mask.png
cropped_0017_label_wFKL6cSt_1440_960.png,cropped_0017_label_wFKL6cSt_1440_960_mask.png
cropped_0017_label_wFKL6cSt_960_1920.png,cropped_0017_label_wFKL6cSt_960_1920_mask.png
cropped_0017_label_wFKL6cSt_3360_0.png,cropped_0017_label_wFKL6cSt_3360_0_mask.png
cropped_0017_label_wFKL6cSt_480_2880.png,cropped_0017_label_wFKL6cSt_480_2880_mask.png
cropped_0017_label_wFKL6cSt_480_1440.png,cropped_0017_label_wFKL6cSt_480_1440_mask.png
cropped_0017_label_wFKL6cSt_960_2400.png,cropped_0017_label_wFKL6cSt_960_2400_mask.png
cropped_0017_label_wFKL6cSt_2400_480.png,cropped_0017_label_wFKL6cSt_2400_480_mask.png
cropped_0017_label_wFKL6cSt_480_960.png,cropped_0017_label_wFKL6cSt_480_960_mask.png
cropped_0017_label_wFKL6cSt_2880_2400.png,cropped_0017_label_wFKL6cSt_2880_2400_mask.png
cropped_0014_label_BRxm2MyU_2400_480.png,cropped_0014_label_BRxm2MyU_2400_480_mask.png
cropped_0014_label_BRxm2MyU_2880_2400.png,cropped_0014_label_BRxm2MyU_2880_2400_mask.png
cropped_0014_label_BRxm2MyU_960_960.png,cropped_0014_label_BRxm2MyU_960_960_mask.png
cropped_0014_label_BRxm2MyU_0_1920.png,cropped_0014_label_BRxm2MyU_0_1920_mask.png
cropped_0014_label_BRxm2MyU_3360_480.png,cropped_0014_label_BRxm2MyU_3360_480_mask.png
cropped_0014_label_BRxm2MyU_480_2400.png,cropped_0014_label_BRxm2MyU_480_2400_mask.png
cropped_0014_label_BRxm2MyU_2400_1920.png,cropped_0014_label_BRxm2MyU_2400_1920_mask.png
cropped_0014_label_BRxm2MyU_3360_2880.png,cropped_0014_label_BRxm2MyU_3360_2880_mask.png
cropped_0014_label_BRxm2MyU_1920_2880.png,cropped_0014_label_BRxm2MyU_1920_2880_mask.png
cropped_0014_label_BRxm2MyU_960_480.png,cropped_0014_label_BRxm2MyU_960_480_mask.png
cropped_0014_label_BRxm2MyU_1440_2400.png,cropped_0014_label_BRxm2MyU_1440_2400_mask.png
cropped_00000079_480_1920.png,cropped_00000079_480_1920_mask.png
cropped_00000079_1440_1920.png,cropped_00000079_1440_1920_mask.png
cropped_00000079_1440_960.png,cropped_00000079_1440_960_mask.png
cropped_00000079_1440_480.png,cropped_00000079_1440_480_mask.png
cropped_00000079_2400_480.png,cropped_00000079_2400_480_mask.png
cropped_00000079_3840_2400.png,cropped_00000079_3840_2400_mask.png
cropped_00000079_3360_2400.png,cropped_00000079_3360_2400_mask.png
cropped_00000079_480_1440.png,cropped_00000079_480_1440_mask.png
cropped_00000079_3360_1440.png,cropped_00000079_3360_1440_mask.png
cropped_00000079_2400_2880.png,cropped_00000079_2400_2880_mask.png
cropped_00000079_0_2400.png,cropped_00000079_0_2400_mask.png
cropped_00000079_2880_480.png,cropped_00000079_2880_480_mask.png
cropped_00000079_3360_2880.png,cropped_00000079_3360_2880_mask.png
cropped_00000079_1440_2880.png,cropped_00000079_1440_2880_mask.png
cropped_00000079_2880_1440.png,cropped_00000079_2880_1440_mask.png
cropped_00000079_2880_1920.png,cropped_00000079_2880_1920_mask.png
cropped_00000079_3840_960.png,cropped_00000079_3840_960_mask.png
cropped_00000079_1920_1440.png,cropped_00000079_1920_1440_mask.png
cropped_00000079_1920_2400.png,cropped_00000079_1920_2400_mask.png
cropped_00000079_3840_0.png,cropped_00000079_3840_0_mask.png
cropped_0009_label_iGFOdcQt_2880_1440.png,cropped_0009_label_iGFOdcQt_2880_1440_mask.png
cropped_0009_label_iGFOdcQt_960_2400.png,cropped_0009_label_iGFOdcQt_960_2400_mask.png
cropped_0009_label_iGFOdcQt_1440_480.png,cropped_0009_label_iGFOdcQt_1440_480_mask.png
cropped_0009_label_iGFOdcQt_2400_480.png,cropped_0009_label_iGFOdcQt_2400_480_mask.png
cropped_0009_label_iGFOdcQt_1920_480.png,cropped_0009_label_iGFOdcQt_1920_480_mask.png
cropped_0009_label_iGFOdcQt_1920_0.png,cropped_0009_label_iGFOdcQt_1920_0_mask.png
cropped_0009_label_iGFOdcQt_3840_2400.png,cropped_0009_label_iGFOdcQt_3840_2400_mask.png
cropped_0009_label_iGFOdcQt_2400_960.png,cropped_0009_label_iGFOdcQt_2400_960_mask.png
cropped_0009_label_iGFOdcQt_3360_2880.png,cropped_0009_label_iGFOdcQt_3360_2880_mask.png
cropped_0009_label_iGFOdcQt_1440_2880.png,cropped_0009_label_iGFOdcQt_1440_2880_mask.png
cropped_0009_label_iGFOdcQt_3840_0.png,cropped_0009_label_iGFOdcQt_3840_0_mask.png
cropped_0009_label_iGFOdcQt_0_1920.png,cropped_0009_label_iGFOdcQt_0_1920_mask.png
cropped_00000041_4_1920_1920.png,cropped_00000041_4_1920_1920_mask.png
cropped_00000041_4_2880_1440.png,cropped_00000041_4_2880_1440_mask.png
cropped_00000041_4_2880_480.png,cropped_00000041_4_2880_480_mask.png
cropped_00000041_4_1440_1440.png,cropped_00000041_4_1440_1440_mask.png
cropped_00000041_4_3360_2400.png,cropped_00000041_4_3360_2400_mask.png
cropped_00000041_4_0_0.png,cropped_00000041_4_0_0_mask.png
cropped_00000041_4_3840_480.png,cropped_00000041_4_3840_480_mask.png
cropped_00000041_4_1440_960.png,cropped_00000041_4_1440_960_mask.png
cropped_00000041_4_3360_960.png,cropped_00000041_4_3360_960_mask.png
cropped_00000041_4_2400_480.png,cropped_00000041_4_2400_480_mask.png
cropped_00000041_4_960_2400.png,cropped_00000041_4_960_2400_mask.png
cropped_00000041_4_3840_1440.png,cropped_00000041_4_3840_1440_mask.png
cropped_00000041_4_2880_960.png,cropped_00000041_4_2880_960_mask.png
cropped_00000041_4_3360_480.png,cropped_00000041_4_3360_480_mask.png
cropped_00000041_4_0_480.png,cropped_00000041_4_0_480_mask.png
cropped_00000041_4_1440_1920.png,cropped_00000041_4_1440_1920_mask.png
cropped_00000041_4_2880_2400.png,cropped_00000041_4_2880_2400_mask.png
cropped_00000041_4_2880_0.png,cropped_00000041_4_2880_0_mask.png
cropped_00000041_4_3360_1440.png,cropped_00000041_4_3360_1440_mask.png
cropped_00000041_4_1440_480.png,cropped_00000041_4_1440_480_mask.png
cropped_00000041_4_3840_960.png,cropped_00000041_4_3840_960_mask.png
cropped_00000041_4_2400_1920.png,cropped_00000041_4_2400_1920_mask.png
cropped_00000041_4_1920_480.png,cropped_00000041_4_1920_480_mask.png
cropped_00000041_4_1920_960.png,cropped_00000041_4_1920_960_mask.png
cropped_0012_label_ouHctxiB_3360_480.png,cropped_0012_label_ouHctxiB_3360_480_mask.png
cropped_0012_label_ouHctxiB_480_2880.png,cropped_0012_label_ouHctxiB_480_2880_mask.png
cropped_0012_label_ouHctxiB_2880_2880.png,cropped_0012_label_ouHctxiB_2880_2880_mask.png
cropped_0012_label_ouHctxiB_1920_960.png,cropped_0012_label_ouHctxiB_1920_960_mask.png
cropped_0012_label_ouHctxiB_2880_480.png,cropped_0012_label_ouHctxiB_2880_480_mask.png
cropped_0012_label_ouHctxiB_3840_1920.png,cropped_0012_label_ouHctxiB_3840_1920_mask.png
cropped_0012_label_ouHctxiB_1440_1440.png,cropped_0012_label_ouHctxiB_1440_1440_mask.png
cropped_0012_label_ouHctxiB_1440_0.png,cropped_0012_label_ouHctxiB_1440_0_mask.png
cropped_0012_label_ouHctxiB_960_0.png,cropped_0012_label_ouHctxiB_960_0_mask.png
cropped_0012_label_ouHctxiB_3360_0.png,cropped_0012_label_ouHctxiB_3360_0_mask.png
cropped_0012_label_ouHctxiB_2880_2400.png,cropped_0012_label_ouHctxiB_2880_2400_mask.png
cropped_0012_label_ouHctxiB_1920_1440.png,cropped_0012_label_ouHctxiB_1920_1440_mask.png
cropped_0012_label_ouHctxiB_2880_1920.png,cropped_0012_label_ouHctxiB_2880_1920_mask.png
cropped_00000013_5_3360_960.png,cropped_00000013_5_3360_960_mask.png
cropped_00000013_5_3840_480.png,cropped_00000013_5_3840_480_mask.png
cropped_00000013_5_1440_2880.png,cropped_00000013_5_1440_2880_mask.png
cropped_00000013_5_960_480.png,cropped_00000013_5_960_480_mask.png
cropped_00000013_5_960_1920.png,cropped_00000013_5_960_1920_mask.png
cropped_00000013_5_0_960.png,cropped_00000013_5_0_960_mask.png
cropped_00000013_5_3840_1440.png,cropped_00000013_5_3840_1440_mask.png
cropped_00000013_5_960_960.png,cropped_00000013_5_960_960_mask.png
cropped_00000013_5_480_1440.png,cropped_00000013_5_480_1440_mask.png
cropped_00000013_5_1920_960.png,cropped_00000013_5_1920_960_mask.png
cropped_00000013_5_3360_1920.png,cropped_00000013_5_3360_1920_mask.png
cropped_00000013_5_960_2400.png,cropped_00000013_5_960_2400_mask.png
cropped_00000013_5_1920_1920.png,cropped_00000013_5_1920_1920_mask.png
cropped_00000013_5_480_960.png,cropped_00000013_5_480_960_mask.png
cropped_00000013_5_960_0.png,cropped_00000013_5_960_0_mask.png
cropped_00000013_5_0_1920.png,cropped_00000013_5_0_1920_mask.png
cropped_00000013_5_960_1440.png,cropped_00000013_5_960_1440_mask.png
cropped_00000013_5_480_480.png,cropped_00000013_5_480_480_mask.png
cropped_00000013_5_1440_480.png,cropped_00000013_5_1440_480_mask.png
cropped_00000013_5_2880_2880.png,cropped_00000013_5_2880_2880_mask.png
cropped_00000013_5_1920_480.png,cropped_00000013_5_1920_480_mask.png
cropped_00000013_5_480_2400.png,cropped_00000013_5_480_2400_mask.png
cropped_00000037_1920_960.png,cropped_00000037_1920_960_mask.png
cropped_00000037_3840_2400.png,cropped_00000037_3840_2400_mask.png
cropped_00000037_3360_480.png,cropped_00000037_3360_480_mask.png
cropped_00000037_2400_960.png,cropped_00000037_2400_960_mask.png
cropped_00000037_1440_480.png,cropped_00000037_1440_480_mask.png
cropped_00000037_480_2880.png,cropped_00000037_480_2880_mask.png
cropped_00000037_480_480.png,cropped_00000037_480_480_mask.png
cropped_00000037_2880_0.png,cropped_00000037_2880_0_mask.png
cropped_00000037_2880_480.png,cropped_00000037_2880_480_mask.png
cropped_00000037_2400_1920.png,cropped_00000037_2400_1920_mask.png
cropped_00000037_480_960.png,cropped_00000037_480_960_mask.png
cropped_00000037_3360_2880.png,cropped_00000037_3360_2880_mask.png
cropped_00000037_1920_0.png,cropped_00000037_1920_0_mask.png
cropped_00000037_3360_960.png,cropped_00000037_3360_960_mask.png
cropped_00000037_0_480.png,cropped_00000037_0_480_mask.png
cropped_00000043_3_3840_2400.png,cropped_00000043_3_3840_2400_mask.png
cropped_00000043_3_480_1920.png,cropped_00000043_3_480_1920_mask.png
cropped_00000043_3_2400_480.png,cropped_00000043_3_2400_480_mask.png
cropped_00000043_3_1440_1920.png,cropped_00000043_3_1440_1920_mask.png
cropped_00000043_3_1440_2400.png,cropped_00000043_3_1440_2400_mask.png
cropped_00000043_3_2880_480.png,cropped_00000043_3_2880_480_mask.png
cropped_00000043_3_960_2880.png,cropped_00000043_3_960_2880_mask.png
cropped_00000043_3_960_1920.png,cropped_00000043_3_960_1920_mask.png
cropped_00000043_3_1920_480.png,cropped_00000043_3_1920_480_mask.png
cropped_00000043_3_0_2880.png,cropped_00000043_3_0_2880_mask.png
cropped_00000043_3_480_960.png,cropped_00000043_3_480_960_mask.png
cropped_00000043_3_960_1440.png,cropped_00000043_3_960_1440_mask.png
cropped_00000043_3_3840_2880.png,cropped_00000043_3_3840_2880_mask.png
cropped_00000043_3_0_2400.png,cropped_00000043_3_0_2400_mask.png
cropped_00000043_3_3840_0.png,cropped_00000043_3_3840_0_mask.png
cropped_00000043_3_960_960.png,cropped_00000043_3_960_960_mask.png
cropped_00000043_3_0_1440.png,cropped_00000043_3_0_1440_mask.png
cropped_00000043_3_1440_0.png,cropped_00000043_3_1440_0_mask.png
cropped_00000043_3_480_1440.png,cropped_00000043_3_480_1440_mask.png
cropped_00000043_3_960_2400.png,cropped_00000043_3_960_2400_mask.png
cropped_00000043_3_2880_960.png,cropped_00000043_3_2880_960_mask.png
cropped_00000043_3_2400_1920.png,cropped_00000043_3_2400_1920_mask.png
cropped_00000043_3_0_480.png,cropped_00000043_3_0_480_mask.png
cropped_0014_label_Y0sRpXgl_0_0.png,cropped_0014_label_Y0sRpXgl_0_0_mask.png
cropped_0014_label_Y0sRpXgl_960_2400.png,cropped_0014_label_Y0sRpXgl_960_2400_mask.png
cropped_0014_label_Y0sRpXgl_480_960.png,cropped_0014_label_Y0sRpXgl_480_960_mask.png
cropped_0014_label_Y0sRpXgl_3840_0.png,cropped_0014_label_Y0sRpXgl_3840_0_mask.png
cropped_0014_label_Y0sRpXgl_1920_1440.png,cropped_0014_label_Y0sRpXgl_1920_1440_mask.png
cropped_0014_label_Y0sRpXgl_2400_960.png,cropped_0014_label_Y0sRpXgl_2400_960_mask.png
cropped_0014_label_Y0sRpXgl_2880_1440.png,cropped_0014_label_Y0sRpXgl_2880_1440_mask.png
cropped_0014_label_Y0sRpXgl_3360_960.png,cropped_0014_label_Y0sRpXgl_3360_960_mask.png
cropped_0014_label_Y0sRpXgl_1440_480.png,cropped_0014_label_Y0sRpXgl_1440_480_mask.png
cropped_0014_label_Y0sRpXgl_0_1440.png,cropped_0014_label_Y0sRpXgl_0_1440_mask.png
cropped_0014_label_Y0sRpXgl_0_2880.png,cropped_0014_label_Y0sRpXgl_0_2880_mask.png
cropped_0014_label_Y0sRpXgl_2880_0.png,cropped_0014_label_Y0sRpXgl_2880_0_mask.png
cropped_0014_label_Y0sRpXgl_2880_2880.png,cropped_0014_label_Y0sRpXgl_2880_2880_mask.png
cropped_0014_label_Y0sRpXgl_1920_0.png,cropped_0014_label_Y0sRpXgl_1920_0_mask.png
cropped_0014_label_Y0sRpXgl_2400_2880.png,cropped_0014_label_Y0sRpXgl_2400_2880_mask.png
cropped_0014_label_Y0sRpXgl_3360_480.png,cropped_0014_label_Y0sRpXgl_3360_480_mask.png
cropped_0014_label_Y0sRpXgl_1440_0.png,cropped_0014_label_Y0sRpXgl_1440_0_mask.png
cropped_0014_label_Y0sRpXgl_960_0.png,cropped_0014_label_Y0sRpXgl_960_0_mask.png
cropped_00000007_2880_960.png,cropped_00000007_2880_960_mask.png
cropped_00000007_3360_1920.png,cropped_00000007_3360_1920_mask.png
cropped_00000007_960_2880.png,cropped_00000007_960_2880_mask.png
cropped_00000007_1920_960.png,cropped_00000007_1920_960_mask.png
cropped_00000007_3840_1440.png,cropped_00000007_3840_1440_mask.png
cropped_00000007_1920_2880.png,cropped_00000007_1920_2880_mask.png
cropped_00000007_1920_1920.png,cropped_00000007_1920_1920_mask.png
cropped_00000007_960_2400.png,cropped_00000007_960_2400_mask.png
cropped_00000007_2880_1920.png,cropped_00000007_2880_1920_mask.png
cropped_00000007_1440_1440.png,cropped_00000007_1440_1440_mask.png
cropped_00000099_3840_1440.png,cropped_00000099_3840_1440_mask.png
cropped_00000099_3360_1440.png,cropped_00000099_3360_1440_mask.png
cropped_00000099_3840_2400.png,cropped_00000099_3840_2400_mask.png
cropped_00000099_1440_0.png,cropped_00000099_1440_0_mask.png
cropped_00000099_0_0.png,cropped_00000099_0_0_mask.png
cropped_00000099_1440_2880.png,cropped_00000099_1440_2880_mask.png
cropped_00000099_2880_960.png,cropped_00000099_2880_960_mask.png
cropped_00000099_480_1920.png,cropped_00000099_480_1920_mask.png
cropped_00000099_1440_480.png,cropped_00000099_1440_480_mask.png
cropped_00000099_1440_2400.png,cropped_00000099_1440_2400_mask.png
cropped_00000099_1920_2400.png,cropped_00000099_1920_2400_mask.png
cropped_00000099_0_480.png,cropped_00000099_0_480_mask.png
cropped_00000099_1440_1440.png,cropped_00000099_1440_1440_mask.png
cropped_00000099_2880_1440.png,cropped_00000099_2880_1440_mask.png
cropped_00000099_960_0.png,cropped_00000099_960_0_mask.png
cropped_00000099_1920_960.png,cropped_00000099_1920_960_mask.png
cropped_00000099_1920_0.png,cropped_00000099_1920_0_mask.png
cropped_00000099_2400_2400.png,cropped_00000099_2400_2400_mask.png
cropped_00000099_960_480.png,cropped_00000099_960_480_mask.png
cropped_00000099_2880_1920.png,cropped_00000099_2880_1920_mask.png
cropped_00000099_2400_1440.png,cropped_00000099_2400_1440_mask.png
cropped_0001_label_Pe712dpb_0_2880.png,cropped_0001_label_Pe712dpb_0_2880_mask.png
cropped_0001_label_Pe712dpb_0_0.png,cropped_0001_label_Pe712dpb_0_0_mask.png
cropped_0001_label_Pe712dpb_2400_2880.png,cropped_0001_label_Pe712dpb_2400_2880_mask.png
cropped_0001_label_Pe712dpb_480_480.png,cropped_0001_label_Pe712dpb_480_480_mask.png
cropped_0001_label_Pe712dpb_2880_0.png,cropped_0001_label_Pe712dpb_2880_0_mask.png
cropped_0001_label_Pe712dpb_3360_960.png,cropped_0001_label_Pe712dpb_3360_960_mask.png
cropped_0001_label_Pe712dpb_1920_2400.png,cropped_0001_label_Pe712dpb_1920_2400_mask.png
cropped_0001_label_Pe712dpb_960_960.png,cropped_0001_label_Pe712dpb_960_960_mask.png
cropped_0001_label_Pe712dpb_2880_1440.png,cropped_0001_label_Pe712dpb_2880_1440_mask.png
cropped_0001_label_Pe712dpb_1920_960.png,cropped_0001_label_Pe712dpb_1920_960_mask.png
cropped_0001_label_Pe712dpb_3840_480.png,cropped_0001_label_Pe712dpb_3840_480_mask.png
cropped_0001_label_Pe712dpb_1920_480.png,cropped_0001_label_Pe712dpb_1920_480_mask.png
cropped_0001_label_Pe712dpb_1440_2400.png,cropped_0001_label_Pe712dpb_1440_2400_mask.png
cropped_0001_label_Pe712dpb_2400_2400.png,cropped_0001_label_Pe712dpb_2400_2400_mask.png
cropped_0001_label_Pe712dpb_3840_1920.png,cropped_0001_label_Pe712dpb_3840_1920_mask.png
cropped_0001_label_Pe712dpb_960_1440.png,cropped_0001_label_Pe712dpb_960_1440_mask.png
cropped_0001_label_Pe712dpb_2880_1920.png,cropped_0001_label_Pe712dpb_2880_1920_mask.png
cropped_0001_label_Pe712dpb_2400_1920.png,cropped_0001_label_Pe712dpb_2400_1920_mask.png
cropped_00000011_6_2400_2880.png,cropped_00000011_6_2400_2880_mask.png
cropped_00000011_6_1440_0.png,cropped_00000011_6_1440_0_mask.png
cropped_00000011_6_1920_2400.png,cropped_00000011_6_1920_2400_mask.png
cropped_00000011_6_2880_2880.png,cropped_00000011_6_2880_2880_mask.png
cropped_00000011_6_2400_480.png,cropped_00000011_6_2400_480_mask.png
cropped_00000011_6_480_2880.png,cropped_00000011_6_480_2880_mask.png
cropped_00000011_6_480_960.png,cropped_00000011_6_480_960_mask.png
cropped_00000011_6_1440_1440.png,cropped_00000011_6_1440_1440_mask.png
cropped_00000011_6_2400_1440.png,cropped_00000011_6_2400_1440_mask.png
cropped_00000011_6_960_480.png,cropped_00000011_6_960_480_mask.png
cropped_00000011_6_480_480.png,cropped_00000011_6_480_480_mask.png
cropped_00000011_6_0_1440.png,cropped_00000011_6_0_1440_mask.png
cropped_00000011_6_1920_480.png,cropped_00000011_6_1920_480_mask.png
cropped_00000011_6_2400_1920.png,cropped_00000011_6_2400_1920_mask.png
cropped_00000011_6_0_1920.png,cropped_00000011_6_0_1920_mask.png
cropped_00000011_6_3840_960.png,cropped_00000011_6_3840_960_mask.png
cropped_00000011_6_3840_1440.png,cropped_00000011_6_3840_1440_mask.png
cropped_00000011_6_2400_2400.png,cropped_00000011_6_2400_2400_mask.png
cropped_00000011_6_3840_2880.png,cropped_00000011_6_3840_2880_mask.png
cropped_00000011_6_0_960.png,cropped_00000011_6_0_960_mask.png
cropped_00000011_6_0_0.png,cropped_00000011_6_0_0_mask.png
cropped_00000043_4_2880_480.png,cropped_00000043_4_2880_480_mask.png
cropped_00000043_4_2400_1440.png,cropped_00000043_4_2400_1440_mask.png
cropped_00000043_4_960_480.png,cropped_00000043_4_960_480_mask.png
cropped_00000043_4_1920_2400.png,cropped_00000043_4_1920_2400_mask.png
cropped_00000043_4_480_2400.png,cropped_00000043_4_480_2400_mask.png
cropped_00000043_4_1920_1440.png,cropped_00000043_4_1920_1440_mask.png
cropped_00000043_4_480_2880.png,cropped_00000043_4_480_2880_mask.png
cropped_00000043_4_0_1920.png,cropped_00000043_4_0_1920_mask.png
cropped_00000043_4_960_960.png,cropped_00000043_4_960_960_mask.png
cropped_00000043_4_480_1920.png,cropped_00000043_4_480_1920_mask.png
cropped_00000043_4_960_1440.png,cropped_00000043_4_960_1440_mask.png
cropped_00000043_4_1440_960.png,cropped_00000043_4_1440_960_mask.png
cropped_00000043_4_960_1920.png,cropped_00000043_4_960_1920_mask.png
cropped_00000043_4_1440_480.png,cropped_00000043_4_1440_480_mask.png
cropped_00000043_4_2400_960.png,cropped_00000043_4_2400_960_mask.png
cropped_0020_label_h2qBCL3Q_480_1440.png,cropped_0020_label_h2qBCL3Q_480_1440_mask.png
cropped_0020_label_h2qBCL3Q_2880_960.png,cropped_0020_label_h2qBCL3Q_2880_960_mask.png
cropped_0020_label_h2qBCL3Q_2880_0.png,cropped_0020_label_h2qBCL3Q_2880_0_mask.png
cropped_0020_label_h2qBCL3Q_2880_1440.png,cropped_0020_label_h2qBCL3Q_2880_1440_mask.png
cropped_0020_label_h2qBCL3Q_0_2880.png,cropped_0020_label_h2qBCL3Q_0_2880_mask.png
cropped_0020_label_h2qBCL3Q_3840_960.png,cropped_0020_label_h2qBCL3Q_3840_960_mask.png
cropped_0020_label_h2qBCL3Q_3840_1920.png,cropped_0020_label_h2qBCL3Q_3840_1920_mask.png
cropped_0020_label_h2qBCL3Q_3840_2400.png,cropped_0020_label_h2qBCL3Q_3840_2400_mask.png
cropped_0020_label_h2qBCL3Q_1920_0.png,cropped_0020_label_h2qBCL3Q_1920_0_mask.png
cropped_0020_label_h2qBCL3Q_1440_960.png,cropped_0020_label_h2qBCL3Q_1440_960_mask.png
cropped_0020_label_h2qBCL3Q_1440_480.png,cropped_0020_label_h2qBCL3Q_1440_480_mask.png
cropped_0020_label_h2qBCL3Q_480_2400.png,cropped_0020_label_h2qBCL3Q_480_2400_mask.png
cropped_0020_label_h2qBCL3Q_2880_1920.png,cropped_0020_label_h2qBCL3Q_2880_1920_mask.png
cropped_0020_label_h2qBCL3Q_2400_0.png,cropped_0020_label_h2qBCL3Q_2400_0_mask.png
cropped_0020_label_h2qBCL3Q_3360_1440.png,cropped_0020_label_h2qBCL3Q_3360_1440_mask.png
cropped_0020_label_h2qBCL3Q_960_1440.png,cropped_0020_label_h2qBCL3Q_960_1440_mask.png
cropped_0020_label_h2qBCL3Q_3360_0.png,cropped_0020_label_h2qBCL3Q_3360_0_mask.png
cropped_0020_label_h2qBCL3Q_960_1920.png,cropped_0020_label_h2qBCL3Q_960_1920_mask.png
cropped_0020_label_h2qBCL3Q_960_2400.png,cropped_0020_label_h2qBCL3Q_960_2400_mask.png
cropped_0020_label_h2qBCL3Q_2400_960.png,cropped_0020_label_h2qBCL3Q_2400_960_mask.png
cropped_0020_label_h2qBCL3Q_960_2880.png,cropped_0020_label_h2qBCL3Q_960_2880_mask.png
cropped_0020_label_h2qBCL3Q_3360_1920.png,cropped_0020_label_h2qBCL3Q_3360_1920_mask.png
cropped_0020_label_h2qBCL3Q_3360_960.png,cropped_0020_label_h2qBCL3Q_3360_960_mask.png
cropped_0016_label_PmivjAla_2400_2880.png,cropped_0016_label_PmivjAla_2400_2880_mask.png
cropped_0016_label_PmivjAla_1440_2400.png,cropped_0016_label_PmivjAla_1440_2400_mask.png
cropped_0016_label_PmivjAla_2880_2880.png,cropped_0016_label_PmivjAla_2880_2880_mask.png
cropped_0016_label_PmivjAla_3360_960.png,cropped_0016_label_PmivjAla_3360_960_mask.png
cropped_0016_label_PmivjAla_3840_2400.png,cropped_0016_label_PmivjAla_3840_2400_mask.png
cropped_0016_label_PmivjAla_960_1440.png,cropped_0016_label_PmivjAla_960_1440_mask.png
cropped_0016_label_PmivjAla_0_2400.png,cropped_0016_label_PmivjAla_0_2400_mask.png
cropped_0016_label_PmivjAla_1920_0.png,cropped_0016_label_PmivjAla_1920_0_mask.png
cropped_0016_label_PmivjAla_3360_2880.png,cropped_0016_label_PmivjAla_3360_2880_mask.png
cropped_0016_label_PmivjAla_2400_2400.png,cropped_0016_label_PmivjAla_2400_2400_mask.png
cropped_0016_label_PmivjAla_1920_960.png,cropped_0016_label_PmivjAla_1920_960_mask.png
cropped_0016_label_PmivjAla_2400_480.png,cropped_0016_label_PmivjAla_2400_480_mask.png
cropped_0016_label_PmivjAla_3840_1440.png,cropped_0016_label_PmivjAla_3840_1440_mask.png
cropped_0016_label_PmivjAla_1440_2880.png,cropped_0016_label_PmivjAla_1440_2880_mask.png
cropped_0016_label_PmivjAla_0_1440.png,cropped_0016_label_PmivjAla_0_1440_mask.png
cropped_0016_label_PmivjAla_960_1920.png,cropped_0016_label_PmivjAla_960_1920_mask.png
cropped_0016_label_PmivjAla_2400_960.png,cropped_0016_label_PmivjAla_2400_960_mask.png
cropped_0016_label_PmivjAla_3840_0.png,cropped_0016_label_PmivjAla_3840_0_mask.png
cropped_0002_label_9tz0JSAJ_3840_2400.png,cropped_0002_label_9tz0JSAJ_3840_2400_mask.png
cropped_0002_label_9tz0JSAJ_2880_2400.png,cropped_0002_label_9tz0JSAJ_2880_2400_mask.png
cropped_0002_label_9tz0JSAJ_960_960.png,cropped_0002_label_9tz0JSAJ_960_960_mask.png
cropped_0002_label_9tz0JSAJ_1920_2880.png,cropped_0002_label_9tz0JSAJ_1920_2880_mask.png
cropped_0002_label_9tz0JSAJ_2880_480.png,cropped_0002_label_9tz0JSAJ_2880_480_mask.png
cropped_0002_label_9tz0JSAJ_1920_1440.png,cropped_0002_label_9tz0JSAJ_1920_1440_mask.png
cropped_0002_label_9tz0JSAJ_2880_1440.png,cropped_0002_label_9tz0JSAJ_2880_1440_mask.png
cropped_0002_label_9tz0JSAJ_0_1440.png,cropped_0002_label_9tz0JSAJ_0_1440_mask.png
cropped_0002_label_9tz0JSAJ_1920_960.png,cropped_0002_label_9tz0JSAJ_1920_960_mask.png
cropped_0002_label_9tz0JSAJ_960_1440.png,cropped_0002_label_9tz0JSAJ_960_1440_mask.png
cropped_0002_label_9tz0JSAJ_1440_2880.png,cropped_0002_label_9tz0JSAJ_1440_2880_mask.png
cropped_0002_label_9tz0JSAJ_3360_1920.png,cropped_0002_label_9tz0JSAJ_3360_1920_mask.png
cropped_0002_label_9tz0JSAJ_3360_1440.png,cropped_0002_label_9tz0JSAJ_3360_1440_mask.png
cropped_0002_label_9tz0JSAJ_0_2880.png,cropped_0002_label_9tz0JSAJ_0_2880_mask.png
cropped_0002_label_9tz0JSAJ_3840_1920.png,cropped_0002_label_9tz0JSAJ_3840_1920_mask.png
cropped_0002_label_9tz0JSAJ_1920_1920.png,cropped_0002_label_9tz0JSAJ_1920_1920_mask.png
cropped_0002_label_9tz0JSAJ_480_2880.png,cropped_0002_label_9tz0JSAJ_480_2880_mask.png
cropped_0002_label_9tz0JSAJ_480_960.png,cropped_0002_label_9tz0JSAJ_480_960_mask.png
cropped_0017_label_h2qBCL3Q_480_960.png,cropped_0017_label_h2qBCL3Q_480_960_mask.png
cropped_0017_label_h2qBCL3Q_3360_960.png,cropped_0017_label_h2qBCL3Q_3360_960_mask.png
cropped_0017_label_h2qBCL3Q_0_1920.png,cropped_0017_label_h2qBCL3Q_0_1920_mask.png
cropped_0017_label_h2qBCL3Q_480_2880.png,cropped_0017_label_h2qBCL3Q_480_2880_mask.png
cropped_0017_label_h2qBCL3Q_1440_2400.png,cropped_0017_label_h2qBCL3Q_1440_2400_mask.png
cropped_0017_label_h2qBCL3Q_2880_2400.png,cropped_0017_label_h2qBCL3Q_2880_2400_mask.png
cropped_0017_label_h2qBCL3Q_2880_0.png,cropped_0017_label_h2qBCL3Q_2880_0_mask.png
cropped_0017_label_h2qBCL3Q_1920_1920.png,cropped_0017_label_h2qBCL3Q_1920_1920_mask.png
cropped_0017_label_h2qBCL3Q_2880_960.png,cropped_0017_label_h2qBCL3Q_2880_960_mask.png
cropped_0017_label_h2qBCL3Q_1440_2880.png,cropped_0017_label_h2qBCL3Q_1440_2880_mask.png
cropped_0017_label_h2qBCL3Q_3360_2880.png,cropped_0017_label_h2qBCL3Q_3360_2880_mask.png
cropped_0017_label_h2qBCL3Q_2400_960.png,cropped_0017_label_h2qBCL3Q_2400_960_mask.png
cropped_0017_label_h2qBCL3Q_960_1920.png,cropped_0017_label_h2qBCL3Q_960_1920_mask.png
cropped_0017_label_h2qBCL3Q_3360_480.png,cropped_0017_label_h2qBCL3Q_3360_480_mask.png
cropped_0017_label_h2qBCL3Q_1440_480.png,cropped_0017_label_h2qBCL3Q_1440_480_mask.png
cropped_0017_label_h2qBCL3Q_2400_0.png,cropped_0017_label_h2qBCL3Q_2400_0_mask.png
cropped_0017_label_h2qBCL3Q_960_2400.png,cropped_0017_label_h2qBCL3Q_960_2400_mask.png
cropped_0000_label_XP0UKXUr_0_2400.png,cropped_0000_label_XP0UKXUr_0_2400_mask.png
cropped_0000_label_XP0UKXUr_1440_2880.png,cropped_0000_label_XP0UKXUr_1440_2880_mask.png
cropped_0000_label_XP0UKXUr_3360_2880.png,cropped_0000_label_XP0UKXUr_3360_2880_mask.png
cropped_0000_label_XP0UKXUr_1920_2400.png,cropped_0000_label_XP0UKXUr_1920_2400_mask.png
cropped_0000_label_XP0UKXUr_1440_480.png,cropped_0000_label_XP0UKXUr_1440_480_mask.png
cropped_0000_label_XP0UKXUr_2880_0.png,cropped_0000_label_XP0UKXUr_2880_0_mask.png
cropped_0000_label_XP0UKXUr_3360_480.png,cropped_0000_label_XP0UKXUr_3360_480_mask.png
cropped_0000_label_XP0UKXUr_1440_0.png,cropped_0000_label_XP0UKXUr_1440_0_mask.png
cropped_0000_label_XP0UKXUr_2880_960.png,cropped_0000_label_XP0UKXUr_2880_960_mask.png
cropped_0000_label_XP0UKXUr_960_2880.png,cropped_0000_label_XP0UKXUr_960_2880_mask.png
cropped_0000_label_XP0UKXUr_480_1440.png,cropped_0000_label_XP0UKXUr_480_1440_mask.png
cropped_0000_label_XP0UKXUr_2400_1440.png,cropped_0000_label_XP0UKXUr_2400_1440_mask.png
cropped_0000_label_XP0UKXUr_2880_2880.png,cropped_0000_label_XP0UKXUr_2880_2880_mask.png
cropped_0000_label_XP0UKXUr_2400_0.png,cropped_0000_label_XP0UKXUr_2400_0_mask.png
cropped_0000_label_XP0UKXUr_960_2400.png,cropped_0000_label_XP0UKXUr_960_2400_mask.png
cropped_0000_label_XP0UKXUr_0_2880.png,cropped_0000_label_XP0UKXUr_0_2880_mask.png
cropped_0000_label_XP0UKXUr_480_480.png,cropped_0000_label_XP0UKXUr_480_480_mask.png
cropped_0000_label_XP0UKXUr_2400_960.png,cropped_0000_label_XP0UKXUr_2400_960_mask.png
cropped_0000_label_XP0UKXUr_3840_0.png,cropped_0000_label_XP0UKXUr_3840_0_mask.png
cropped_0000_label_XP0UKXUr_1920_1440.png,cropped_0000_label_XP0UKXUr_1920_1440_mask.png
cropped_0000_label_XP0UKXUr_480_1920.png,cropped_0000_label_XP0UKXUr_480_1920_mask.png
cropped_0000_label_XP0UKXUr_1920_1920.png,cropped_0000_label_XP0UKXUr_1920_1920_mask.png
cropped_0000_label_XP0UKXUr_2400_2400.png,cropped_0000_label_XP0UKXUr_2400_2400_mask.png
cropped_00000046_960_1440.png,cropped_00000046_960_1440_mask.png
cropped_00000046_1920_480.png,cropped_00000046_1920_480_mask.png
cropped_00000046_2400_960.png,cropped_00000046_2400_960_mask.png
cropped_00000046_2880_2400.png,cropped_00000046_2880_2400_mask.png
cropped_00000046_1920_0.png,cropped_00000046_1920_0_mask.png
cropped_00000046_0_1440.png,cropped_00000046_0_1440_mask.png
cropped_00000046_2880_1440.png,cropped_00000046_2880_1440_mask.png
cropped_00000046_2400_1920.png,cropped_00000046_2400_1920_mask.png
cropped_00000046_2880_1920.png,cropped_00000046_2880_1920_mask.png
cropped_00000046_1440_960.png,cropped_00000046_1440_960_mask.png
cropped_00000046_2400_1440.png,cropped_00000046_2400_1440_mask.png
cropped_00000046_480_1440.png,cropped_00000046_480_1440_mask.png
cropped_00000046_960_960.png,cropped_00000046_960_960_mask.png
cropped_00000046_2400_0.png,cropped_00000046_2400_0_mask.png
cropped_00000046_960_480.png,cropped_00000046_960_480_mask.png
cropped_00000046_1440_0.png,cropped_00000046_1440_0_mask.png
cropped_00000046_1920_2880.png,cropped_00000046_1920_2880_mask.png
cropped_00000046_3360_1440.png,cropped_00000046_3360_1440_mask.png
cropped_00000046_1440_1920.png,cropped_00000046_1440_1920_mask.png
cropped_00000046_2880_480.png,cropped_00000046_2880_480_mask.png
cropped_0010_label_M4HYDr16_480_0.png,cropped_0010_label_M4HYDr16_480_0_mask.png
cropped_0010_label_M4HYDr16_2880_0.png,cropped_0010_label_M4HYDr16_2880_0_mask.png
cropped_0010_label_M4HYDr16_0_1920.png,cropped_0010_label_M4HYDr16_0_1920_mask.png
cropped_0010_label_M4HYDr16_2400_1440.png,cropped_0010_label_M4HYDr16_2400_1440_mask.png
cropped_0010_label_M4HYDr16_3840_0.png,cropped_0010_label_M4HYDr16_3840_0_mask.png
cropped_0010_label_M4HYDr16_1440_2880.png,cropped_0010_label_M4HYDr16_1440_2880_mask.png
cropped_0010_label_M4HYDr16_960_0.png,cropped_0010_label_M4HYDr16_960_0_mask.png
cropped_0010_label_M4HYDr16_1440_480.png,cropped_0010_label_M4HYDr16_1440_480_mask.png
cropped_0010_label_M4HYDr16_960_2880.png,cropped_0010_label_M4HYDr16_960_2880_mask.png
cropped_0010_label_M4HYDr16_1920_2880.png,cropped_0010_label_M4HYDr16_1920_2880_mask.png
cropped_0010_label_M4HYDr16_2880_480.png,cropped_0010_label_M4HYDr16_2880_480_mask.png
cropped_0010_label_M4HYDr16_1440_1920.png,cropped_0010_label_M4HYDr16_1440_1920_mask.png
cropped_0010_label_M4HYDr16_2880_960.png,cropped_0010_label_M4HYDr16_2880_960_mask.png
cropped_0010_label_M4HYDr16_2400_1920.png,cropped_0010_label_M4HYDr16_2400_1920_mask.png
cropped_0010_label_M4HYDr16_0_1440.png,cropped_0010_label_M4HYDr16_0_1440_mask.png
cropped_00000021_5_2880_960.png,cropped_00000021_5_2880_960_mask.png
cropped_00000021_5_2400_0.png,cropped_00000021_5_2400_0_mask.png
cropped_00000021_5_960_2400.png,cropped_00000021_5_960_2400_mask.png
cropped_00000021_5_3360_960.png,cropped_00000021_5_3360_960_mask.png
cropped_00000021_5_1440_2880.png,cropped_00000021_5_1440_2880_mask.png
cropped_00000021_5_960_480.png,cropped_00000021_5_960_480_mask.png
cropped_00000021_5_1440_1440.png,cropped_00000021_5_1440_1440_mask.png
cropped_00000021_5_480_960.png,cropped_00000021_5_480_960_mask.png
cropped_00000021_5_1920_1440.png,cropped_00000021_5_1920_1440_mask.png
cropped_00000021_5_0_2880.png,cropped_00000021_5_0_2880_mask.png
cropped_00000021_5_1920_2400.png,cropped_00000021_5_1920_2400_mask.png
cropped_00000021_5_2880_480.png,cropped_00000021_5_2880_480_mask.png
cropped_00000021_5_960_2880.png,cropped_00000021_5_960_2880_mask.png
cropped_00000021_5_1920_0.png,cropped_00000021_5_1920_0_mask.png
cropped_00000021_5_1920_480.png,cropped_00000021_5_1920_480_mask.png
cropped_00000021_5_2400_1920.png,cropped_00000021_5_2400_1920_mask.png
cropped_00000021_5_2400_2400.png,cropped_00000021_5_2400_2400_mask.png
cropped_00000021_5_1920_1920.png,cropped_00000021_5_1920_1920_mask.png
cropped_00000021_5_2400_2880.png,cropped_00000021_5_2400_2880_mask.png
cropped_0012_label_ckrYP90D_960_960.png,cropped_0012_label_ckrYP90D_960_960_mask.png
cropped_0012_label_ckrYP90D_2880_480.png,cropped_0012_label_ckrYP90D_2880_480_mask.png
cropped_0012_label_ckrYP90D_1920_480.png,cropped_0012_label_ckrYP90D_1920_480_mask.png
cropped_0012_label_ckrYP90D_1440_480.png,cropped_0012_label_ckrYP90D_1440_480_mask.png
cropped_0012_label_ckrYP90D_960_1440.png,cropped_0012_label_ckrYP90D_960_1440_mask.png
cropped_0012_label_ckrYP90D_2880_1920.png,cropped_0012_label_ckrYP90D_2880_1920_mask.png
cropped_0012_label_ckrYP90D_480_960.png,cropped_0012_label_ckrYP90D_480_960_mask.png
cropped_0012_label_ckrYP90D_3360_0.png,cropped_0012_label_ckrYP90D_3360_0_mask.png
cropped_0012_label_ckrYP90D_2400_1920.png,cropped_0012_label_ckrYP90D_2400_1920_mask.png
cropped_0012_label_ckrYP90D_2400_0.png,cropped_0012_label_ckrYP90D_2400_0_mask.png
cropped_0012_label_ckrYP90D_1920_2400.png,cropped_0012_label_ckrYP90D_1920_2400_mask.png
cropped_0012_label_ckrYP90D_3840_1920.png,cropped_0012_label_ckrYP90D_3840_1920_mask.png
cropped_0012_label_ckrYP90D_960_480.png,cropped_0012_label_ckrYP90D_960_480_mask.png
cropped_0012_label_ckrYP90D_1920_1440.png,cropped_0012_label_ckrYP90D_1920_1440_mask.png
cropped_0012_label_ckrYP90D_1920_960.png,cropped_0012_label_ckrYP90D_1920_960_mask.png
cropped_0012_label_ckrYP90D_2880_2400.png,cropped_0012_label_ckrYP90D_2880_2400_mask.png
cropped_0012_label_ckrYP90D_480_480.png,cropped_0012_label_ckrYP90D_480_480_mask.png
cropped_0012_label_ckrYP90D_480_2880.png,cropped_0012_label_ckrYP90D_480_2880_mask.png
cropped_0012_label_ckrYP90D_1440_960.png,cropped_0012_label_ckrYP90D_1440_960_mask.png
cropped_0012_label_ckrYP90D_960_1920.png,cropped_0012_label_ckrYP90D_960_1920_mask.png
cropped_0012_label_ckrYP90D_2400_1440.png,cropped_0012_label_ckrYP90D_2400_1440_mask.png
cropped_0012_label_ckrYP90D_1440_2400.png,cropped_0012_label_ckrYP90D_1440_2400_mask.png
cropped_0012_label_ckrYP90D_3360_2400.png,cropped_0012_label_ckrYP90D_3360_2400_mask.png
cropped_0018_label_WgYVYe3Q_2400_2400.png,cropped_0018_label_WgYVYe3Q_2400_2400_mask.png
cropped_0018_label_WgYVYe3Q_2880_0.png,cropped_0018_label_WgYVYe3Q_2880_0_mask.png
cropped_0018_label_WgYVYe3Q_1920_480.png,cropped_0018_label_WgYVYe3Q_1920_480_mask.png
cropped_0018_label_WgYVYe3Q_480_480.png,cropped_0018_label_WgYVYe3Q_480_480_mask.png
cropped_0018_label_WgYVYe3Q_3840_1440.png,cropped_0018_label_WgYVYe3Q_3840_1440_mask.png
cropped_0018_label_WgYVYe3Q_480_2400.png,cropped_0018_label_WgYVYe3Q_480_2400_mask.png
cropped_0018_label_WgYVYe3Q_1920_2400.png,cropped_0018_label_WgYVYe3Q_1920_2400_mask.png
cropped_0018_label_WgYVYe3Q_3360_960.png,cropped_0018_label_WgYVYe3Q_3360_960_mask.png
cropped_0018_label_WgYVYe3Q_1440_480.png,cropped_0018_label_WgYVYe3Q_1440_480_mask.png
cropped_0018_label_WgYVYe3Q_1440_1440.png,cropped_0018_label_WgYVYe3Q_1440_1440_mask.png
cropped_0018_label_WgYVYe3Q_0_960.png,cropped_0018_label_WgYVYe3Q_0_960_mask.png
cropped_0018_label_WgYVYe3Q_480_2880.png,cropped_0018_label_WgYVYe3Q_480_2880_mask.png
cropped_0018_label_WgYVYe3Q_1440_960.png,cropped_0018_label_WgYVYe3Q_1440_960_mask.png
cropped_0018_label_WgYVYe3Q_2880_1920.png,cropped_0018_label_WgYVYe3Q_2880_1920_mask.png
cropped_0018_label_WgYVYe3Q_3360_2880.png,cropped_0018_label_WgYVYe3Q_3360_2880_mask.png
cropped_0018_label_WgYVYe3Q_2400_0.png,cropped_0018_label_WgYVYe3Q_2400_0_mask.png
cropped_0018_label_WgYVYe3Q_0_0.png,cropped_0018_label_WgYVYe3Q_0_0_mask.png
cropped_0018_label_WgYVYe3Q_1920_1440.png,cropped_0018_label_WgYVYe3Q_1920_1440_mask.png
cropped_0018_label_WgYVYe3Q_0_1920.png,cropped_0018_label_WgYVYe3Q_0_1920_mask.png
cropped_0018_label_WgYVYe3Q_2400_1440.png,cropped_0018_label_WgYVYe3Q_2400_1440_mask.png
cropped_0019_label_BRxm2MyU_3840_1440.png,cropped_0019_label_BRxm2MyU_3840_1440_mask.png
cropped_0019_label_BRxm2MyU_2880_2400.png,cropped_0019_label_BRxm2MyU_2880_2400_mask.png
cropped_0019_label_BRxm2MyU_2400_480.png,cropped_0019_label_BRxm2MyU_2400_480_mask.png
cropped_0019_label_BRxm2MyU_0_0.png,cropped_0019_label_BRxm2MyU_0_0_mask.png
cropped_0019_label_BRxm2MyU_1920_480.png,cropped_0019_label_BRxm2MyU_1920_480_mask.png
cropped_0019_label_BRxm2MyU_3360_480.png,cropped_0019_label_BRxm2MyU_3360_480_mask.png
cropped_0019_label_BRxm2MyU_0_480.png,cropped_0019_label_BRxm2MyU_0_480_mask.png
cropped_0019_label_BRxm2MyU_960_1440.png,cropped_0019_label_BRxm2MyU_960_1440_mask.png
cropped_0019_label_BRxm2MyU_2880_1440.png,cropped_0019_label_BRxm2MyU_2880_1440_mask.png
cropped_0019_label_BRxm2MyU_480_2880.png,cropped_0019_label_BRxm2MyU_480_2880_mask.png
cropped_0019_label_BRxm2MyU_2400_2880.png,cropped_0019_label_BRxm2MyU_2400_2880_mask.png
cropped_0019_label_BRxm2MyU_3360_960.png,cropped_0019_label_BRxm2MyU_3360_960_mask.png
cropped_0019_label_BRxm2MyU_1440_2880.png,cropped_0019_label_BRxm2MyU_1440_2880_mask.png
cropped_0019_label_BRxm2MyU_2880_0.png,cropped_0019_label_BRxm2MyU_2880_0_mask.png
cropped_0019_label_BRxm2MyU_3360_0.png,cropped_0019_label_BRxm2MyU_3360_0_mask.png
cropped_0001_label_ufQVNw8q_2400_960.png,cropped_0001_label_ufQVNw8q_2400_960_mask.png
cropped_0001_label_ufQVNw8q_3360_480.png,cropped_0001_label_ufQVNw8q_3360_480_mask.png
cropped_0001_label_ufQVNw8q_960_0.png,cropped_0001_label_ufQVNw8q_960_0_mask.png
cropped_0001_label_ufQVNw8q_1440_1440.png,cropped_0001_label_ufQVNw8q_1440_1440_mask.png
cropped_0001_label_ufQVNw8q_2880_1440.png,cropped_0001_label_ufQVNw8q_2880_1440_mask.png
cropped_0001_label_ufQVNw8q_1440_2400.png,cropped_0001_label_ufQVNw8q_1440_2400_mask.png
cropped_0001_label_ufQVNw8q_0_0.png,cropped_0001_label_ufQVNw8q_0_0_mask.png
cropped_0001_label_ufQVNw8q_1920_0.png,cropped_0001_label_ufQVNw8q_1920_0_mask.png
cropped_0001_label_ufQVNw8q_3360_1440.png,cropped_0001_label_ufQVNw8q_3360_1440_mask.png
cropped_0001_label_ufQVNw8q_2400_1920.png,cropped_0001_label_ufQVNw8q_2400_1920_mask.png
cropped_0001_label_ufQVNw8q_1920_960.png,cropped_0001_label_ufQVNw8q_1920_960_mask.png
cropped_0001_label_ufQVNw8q_480_1920.png,cropped_0001_label_ufQVNw8q_480_1920_mask.png
cropped_0001_label_ufQVNw8q_2400_2880.png,cropped_0001_label_ufQVNw8q_2400_2880_mask.png
cropped_0001_label_ufQVNw8q_1920_1440.png,cropped_0001_label_ufQVNw8q_1920_1440_mask.png
cropped_0001_label_ufQVNw8q_960_480.png,cropped_0001_label_ufQVNw8q_960_480_mask.png
cropped_0001_label_ufQVNw8q_480_2400.png,cropped_0001_label_ufQVNw8q_480_2400_mask.png
cropped_0001_label_ufQVNw8q_480_2880.png,cropped_0001_label_ufQVNw8q_480_2880_mask.png
cropped_00000004_1_480_2880.png,cropped_00000004_1_480_2880_mask.png
cropped_00000004_1_1920_960.png,cropped_00000004_1_1920_960_mask.png
cropped_00000004_1_2400_1440.png,cropped_00000004_1_2400_1440_mask.png
cropped_00000004_1_3360_1440.png,cropped_00000004_1_3360_1440_mask.png
cropped_00000004_1_1440_480.png,cropped_00000004_1_1440_480_mask.png
cropped_00000004_1_3840_2400.png,cropped_00000004_1_3840_2400_mask.png
cropped_00000004_1_2880_0.png,cropped_00000004_1_2880_0_mask.png
cropped_00000004_1_1440_2880.png,cropped_00000004_1_1440_2880_mask.png
cropped_00000004_1_960_960.png,cropped_00000004_1_960_960_mask.png
cropped_00000004_1_3360_480.png,cropped_00000004_1_3360_480_mask.png
cropped_00000004_1_1440_2400.png,cropped_00000004_1_1440_2400_mask.png
cropped_00000004_1_960_1920.png,cropped_00000004_1_960_1920_mask.png
cropped_00000003_1440_2880.png,cropped_00000003_1440_2880_mask.png
cropped_00000003_3360_480.png,cropped_00000003_3360_480_mask.png
cropped_00000003_3360_960.png,cropped_00000003_3360_960_mask.png
cropped_00000003_0_2880.png,cropped_00000003_0_2880_mask.png
cropped_00000003_1440_0.png,cropped_00000003_1440_0_mask.png
cropped_00000003_480_480.png,cropped_00000003_480_480_mask.png
cropped_00000003_3840_480.png,cropped_00000003_3840_480_mask.png
cropped_00000003_480_1440.png,cropped_00000003_480_1440_mask.png
cropped_00000003_2880_960.png,cropped_00000003_2880_960_mask.png
cropped_00000003_2400_1440.png,cropped_00000003_2400_1440_mask.png
cropped_00000003_0_1920.png,cropped_00000003_0_1920_mask.png
cropped_00000003_3360_2400.png,cropped_00000003_3360_2400_mask.png
cropped_00000003_1920_960.png,cropped_00000003_1920_960_mask.png
cropped_00000003_2400_1920.png,cropped_00000003_2400_1920_mask.png
cropped_00000003_2880_480.png,cropped_00000003_2880_480_mask.png
cropped_00000003_960_960.png,cropped_00000003_960_960_mask.png
cropped_00000003_1440_960.png,cropped_00000003_1440_960_mask.png
cropped_00000003_3840_0.png,cropped_00000003_3840_0_mask.png
cropped_00000003_1440_480.png,cropped_00000003_1440_480_mask.png
cropped_00000003_0_1440.png,cropped_00000003_0_1440_mask.png
cropped_00000003_960_480.png,cropped_00000003_960_480_mask.png
cropped_0007_label_GQ173MEa_1440_960.png,cropped_0007_label_GQ173MEa_1440_960_mask.png
cropped_0007_label_GQ173MEa_2880_960.png,cropped_0007_label_GQ173MEa_2880_960_mask.png
cropped_0007_label_GQ173MEa_960_960.png,cropped_0007_label_GQ173MEa_960_960_mask.png
cropped_0007_label_GQ173MEa_960_2400.png,cropped_0007_label_GQ173MEa_960_2400_mask.png
cropped_0007_label_GQ173MEa_0_1440.png,cropped_0007_label_GQ173MEa_0_1440_mask.png
cropped_0007_label_GQ173MEa_960_0.png,cropped_0007_label_GQ173MEa_960_0_mask.png
cropped_0007_label_GQ173MEa_960_2880.png,cropped_0007_label_GQ173MEa_960_2880_mask.png
cropped_0007_label_GQ173MEa_3360_0.png,cropped_0007_label_GQ173MEa_3360_0_mask.png
cropped_0007_label_GQ173MEa_1440_0.png,cropped_0007_label_GQ173MEa_1440_0_mask.png
cropped_0007_label_GQ173MEa_480_1440.png,cropped_0007_label_GQ173MEa_480_1440_mask.png
cropped_0007_label_GQ173MEa_0_0.png,cropped_0007_label_GQ173MEa_0_0_mask.png
cropped_0007_label_GQ173MEa_3840_2880.png,cropped_0007_label_GQ173MEa_3840_2880_mask.png
cropped_0007_label_GQ173MEa_960_480.png,cropped_0007_label_GQ173MEa_960_480_mask.png
cropped_0007_label_GQ173MEa_2400_0.png,cropped_0007_label_GQ173MEa_2400_0_mask.png
cropped_0007_label_GQ173MEa_2880_1920.png,cropped_0007_label_GQ173MEa_2880_1920_mask.png
cropped_0008_label_WgYVYe3Q_1440_480.png,cropped_0008_label_WgYVYe3Q_1440_480_mask.png
cropped_0008_label_WgYVYe3Q_3360_1920.png,cropped_0008_label_WgYVYe3Q_3360_1920_mask.png
cropped_0008_label_WgYVYe3Q_2880_480.png,cropped_0008_label_WgYVYe3Q_2880_480_mask.png
cropped_0008_label_WgYVYe3Q_3360_1440.png,cropped_0008_label_WgYVYe3Q_3360_1440_mask.png
cropped_0008_label_WgYVYe3Q_2400_1920.png,cropped_0008_label_WgYVYe3Q_2400_1920_mask.png
cropped_0008_label_WgYVYe3Q_1440_960.png,cropped_0008_label_WgYVYe3Q_1440_960_mask.png
cropped_0008_label_WgYVYe3Q_1440_1440.png,cropped_0008_label_WgYVYe3Q_1440_1440_mask.png
cropped_0008_label_WgYVYe3Q_3360_960.png,cropped_0008_label_WgYVYe3Q_3360_960_mask.png
cropped_0008_label_WgYVYe3Q_1920_0.png,cropped_0008_label_WgYVYe3Q_1920_0_mask.png
cropped_0008_label_WgYVYe3Q_480_960.png,cropped_0008_label_WgYVYe3Q_480_960_mask.png
cropped_0008_label_WgYVYe3Q_2880_2400.png,cropped_0008_label_WgYVYe3Q_2880_2400_mask.png
cropped_0008_label_WgYVYe3Q_0_2880.png,cropped_0008_label_WgYVYe3Q_0_2880_mask.png
cropped_0008_label_WgYVYe3Q_1920_1920.png,cropped_0008_label_WgYVYe3Q_1920_1920_mask.png
cropped_0008_label_WgYVYe3Q_1920_1440.png,cropped_0008_label_WgYVYe3Q_1920_1440_mask.png
cropped_0008_label_WgYVYe3Q_2880_1920.png,cropped_0008_label_WgYVYe3Q_2880_1920_mask.png
cropped_0008_label_WgYVYe3Q_0_2400.png,cropped_0008_label_WgYVYe3Q_0_2400_mask.png
cropped_0008_label_WgYVYe3Q_1920_480.png,cropped_0008_label_WgYVYe3Q_1920_480_mask.png
cropped_0003_label_ufQVNw8q_1440_1920.png,cropped_0003_label_ufQVNw8q_1440_1920_mask.png
cropped_0003_label_ufQVNw8q_960_2400.png,cropped_0003_label_ufQVNw8q_960_2400_mask.png
cropped_0003_label_ufQVNw8q_3840_960.png,cropped_0003_label_ufQVNw8q_3840_960_mask.png
cropped_0003_label_ufQVNw8q_1440_960.png,cropped_0003_label_ufQVNw8q_1440_960_mask.png
cropped_0003_label_ufQVNw8q_3360_960.png,cropped_0003_label_ufQVNw8q_3360_960_mask.png
cropped_0003_label_ufQVNw8q_0_2880.png,cropped_0003_label_ufQVNw8q_0_2880_mask.png
cropped_0003_label_ufQVNw8q_960_480.png,cropped_0003_label_ufQVNw8q_960_480_mask.png
cropped_0003_label_ufQVNw8q_2400_2400.png,cropped_0003_label_ufQVNw8q_2400_2400_mask.png
cropped_0003_label_ufQVNw8q_1440_1440.png,cropped_0003_label_ufQVNw8q_1440_1440_mask.png
cropped_0003_label_ufQVNw8q_2880_2400.png,cropped_0003_label_ufQVNw8q_2880_2400_mask.png
cropped_0003_label_ufQVNw8q_3840_2880.png,cropped_0003_label_ufQVNw8q_3840_2880_mask.png
cropped_0003_label_ufQVNw8q_0_1920.png,cropped_0003_label_ufQVNw8q_0_1920_mask.png
cropped_0003_label_ufQVNw8q_2880_0.png,cropped_0003_label_ufQVNw8q_2880_0_mask.png
cropped_0003_label_ufQVNw8q_2880_960.png,cropped_0003_label_ufQVNw8q_2880_960_mask.png
cropped_0003_label_ufQVNw8q_0_1440.png,cropped_0003_label_ufQVNw8q_0_1440_mask.png
cropped_0003_label_ufQVNw8q_2400_1440.png,cropped_0003_label_ufQVNw8q_2400_1440_mask.png
cropped_00000062_1920_480.png,cropped_00000062_1920_480_mask.png
cropped_00000062_0_960.png,cropped_00000062_0_960_mask.png
cropped_00000062_1440_480.png,cropped_00000062_1440_480_mask.png
cropped_00000062_1920_0.png,cropped_00000062_1920_0_mask.png
cropped_00000062_1440_2880.png,cropped_00000062_1440_2880_mask.png
cropped_00000062_3360_1440.png,cropped_00000062_3360_1440_mask.png
cropped_00000062_1440_960.png,cropped_00000062_1440_960_mask.png
cropped_00000062_2880_2400.png,cropped_00000062_2880_2400_mask.png
cropped_00000062_960_1920.png,cropped_00000062_960_1920_mask.png
cropped_00000062_480_2880.png,cropped_00000062_480_2880_mask.png
cropped_00000062_960_2880.png,cropped_00000062_960_2880_mask.png
cropped_00000062_0_1440.png,cropped_00000062_0_1440_mask.png
cropped_00000062_2400_0.png,cropped_00000062_2400_0_mask.png
cropped_00000062_1920_2880.png,cropped_00000062_1920_2880_mask.png
cropped_00000062_3840_1920.png,cropped_00000062_3840_1920_mask.png
cropped_00000062_0_480.png,cropped_00000062_0_480_mask.png
cropped_00000062_960_960.png,cropped_00000062_960_960_mask.png
cropped_00000062_480_480.png,cropped_00000062_480_480_mask.png
cropped_00000062_2400_480.png,cropped_00000062_2400_480_mask.png
cropped_00000062_2880_2880.png,cropped_00000062_2880_2880_mask.png
cropped_00000062_3360_2880.png,cropped_00000062_3360_2880_mask.png
cropped_00000062_3840_960.png,cropped_00000062_3840_960_mask.png
cropped_0009_label_egaPlFje_2880_1920.png,cropped_0009_label_egaPlFje_2880_1920_mask.png
cropped_0009_label_egaPlFje_3360_480.png,cropped_0009_label_egaPlFje_3360_480_mask.png
cropped_0009_label_egaPlFje_2400_1440.png,cropped_0009_label_egaPlFje_2400_1440_mask.png
cropped_0009_label_egaPlFje_1440_960.png,cropped_0009_label_egaPlFje_1440_960_mask.png
cropped_0009_label_egaPlFje_1920_960.png,cropped_0009_label_egaPlFje_1920_960_mask.png
cropped_0009_label_egaPlFje_1920_480.png,cropped_0009_label_egaPlFje_1920_480_mask.png
cropped_0009_label_egaPlFje_1920_2880.png,cropped_0009_label_egaPlFje_1920_2880_mask.png
cropped_0009_label_egaPlFje_1440_1440.png,cropped_0009_label_egaPlFje_1440_1440_mask.png
cropped_0009_label_egaPlFje_960_960.png,cropped_0009_label_egaPlFje_960_960_mask.png
cropped_0009_label_egaPlFje_0_960.png,cropped_0009_label_egaPlFje_0_960_mask.png
cropped_0009_label_egaPlFje_480_2880.png,cropped_0009_label_egaPlFje_480_2880_mask.png
cropped_0009_label_egaPlFje_2400_0.png,cropped_0009_label_egaPlFje_2400_0_mask.png
cropped_0009_label_egaPlFje_0_0.png,cropped_0009_label_egaPlFje_0_0_mask.png
cropped_0009_label_egaPlFje_960_2400.png,cropped_0009_label_egaPlFje_960_2400_mask.png
cropped_0009_label_egaPlFje_3360_960.png,cropped_0009_label_egaPlFje_3360_960_mask.png
cropped_0009_label_egaPlFje_960_0.png,cropped_0009_label_egaPlFje_960_0_mask.png
cropped_0009_label_egaPlFje_480_0.png,cropped_0009_label_egaPlFje_480_0_mask.png
cropped_0009_label_egaPlFje_3360_1440.png,cropped_0009_label_egaPlFje_3360_1440_mask.png
cropped_0009_label_egaPlFje_2400_480.png,cropped_0009_label_egaPlFje_2400_480_mask.png
cropped_0009_label_egaPlFje_1440_2400.png,cropped_0009_label_egaPlFje_1440_2400_mask.png
cropped_0009_label_egaPlFje_1920_1440.png,cropped_0009_label_egaPlFje_1920_1440_mask.png
cropped_0003_label_l26civYo_3840_2880.png,cropped_0003_label_l26civYo_3840_2880_mask.png
cropped_0003_label_l26civYo_960_0.png,cropped_0003_label_l26civYo_960_0_mask.png
cropped_0003_label_l26civYo_3840_1440.png,cropped_0003_label_l26civYo_3840_1440_mask.png
cropped_0003_label_l26civYo_3840_0.png,cropped_0003_label_l26civYo_3840_0_mask.png
cropped_0003_label_l26civYo_480_1440.png,cropped_0003_label_l26civYo_480_1440_mask.png
cropped_0003_label_l26civYo_3360_2400.png,cropped_0003_label_l26civYo_3360_2400_mask.png
cropped_0003_label_l26civYo_0_2880.png,cropped_0003_label_l26civYo_0_2880_mask.png
cropped_0003_label_l26civYo_0_1440.png,cropped_0003_label_l26civYo_0_1440_mask.png
cropped_0003_label_l26civYo_480_480.png,cropped_0003_label_l26civYo_480_480_mask.png
cropped_0003_label_l26civYo_1440_1440.png,cropped_0003_label_l26civYo_1440_1440_mask.png
cropped_0003_label_l26civYo_2880_2880.png,cropped_0003_label_l26civYo_2880_2880_mask.png
cropped_0003_label_l26civYo_1440_960.png,cropped_0003_label_l26civYo_1440_960_mask.png
cropped_0003_label_l26civYo_3840_480.png,cropped_0003_label_l26civYo_3840_480_mask.png
cropped_0003_label_l26civYo_960_480.png,cropped_0003_label_l26civYo_960_480_mask.png
cropped_0003_label_l26civYo_1920_1440.png,cropped_0003_label_l26civYo_1920_1440_mask.png
cropped_0003_label_l26civYo_1440_0.png,cropped_0003_label_l26civYo_1440_0_mask.png
cropped_0003_label_l26civYo_0_2400.png,cropped_0003_label_l26civYo_0_2400_mask.png
cropped_0003_label_l26civYo_480_2880.png,cropped_0003_label_l26civYo_480_2880_mask.png
cropped_0003_label_l26civYo_480_0.png,cropped_0003_label_l26civYo_480_0_mask.png
cropped_00000001_4_3360_0.png,cropped_00000001_4_3360_0_mask.png
cropped_00000001_4_3840_480.png,cropped_00000001_4_3840_480_mask.png
cropped_00000001_4_3360_960.png,cropped_00000001_4_3360_960_mask.png
cropped_00000001_4_3840_0.png,cropped_00000001_4_3840_0_mask.png
cropped_00000001_4_1920_960.png,cropped_00000001_4_1920_960_mask.png
cropped_00000001_4_1440_960.png,cropped_00000001_4_1440_960_mask.png
cropped_00000001_4_3360_480.png,cropped_00000001_4_3360_480_mask.png
cropped_00000001_4_480_0.png,cropped_00000001_4_480_0_mask.png
cropped_00000001_4_1920_480.png,cropped_00000001_4_1920_480_mask.png
cropped_00000001_4_0_2880.png,cropped_00000001_4_0_2880_mask.png
cropped_00000001_4_2880_960.png,cropped_00000001_4_2880_960_mask.png
cropped_00000001_4_2880_480.png,cropped_00000001_4_2880_480_mask.png
cropped_00000001_4_1440_2880.png,cropped_00000001_4_1440_2880_mask.png
cropped_00000001_4_2400_960.png,cropped_00000001_4_2400_960_mask.png
cropped_00000001_4_2400_0.png,cropped_00000001_4_2400_0_mask.png
cropped_00000001_4_2400_480.png,cropped_00000001_4_2400_480_mask.png
cropped_0002_label_FCjmsocM_2880_1440.png,cropped_0002_label_FCjmsocM_2880_1440_mask.png
cropped_0002_label_FCjmsocM_2880_480.png,cropped_0002_label_FCjmsocM_2880_480_mask.png
cropped_0002_label_FCjmsocM_2400_2880.png,cropped_0002_label_FCjmsocM_2400_2880_mask.png
cropped_0002_label_FCjmsocM_2400_0.png,cropped_0002_label_FCjmsocM_2400_0_mask.png
cropped_0002_label_FCjmsocM_3840_480.png,cropped_0002_label_FCjmsocM_3840_480_mask.png
cropped_0002_label_FCjmsocM_960_1440.png,cropped_0002_label_FCjmsocM_960_1440_mask.png
cropped_0002_label_FCjmsocM_2880_1920.png,cropped_0002_label_FCjmsocM_2880_1920_mask.png
cropped_0002_label_FCjmsocM_1920_480.png,cropped_0002_label_FCjmsocM_1920_480_mask.png
cropped_0002_label_FCjmsocM_0_1920.png,cropped_0002_label_FCjmsocM_0_1920_mask.png
cropped_0002_label_FCjmsocM_3360_960.png,cropped_0002_label_FCjmsocM_3360_960_mask.png
cropped_0002_label_FCjmsocM_480_1920.png,cropped_0002_label_FCjmsocM_480_1920_mask.png
cropped_0002_label_FCjmsocM_0_480.png,cropped_0002_label_FCjmsocM_0_480_mask.png
cropped_0002_label_FCjmsocM_1920_2880.png,cropped_0002_label_FCjmsocM_1920_2880_mask.png
cropped_0002_label_FCjmsocM_960_2880.png,cropped_0002_label_FCjmsocM_960_2880_mask.png
cropped_0002_label_FCjmsocM_480_1440.png,cropped_0002_label_FCjmsocM_480_1440_mask.png
cropped_0002_label_FCjmsocM_960_480.png,cropped_0002_label_FCjmsocM_960_480_mask.png
cropped_0002_label_FCjmsocM_1920_960.png,cropped_0002_label_FCjmsocM_1920_960_mask.png
cropped_0002_label_FCjmsocM_3840_960.png,cropped_0002_label_FCjmsocM_3840_960_mask.png
cropped_0002_label_FCjmsocM_3360_480.png,cropped_0002_label_FCjmsocM_3360_480_mask.png
cropped_0002_label_FCjmsocM_1920_0.png,cropped_0002_label_FCjmsocM_1920_0_mask.png
cropped_00000003_5_960_480.png,cropped_00000003_5_960_480_mask.png
cropped_00000003_5_480_2400.png,cropped_00000003_5_480_2400_mask.png
cropped_00000003_5_3840_2880.png,cropped_00000003_5_3840_2880_mask.png
cropped_00000003_5_2880_960.png,cropped_00000003_5_2880_960_mask.png
cropped_00000003_5_0_1920.png,cropped_00000003_5_0_1920_mask.png
cropped_00000003_5_480_480.png,cropped_00000003_5_480_480_mask.png
cropped_00000003_5_2400_1440.png,cropped_00000003_5_2400_1440_mask.png
cropped_00000003_5_1440_1920.png,cropped_00000003_5_1440_1920_mask.png
cropped_00000003_5_2880_1440.png,cropped_00000003_5_2880_1440_mask.png
cropped_00000003_5_3360_1920.png,cropped_00000003_5_3360_1920_mask.png
cropped_00000003_5_1920_0.png,cropped_00000003_5_1920_0_mask.png
cropped_00000003_5_2400_1920.png,cropped_00000003_5_2400_1920_mask.png
cropped_00000003_5_480_1440.png,cropped_00000003_5_480_1440_mask.png
cropped_00000003_5_960_1440.png,cropped_00000003_5_960_1440_mask.png
cropped_00000003_5_2400_2880.png,cropped_00000003_5_2400_2880_mask.png
cropped_00000003_5_1440_2880.png,cropped_00000003_5_1440_2880_mask.png
cropped_00000003_5_1920_1440.png,cropped_00000003_5_1920_1440_mask.png
cropped_0008_label_KhubE3m1_1920_960.png,cropped_0008_label_KhubE3m1_1920_960_mask.png
cropped_0008_label_KhubE3m1_960_0.png,cropped_0008_label_KhubE3m1_960_0_mask.png
cropped_0008_label_KhubE3m1_2400_960.png,cropped_0008_label_KhubE3m1_2400_960_mask.png
cropped_0008_label_KhubE3m1_1920_1440.png,cropped_0008_label_KhubE3m1_1920_1440_mask.png
cropped_0008_label_KhubE3m1_3840_2880.png,cropped_0008_label_KhubE3m1_3840_2880_mask.png
cropped_0008_label_KhubE3m1_3840_2400.png,cropped_0008_label_KhubE3m1_3840_2400_mask.png
cropped_0008_label_KhubE3m1_480_2400.png,cropped_0008_label_KhubE3m1_480_2400_mask.png
cropped_0008_label_KhubE3m1_1920_2400.png,cropped_0008_label_KhubE3m1_1920_2400_mask.png
cropped_0008_label_KhubE3m1_2400_1440.png,cropped_0008_label_KhubE3m1_2400_1440_mask.png
cropped_0008_label_KhubE3m1_2400_480.png,cropped_0008_label_KhubE3m1_2400_480_mask.png
cropped_0008_label_KhubE3m1_3840_1920.png,cropped_0008_label_KhubE3m1_3840_1920_mask.png
cropped_0008_label_KhubE3m1_1920_2880.png,cropped_0008_label_KhubE3m1_1920_2880_mask.png
cropped_0016_label_iSVx22hl_0_0.png,cropped_0016_label_iSVx22hl_0_0_mask.png
cropped_0016_label_iSVx22hl_480_1440.png,cropped_0016_label_iSVx22hl_480_1440_mask.png
cropped_0016_label_iSVx22hl_480_1920.png,cropped_0016_label_iSVx22hl_480_1920_mask.png
cropped_0016_label_iSVx22hl_960_0.png,cropped_0016_label_iSVx22hl_960_0_mask.png
cropped_0016_label_iSVx22hl_3840_2400.png,cropped_0016_label_iSVx22hl_3840_2400_mask.png
cropped_0016_label_iSVx22hl_3360_1440.png,cropped_0016_label_iSVx22hl_3360_1440_mask.png
cropped_0016_label_iSVx22hl_0_2400.png,cropped_0016_label_iSVx22hl_0_2400_mask.png
cropped_0016_label_iSVx22hl_1920_0.png,cropped_0016_label_iSVx22hl_1920_0_mask.png
cropped_0016_label_iSVx22hl_1440_1440.png,cropped_0016_label_iSVx22hl_1440_1440_mask.png
cropped_0016_label_iSVx22hl_480_960.png,cropped_0016_label_iSVx22hl_480_960_mask.png
cropped_0016_label_iSVx22hl_2880_1920.png,cropped_0016_label_iSVx22hl_2880_1920_mask.png
cropped_0016_label_iSVx22hl_480_480.png,cropped_0016_label_iSVx22hl_480_480_mask.png
cropped_0016_label_iSVx22hl_2400_2400.png,cropped_0016_label_iSVx22hl_2400_2400_mask.png
cropped_0016_label_iSVx22hl_3840_2880.png,cropped_0016_label_iSVx22hl_3840_2880_mask.png
cropped_0016_label_iSVx22hl_2880_960.png,cropped_0016_label_iSVx22hl_2880_960_mask.png
cropped_0016_label_iSVx22hl_1920_1920.png,cropped_0016_label_iSVx22hl_1920_1920_mask.png
cropped_0016_label_iSVx22hl_1440_1920.png,cropped_0016_label_iSVx22hl_1440_1920_mask.png
cropped_0016_label_Y0sRpXgl_480_1440.png,cropped_0016_label_Y0sRpXgl_480_1440_mask.png
cropped_0016_label_Y0sRpXgl_1920_1440.png,cropped_0016_label_Y0sRpXgl_1920_1440_mask.png
cropped_0016_label_Y0sRpXgl_2400_2400.png,cropped_0016_label_Y0sRpXgl_2400_2400_mask.png
cropped_0016_label_Y0sRpXgl_3840_1920.png,cropped_0016_label_Y0sRpXgl_3840_1920_mask.png
cropped_0016_label_Y0sRpXgl_2400_0.png,cropped_0016_label_Y0sRpXgl_2400_0_mask.png
cropped_0016_label_Y0sRpXgl_0_2880.png,cropped_0016_label_Y0sRpXgl_0_2880_mask.png
cropped_0016_label_Y0sRpXgl_960_2400.png,cropped_0016_label_Y0sRpXgl_960_2400_mask.png
cropped_0016_label_Y0sRpXgl_960_2880.png,cropped_0016_label_Y0sRpXgl_960_2880_mask.png
cropped_0016_label_Y0sRpXgl_0_1920.png,cropped_0016_label_Y0sRpXgl_0_1920_mask.png
cropped_0016_label_Y0sRpXgl_960_1440.png,cropped_0016_label_Y0sRpXgl_960_1440_mask.png
cropped_0016_label_Y0sRpXgl_3360_2880.png,cropped_0016_label_Y0sRpXgl_3360_2880_mask.png
cropped_0016_label_Y0sRpXgl_1440_0.png,cropped_0016_label_Y0sRpXgl_1440_0_mask.png
cropped_0016_label_Y0sRpXgl_0_960.png,cropped_0016_label_Y0sRpXgl_0_960_mask.png
cropped_0016_label_Y0sRpXgl_3840_1440.png,cropped_0016_label_Y0sRpXgl_3840_1440_mask.png
cropped_0016_label_Y0sRpXgl_480_2880.png,cropped_0016_label_Y0sRpXgl_480_2880_mask.png
cropped_0016_label_Y0sRpXgl_480_960.png,cropped_0016_label_Y0sRpXgl_480_960_mask.png
cropped_0016_label_Y0sRpXgl_1440_1440.png,cropped_0016_label_Y0sRpXgl_1440_1440_mask.png
cropped_0016_label_Y0sRpXgl_3360_1440.png,cropped_0016_label_Y0sRpXgl_3360_1440_mask.png
cropped_0016_label_Y0sRpXgl_1920_960.png,cropped_0016_label_Y0sRpXgl_1920_960_mask.png
cropped_0016_label_Y0sRpXgl_1440_2880.png,cropped_0016_label_Y0sRpXgl_1440_2880_mask.png
cropped_0016_label_Y0sRpXgl_3360_0.png,cropped_0016_label_Y0sRpXgl_3360_0_mask.png
cropped_0016_label_Y0sRpXgl_3840_2880.png,cropped_0016_label_Y0sRpXgl_3840_2880_mask.png
cropped_00000018_1_1920_480.png,cropped_00000018_1_1920_480_mask.png
cropped_00000018_1_960_1440.png,cropped_00000018_1_960_1440_mask.png
cropped_00000018_1_3360_960.png,cropped_00000018_1_3360_960_mask.png
cropped_00000018_1_2400_960.png,cropped_00000018_1_2400_960_mask.png
cropped_00000018_1_2400_0.png,cropped_00000018_1_2400_0_mask.png
cropped_00000018_1_2880_1440.png,cropped_00000018_1_2880_1440_mask.png
cropped_00000018_1_0_960.png,cropped_00000018_1_0_960_mask.png
cropped_00000018_1_1440_480.png,cropped_00000018_1_1440_480_mask.png
cropped_00000018_1_2880_1920.png,cropped_00000018_1_2880_1920_mask.png
cropped_00000018_1_960_1920.png,cropped_00000018_1_960_1920_mask.png
cropped_00000018_1_480_1920.png,cropped_00000018_1_480_1920_mask.png
cropped_00000018_1_1440_2880.png,cropped_00000018_1_1440_2880_mask.png
cropped_00000018_1_480_2880.png,cropped_00000018_1_480_2880_mask.png
cropped_00000018_1_2400_2400.png,cropped_00000018_1_2400_2400_mask.png
cropped_00000018_1_1920_960.png,cropped_00000018_1_1920_960_mask.png
cropped_00000018_1_480_1440.png,cropped_00000018_1_480_1440_mask.png
cropped_00000018_1_2880_960.png,cropped_00000018_1_2880_960_mask.png
cropped_00000018_1_480_960.png,cropped_00000018_1_480_960_mask.png
cropped_00000018_1_2400_480.png,cropped_00000018_1_2400_480_mask.png
cropped_00000018_1_0_0.png,cropped_00000018_1_0_0_mask.png
cropped_00000018_1_3840_960.png,cropped_00000018_1_3840_960_mask.png
cropped_00000018_1_1440_2400.png,cropped_00000018_1_1440_2400_mask.png
cropped_00000018_1_1920_2400.png,cropped_00000018_1_1920_2400_mask.png
cropped_00000018_1_960_2400.png,cropped_00000018_1_960_2400_mask.png
cropped_00000018_1_1440_0.png,cropped_00000018_1_1440_0_mask.png
cropped_0019_label_egaPlFje_1920_2880.png,cropped_0019_label_egaPlFje_1920_2880_mask.png
cropped_0019_label_egaPlFje_3840_1920.png,cropped_0019_label_egaPlFje_3840_1920_mask.png
cropped_0019_label_egaPlFje_960_480.png,cropped_0019_label_egaPlFje_960_480_mask.png
cropped_0019_label_egaPlFje_3360_2400.png,cropped_0019_label_egaPlFje_3360_2400_mask.png
cropped_0019_label_egaPlFje_2880_2880.png,cropped_0019_label_egaPlFje_2880_2880_mask.png
cropped_0019_label_egaPlFje_0_960.png,cropped_0019_label_egaPlFje_0_960_mask.png
cropped_0019_label_egaPlFje_480_960.png,cropped_0019_label_egaPlFje_480_960_mask.png
cropped_0019_label_egaPlFje_1920_1920.png,cropped_0019_label_egaPlFje_1920_1920_mask.png
cropped_0019_label_egaPlFje_960_1440.png,cropped_0019_label_egaPlFje_960_1440_mask.png
cropped_0019_label_egaPlFje_0_0.png,cropped_0019_label_egaPlFje_0_0_mask.png
cropped_0019_label_egaPlFje_1920_1440.png,cropped_0019_label_egaPlFje_1920_1440_mask.png
cropped_0019_label_egaPlFje_960_1920.png,cropped_0019_label_egaPlFje_960_1920_mask.png
cropped_0019_label_egaPlFje_3840_2400.png,cropped_0019_label_egaPlFje_3840_2400_mask.png
cropped_0019_label_egaPlFje_2880_1440.png,cropped_0019_label_egaPlFje_2880_1440_mask.png
cropped_0019_label_egaPlFje_2400_2400.png,cropped_0019_label_egaPlFje_2400_2400_mask.png
cropped_0019_label_egaPlFje_3360_960.png,cropped_0019_label_egaPlFje_3360_960_mask.png
cropped_0019_label_egaPlFje_2400_0.png,cropped_0019_label_egaPlFje_2400_0_mask.png
cropped_0019_label_egaPlFje_3360_2880.png,cropped_0019_label_egaPlFje_3360_2880_mask.png
cropped_0019_label_egaPlFje_960_0.png,cropped_0019_label_egaPlFje_960_0_mask.png
cropped_0019_label_egaPlFje_2880_2400.png,cropped_0019_label_egaPlFje_2880_2400_mask.png
cropped_0019_label_egaPlFje_0_2880.png,cropped_0019_label_egaPlFje_0_2880_mask.png
cropped_0019_label_egaPlFje_1920_960.png,cropped_0019_label_egaPlFje_1920_960_mask.png
cropped_0016_label_ckrYP90D_0_1440.png,cropped_0016_label_ckrYP90D_0_1440_mask.png
cropped_0016_label_ckrYP90D_960_1920.png,cropped_0016_label_ckrYP90D_960_1920_mask.png
cropped_0016_label_ckrYP90D_480_960.png,cropped_0016_label_ckrYP90D_480_960_mask.png
cropped_0016_label_ckrYP90D_1440_2400.png,cropped_0016_label_ckrYP90D_1440_2400_mask.png
cropped_0016_label_ckrYP90D_480_1440.png,cropped_0016_label_ckrYP90D_480_1440_mask.png
cropped_0016_label_ckrYP90D_2880_1440.png,cropped_0016_label_ckrYP90D_2880_1440_mask.png
cropped_0016_label_ckrYP90D_1920_1920.png,cropped_0016_label_ckrYP90D_1920_1920_mask.png
cropped_0016_label_ckrYP90D_1440_2880.png,cropped_0016_label_ckrYP90D_1440_2880_mask.png
cropped_0016_label_ckrYP90D_2880_1920.png,cropped_0016_label_ckrYP90D_2880_1920_mask.png
cropped_0016_label_ckrYP90D_3360_2400.png,cropped_0016_label_ckrYP90D_3360_2400_mask.png
cropped_0016_label_ckrYP90D_0_0.png,cropped_0016_label_ckrYP90D_0_0_mask.png
cropped_0016_label_ckrYP90D_480_2880.png,cropped_0016_label_ckrYP90D_480_2880_mask.png
cropped_0016_label_ckrYP90D_1920_0.png,cropped_0016_label_ckrYP90D_1920_0_mask.png
cropped_0016_label_ckrYP90D_960_480.png,cropped_0016_label_ckrYP90D_960_480_mask.png
cropped_0016_label_ckrYP90D_3360_2880.png,cropped_0016_label_ckrYP90D_3360_2880_mask.png
cropped_0016_label_ckrYP90D_480_1920.png,cropped_0016_label_ckrYP90D_480_1920_mask.png
cropped_0016_label_ckrYP90D_1920_1440.png,cropped_0016_label_ckrYP90D_1920_1440_mask.png
cropped_0016_label_ckrYP90D_1920_2400.png,cropped_0016_label_ckrYP90D_1920_2400_mask.png
cropped_00000020_1_1440_1440.png,cropped_00000020_1_1440_1440_mask.png
cropped_00000020_1_480_2880.png,cropped_00000020_1_480_2880_mask.png
cropped_00000020_1_3840_1920.png,cropped_00000020_1_3840_1920_mask.png
cropped_00000020_1_0_480.png,cropped_00000020_1_0_480_mask.png
cropped_00000020_1_2400_1440.png,cropped_00000020_1_2400_1440_mask.png
cropped_00000020_1_3840_480.png,cropped_00000020_1_3840_480_mask.png
cropped_00000020_1_480_0.png,cropped_00000020_1_480_0_mask.png
cropped_00000020_1_960_1920.png,cropped_00000020_1_960_1920_mask.png
cropped_00000020_1_960_1440.png,cropped_00000020_1_960_1440_mask.png
cropped_00000020_1_480_960.png,cropped_00000020_1_480_960_mask.png
cropped_00000020_1_1920_480.png,cropped_00000020_1_1920_480_mask.png
cropped_00000020_1_2400_960.png,cropped_00000020_1_2400_960_mask.png
cropped_00000020_1_3360_1440.png,cropped_00000020_1_3360_1440_mask.png
cropped_00000020_1_2400_480.png,cropped_00000020_1_2400_480_mask.png
cropped_00000020_1_0_960.png,cropped_00000020_1_0_960_mask.png
cropped_00000020_1_3840_1440.png,cropped_00000020_1_3840_1440_mask.png
cropped_00000020_1_1440_2880.png,cropped_00000020_1_1440_2880_mask.png
cropped_00000020_1_1920_2880.png,cropped_00000020_1_1920_2880_mask.png
cropped_00000020_1_2880_0.png,cropped_00000020_1_2880_0_mask.png
cropped_00000020_1_3360_0.png,cropped_00000020_1_3360_0_mask.png
cropped_00000020_1_960_2880.png,cropped_00000020_1_960_2880_mask.png
cropped_00000020_1_1440_2400.png,cropped_00000020_1_1440_2400_mask.png
cropped_00000020_1_1920_960.png,cropped_00000020_1_1920_960_mask.png
cropped_00000020_1_480_1440.png,cropped_00000020_1_480_1440_mask.png
cropped_00000020_1_2880_1440.png,cropped_00000020_1_2880_1440_mask.png
cropped_00000046_1_3360_960.png,cropped_00000046_1_3360_960_mask.png
cropped_00000046_1_0_1920.png,cropped_00000046_1_0_1920_mask.png
cropped_00000046_1_3840_0.png,cropped_00000046_1_3840_0_mask.png
cropped_00000046_1_2400_480.png,cropped_00000046_1_2400_480_mask.png
cropped_00000046_1_0_2400.png,cropped_00000046_1_0_2400_mask.png
cropped_00000046_1_3360_480.png,cropped_00000046_1_3360_480_mask.png
cropped_00000046_1_1440_1920.png,cropped_00000046_1_1440_1920_mask.png
cropped_00000046_1_1440_0.png,cropped_00000046_1_1440_0_mask.png
cropped_00000046_1_2880_1440.png,cropped_00000046_1_2880_1440_mask.png
cropped_00000046_1_960_1920.png,cropped_00000046_1_960_1920_mask.png
cropped_00000046_1_0_2880.png,cropped_00000046_1_0_2880_mask.png
cropped_00000046_1_480_1440.png,cropped_00000046_1_480_1440_mask.png
cropped_00000046_1_1920_1440.png,cropped_00000046_1_1920_1440_mask.png
cropped_00000046_1_2880_2400.png,cropped_00000046_1_2880_2400_mask.png
cropped_00000046_1_0_0.png,cropped_00000046_1_0_0_mask.png
cropped_00000046_1_960_480.png,cropped_00000046_1_960_480_mask.png
cropped_00000046_1_1440_2400.png,cropped_00000046_1_1440_2400_mask.png
cropped_00000046_1_960_960.png,cropped_00000046_1_960_960_mask.png
cropped_00000029_2400_1920.png,cropped_00000029_2400_1920_mask.png
cropped_00000029_0_1920.png,cropped_00000029_0_1920_mask.png
cropped_00000029_3840_0.png,cropped_00000029_3840_0_mask.png
cropped_00000029_960_0.png,cropped_00000029_960_0_mask.png
cropped_00000029_3840_480.png,cropped_00000029_3840_480_mask.png
cropped_00000029_2400_960.png,cropped_00000029_2400_960_mask.png
cropped_00000029_3360_480.png,cropped_00000029_3360_480_mask.png
cropped_00000029_2400_2880.png,cropped_00000029_2400_2880_mask.png
cropped_00000029_960_1920.png,cropped_00000029_960_1920_mask.png
cropped_00000029_2400_480.png,cropped_00000029_2400_480_mask.png
cropped_00000029_2400_2400.png,cropped_00000029_2400_2400_mask.png
cropped_00000029_960_960.png,cropped_00000029_960_960_mask.png
cropped_00000029_960_2880.png,cropped_00000029_960_2880_mask.png
cropped_00000029_2880_0.png,cropped_00000029_2880_0_mask.png
cropped_00000029_3840_960.png,cropped_00000029_3840_960_mask.png
cropped_00000029_0_1440.png,cropped_00000029_0_1440_mask.png
cropped_00000029_480_1920.png,cropped_00000029_480_1920_mask.png
cropped_00000029_0_2400.png,cropped_00000029_0_2400_mask.png
cropped_00000029_1920_2880.png,cropped_00000029_1920_2880_mask.png
cropped_00000029_480_2400.png,cropped_00000029_480_2400_mask.png
cropped_00000009_960_1920.png,cropped_00000009_960_1920_mask.png
cropped_00000009_2400_2880.png,cropped_00000009_2400_2880_mask.png
cropped_00000009_1920_960.png,cropped_00000009_1920_960_mask.png
cropped_00000009_0_1440.png,cropped_00000009_0_1440_mask.png
cropped_00000009_480_480.png,cropped_00000009_480_480_mask.png
cropped_00000009_0_480.png,cropped_00000009_0_480_mask.png
cropped_00000009_2880_2880.png,cropped_00000009_2880_2880_mask.png
cropped_00000009_1920_1920.png,cropped_00000009_1920_1920_mask.png
cropped_00000009_3360_480.png,cropped_00000009_3360_480_mask.png
cropped_00000009_0_960.png,cropped_00000009_0_960_mask.png
cropped_00000009_480_1920.png,cropped_00000009_480_1920_mask.png
cropped_00000009_2880_0.png,cropped_00000009_2880_0_mask.png
cropped_00000009_1440_960.png,cropped_00000009_1440_960_mask.png
cropped_00000009_3360_0.png,cropped_00000009_3360_0_mask.png
cropped_00000009_2400_960.png,cropped_00000009_2400_960_mask.png
cropped_00000009_2400_2400.png,cropped_00000009_2400_2400_mask.png
cropped_00000009_3840_1920.png,cropped_00000009_3840_1920_mask.png
cropped_00000009_960_480.png,cropped_00000009_960_480_mask.png
cropped_00000025_1_1440_1440.png,cropped_00000025_1_1440_1440_mask.png
cropped_00000025_1_2400_960.png,cropped_00000025_1_2400_960_mask.png
cropped_00000025_1_960_2400.png,cropped_00000025_1_960_2400_mask.png
cropped_00000025_1_1440_1920.png,cropped_00000025_1_1440_1920_mask.png
cropped_00000025_1_3360_2400.png,cropped_00000025_1_3360_2400_mask.png
cropped_00000025_1_2880_2880.png,cropped_00000025_1_2880_2880_mask.png
cropped_00000025_1_960_2880.png,cropped_00000025_1_960_2880_mask.png
cropped_00000025_1_2400_2400.png,cropped_00000025_1_2400_2400_mask.png
cropped_00000025_1_0_1920.png,cropped_00000025_1_0_1920_mask.png
cropped_00000025_1_2880_480.png,cropped_00000025_1_2880_480_mask.png
cropped_00000025_1_960_0.png,cropped_00000025_1_960_0_mask.png
cropped_00000025_1_480_480.png,cropped_00000025_1_480_480_mask.png
cropped_00000025_1_480_2880.png,cropped_00000025_1_480_2880_mask.png
cropped_00000025_1_0_960.png,cropped_00000025_1_0_960_mask.png
cropped_00000025_1_1440_0.png,cropped_00000025_1_1440_0_mask.png
cropped_00000025_1_2400_0.png,cropped_00000025_1_2400_0_mask.png
cropped_00000002_3_3840_1920.png,cropped_00000002_3_3840_1920_mask.png
cropped_00000002_3_1920_2880.png,cropped_00000002_3_1920_2880_mask.png
cropped_00000002_3_1440_960.png,cropped_00000002_3_1440_960_mask.png
cropped_00000002_3_1920_480.png,cropped_00000002_3_1920_480_mask.png
cropped_00000002_3_1920_960.png,cropped_00000002_3_1920_960_mask.png
cropped_00000002_3_1440_480.png,cropped_00000002_3_1440_480_mask.png
cropped_00000002_3_0_480.png,cropped_00000002_3_0_480_mask.png
cropped_00000002_3_0_1440.png,cropped_00000002_3_0_1440_mask.png
cropped_00000002_3_2400_960.png,cropped_00000002_3_2400_960_mask.png
cropped_00000002_3_1440_1440.png,cropped_00000002_3_1440_1440_mask.png
cropped_00000002_3_2880_1440.png,cropped_00000002_3_2880_1440_mask.png
cropped_00000002_3_3360_1440.png,cropped_00000002_3_3360_1440_mask.png
cropped_00000002_3_3360_960.png,cropped_00000002_3_3360_960_mask.png
cropped_00000002_3_0_960.png,cropped_00000002_3_0_960_mask.png
cropped_00000002_3_3360_480.png,cropped_00000002_3_3360_480_mask.png
cropped_00000002_3_480_480.png,cropped_00000002_3_480_480_mask.png
cropped_00000002_3_1440_1920.png,cropped_00000002_3_1440_1920_mask.png
cropped_00000002_3_480_1920.png,cropped_00000002_3_480_1920_mask.png
cropped_00000002_3_2400_0.png,cropped_00000002_3_2400_0_mask.png
cropped_0011_label_1XDZxhBC_2880_2880.png,cropped_0011_label_1XDZxhBC_2880_2880_mask.png
cropped_0011_label_1XDZxhBC_2400_2880.png,cropped_0011_label_1XDZxhBC_2400_2880_mask.png
cropped_0011_label_1XDZxhBC_2400_480.png,cropped_0011_label_1XDZxhBC_2400_480_mask.png
cropped_0011_label_1XDZxhBC_1440_0.png,cropped_0011_label_1XDZxhBC_1440_0_mask.png
cropped_0011_label_1XDZxhBC_3840_0.png,cropped_0011_label_1XDZxhBC_3840_0_mask.png
cropped_0011_label_1XDZxhBC_3840_2880.png,cropped_0011_label_1XDZxhBC_3840_2880_mask.png
cropped_0011_label_1XDZxhBC_1920_480.png,cropped_0011_label_1XDZxhBC_1920_480_mask.png
cropped_0011_label_1XDZxhBC_2880_1920.png,cropped_0011_label_1XDZxhBC_2880_1920_mask.png
cropped_0011_label_1XDZxhBC_1440_2400.png,cropped_0011_label_1XDZxhBC_1440_2400_mask.png
cropped_0011_label_1XDZxhBC_1920_1920.png,cropped_0011_label_1XDZxhBC_1920_1920_mask.png
cropped_0011_label_1XDZxhBC_2400_1920.png,cropped_0011_label_1XDZxhBC_2400_1920_mask.png
cropped_0011_label_1XDZxhBC_2880_0.png,cropped_0011_label_1XDZxhBC_2880_0_mask.png
cropped_0011_label_1XDZxhBC_3840_1920.png,cropped_0011_label_1XDZxhBC_3840_1920_mask.png
cropped_0011_label_1XDZxhBC_2880_1440.png,cropped_0011_label_1XDZxhBC_2880_1440_mask.png
cropped_0011_label_1XDZxhBC_0_2400.png,cropped_0011_label_1XDZxhBC_0_2400_mask.png
cropped_0011_label_1XDZxhBC_3840_1440.png,cropped_0011_label_1XDZxhBC_3840_1440_mask.png
cropped_0011_label_1XDZxhBC_960_1920.png,cropped_0011_label_1XDZxhBC_960_1920_mask.png
cropped_0011_label_1XDZxhBC_480_960.png,cropped_0011_label_1XDZxhBC_480_960_mask.png
cropped_0011_label_1XDZxhBC_480_1440.png,cropped_0011_label_1XDZxhBC_480_1440_mask.png
cropped_0011_label_1XDZxhBC_2400_2400.png,cropped_0011_label_1XDZxhBC_2400_2400_mask.png
cropped_0011_label_1XDZxhBC_3360_0.png,cropped_0011_label_1XDZxhBC_3360_0_mask.png
cropped_0011_label_1XDZxhBC_2400_1440.png,cropped_0011_label_1XDZxhBC_2400_1440_mask.png
cropped_0018_label_egaPlFje_480_2880.png,cropped_0018_label_egaPlFje_480_2880_mask.png
cropped_0018_label_egaPlFje_2400_1440.png,cropped_0018_label_egaPlFje_2400_1440_mask.png
cropped_0018_label_egaPlFje_2880_480.png,cropped_0018_label_egaPlFje_2880_480_mask.png
cropped_0018_label_egaPlFje_3840_1920.png,cropped_0018_label_egaPlFje_3840_1920_mask.png
cropped_0018_label_egaPlFje_960_960.png,cropped_0018_label_egaPlFje_960_960_mask.png
cropped_0018_label_egaPlFje_480_2400.png,cropped_0018_label_egaPlFje_480_2400_mask.png
cropped_0018_label_egaPlFje_0_1440.png,cropped_0018_label_egaPlFje_0_1440_mask.png
cropped_0018_label_egaPlFje_1440_0.png,cropped_0018_label_egaPlFje_1440_0_mask.png
cropped_0018_label_egaPlFje_480_480.png,cropped_0018_label_egaPlFje_480_480_mask.png
cropped_0018_label_egaPlFje_1920_2400.png,cropped_0018_label_egaPlFje_1920_2400_mask.png
cropped_0018_label_egaPlFje_0_2400.png,cropped_0018_label_egaPlFje_0_2400_mask.png
cropped_0018_label_egaPlFje_3840_0.png,cropped_0018_label_egaPlFje_3840_0_mask.png
cropped_0018_label_egaPlFje_960_1440.png,cropped_0018_label_egaPlFje_960_1440_mask.png
cropped_0018_label_egaPlFje_2880_2400.png,cropped_0018_label_egaPlFje_2880_2400_mask.png
cropped_0018_label_egaPlFje_3840_480.png,cropped_0018_label_egaPlFje_3840_480_mask.png
cropped_0018_label_egaPlFje_3840_1440.png,cropped_0018_label_egaPlFje_3840_1440_mask.png
cropped_0018_label_egaPlFje_2400_2400.png,cropped_0018_label_egaPlFje_2400_2400_mask.png
cropped_0018_label_egaPlFje_2400_960.png,cropped_0018_label_egaPlFje_2400_960_mask.png
cropped_0018_label_egaPlFje_3360_1440.png,cropped_0018_label_egaPlFje_3360_1440_mask.png
cropped_0018_label_egaPlFje_2880_1920.png,cropped_0018_label_egaPlFje_2880_1920_mask.png
cropped_0018_label_egaPlFje_1920_1440.png,cropped_0018_label_egaPlFje_1920_1440_mask.png
cropped_0018_label_egaPlFje_1440_960.png,cropped_0018_label_egaPlFje_1440_960_mask.png
cropped_0012_label_QbCmZ2ce_960_0.png,cropped_0012_label_QbCmZ2ce_960_0_mask.png
cropped_0012_label_QbCmZ2ce_2400_480.png,cropped_0012_label_QbCmZ2ce_2400_480_mask.png
cropped_0012_label_QbCmZ2ce_960_2880.png,cropped_0012_label_QbCmZ2ce_960_2880_mask.png
cropped_0012_label_QbCmZ2ce_1920_1440.png,cropped_0012_label_QbCmZ2ce_1920_1440_mask.png
cropped_0012_label_QbCmZ2ce_0_480.png,cropped_0012_label_QbCmZ2ce_0_480_mask.png
cropped_0012_label_QbCmZ2ce_3840_2400.png,cropped_0012_label_QbCmZ2ce_3840_2400_mask.png
cropped_0012_label_QbCmZ2ce_3360_0.png,cropped_0012_label_QbCmZ2ce_3360_0_mask.png
cropped_0012_label_QbCmZ2ce_0_1440.png,cropped_0012_label_QbCmZ2ce_0_1440_mask.png
cropped_0012_label_QbCmZ2ce_480_1440.png,cropped_0012_label_QbCmZ2ce_480_1440_mask.png
cropped_0012_label_QbCmZ2ce_1440_1920.png,cropped_0012_label_QbCmZ2ce_1440_1920_mask.png
cropped_0012_label_QbCmZ2ce_2880_1920.png,cropped_0012_label_QbCmZ2ce_2880_1920_mask.png
cropped_0012_label_QbCmZ2ce_1920_2880.png,cropped_0012_label_QbCmZ2ce_1920_2880_mask.png
cropped_0012_label_QbCmZ2ce_2400_1920.png,cropped_0012_label_QbCmZ2ce_2400_1920_mask.png
cropped_0006_label_PmivjAla_0_2880.png,cropped_0006_label_PmivjAla_0_2880_mask.png
cropped_0006_label_PmivjAla_1920_960.png,cropped_0006_label_PmivjAla_1920_960_mask.png
cropped_0006_label_PmivjAla_3360_1920.png,cropped_0006_label_PmivjAla_3360_1920_mask.png
cropped_0006_label_PmivjAla_2880_2400.png,cropped_0006_label_PmivjAla_2880_2400_mask.png
cropped_0006_label_PmivjAla_2400_1920.png,cropped_0006_label_PmivjAla_2400_1920_mask.png
cropped_0006_label_PmivjAla_960_960.png,cropped_0006_label_PmivjAla_960_960_mask.png
cropped_0006_label_PmivjAla_2880_480.png,cropped_0006_label_PmivjAla_2880_480_mask.png
cropped_0006_label_PmivjAla_0_2400.png,cropped_0006_label_PmivjAla_0_2400_mask.png
cropped_0006_label_PmivjAla_1440_1440.png,cropped_0006_label_PmivjAla_1440_1440_mask.png
cropped_0006_label_PmivjAla_480_2880.png,cropped_0006_label_PmivjAla_480_2880_mask.png
cropped_0006_label_PmivjAla_3360_480.png,cropped_0006_label_PmivjAla_3360_480_mask.png
cropped_0006_label_PmivjAla_0_1920.png,cropped_0006_label_PmivjAla_0_1920_mask.png
cropped_0006_label_PmivjAla_2400_960.png,cropped_0006_label_PmivjAla_2400_960_mask.png
cropped_0006_label_PmivjAla_960_0.png,cropped_0006_label_PmivjAla_960_0_mask.png
cropped_0006_label_PmivjAla_1440_0.png,cropped_0006_label_PmivjAla_1440_0_mask.png
cropped_0006_label_PmivjAla_1920_1440.png,cropped_0006_label_PmivjAla_1920_1440_mask.png
cropped_0006_label_PmivjAla_1920_480.png,cropped_0006_label_PmivjAla_1920_480_mask.png
cropped_0006_label_PmivjAla_2400_480.png,cropped_0006_label_PmivjAla_2400_480_mask.png
cropped_0006_label_PmivjAla_480_480.png,cropped_0006_label_PmivjAla_480_480_mask.png
cropped_0006_label_PmivjAla_1440_2880.png,cropped_0006_label_PmivjAla_1440_2880_mask.png
cropped_0006_label_PmivjAla_1440_960.png,cropped_0006_label_PmivjAla_1440_960_mask.png
cropped_0018_label_nKTYvVYf_1440_1440.png,cropped_0018_label_nKTYvVYf_1440_1440_mask.png
cropped_0018_label_nKTYvVYf_1440_0.png,cropped_0018_label_nKTYvVYf_1440_0_mask.png
cropped_0018_label_nKTYvVYf_2400_960.png,cropped_0018_label_nKTYvVYf_2400_960_mask.png
cropped_0018_label_nKTYvVYf_480_480.png,cropped_0018_label_nKTYvVYf_480_480_mask.png
cropped_0018_label_nKTYvVYf_960_1440.png,cropped_0018_label_nKTYvVYf_960_1440_mask.png
cropped_0018_label_nKTYvVYf_0_1920.png,cropped_0018_label_nKTYvVYf_0_1920_mask.png
cropped_0018_label_nKTYvVYf_1920_480.png,cropped_0018_label_nKTYvVYf_1920_480_mask.png
cropped_0018_label_nKTYvVYf_3840_1920.png,cropped_0018_label_nKTYvVYf_3840_1920_mask.png
cropped_0018_label_nKTYvVYf_2880_480.png,cropped_0018_label_nKTYvVYf_2880_480_mask.png
cropped_0018_label_nKTYvVYf_1920_960.png,cropped_0018_label_nKTYvVYf_1920_960_mask.png
cropped_0018_label_nKTYvVYf_1440_1920.png,cropped_0018_label_nKTYvVYf_1440_1920_mask.png
cropped_0018_label_nKTYvVYf_1920_1920.png,cropped_0018_label_nKTYvVYf_1920_1920_mask.png
cropped_0018_label_nKTYvVYf_2400_2400.png,cropped_0018_label_nKTYvVYf_2400_2400_mask.png
cropped_0018_label_nKTYvVYf_2880_2400.png,cropped_0018_label_nKTYvVYf_2880_2400_mask.png
cropped_0018_label_nKTYvVYf_3360_1440.png,cropped_0018_label_nKTYvVYf_3360_1440_mask.png
cropped_0009_label_iSVx22hl_3840_2880.png,cropped_0009_label_iSVx22hl_3840_2880_mask.png
cropped_0009_label_iSVx22hl_0_2880.png,cropped_0009_label_iSVx22hl_0_2880_mask.png
cropped_0009_label_iSVx22hl_1920_1440.png,cropped_0009_label_iSVx22hl_1920_1440_mask.png
cropped_0009_label_iSVx22hl_1920_480.png,cropped_0009_label_iSVx22hl_1920_480_mask.png
cropped_0009_label_iSVx22hl_1440_960.png,cropped_0009_label_iSVx22hl_1440_960_mask.png
cropped_0009_label_iSVx22hl_1920_1920.png,cropped_0009_label_iSVx22hl_1920_1920_mask.png
cropped_0009_label_iSVx22hl_3360_2880.png,cropped_0009_label_iSVx22hl_3360_2880_mask.png
cropped_0009_label_iSVx22hl_0_2400.png,cropped_0009_label_iSVx22hl_0_2400_mask.png
cropped_0009_label_iSVx22hl_960_2400.png,cropped_0009_label_iSVx22hl_960_2400_mask.png
cropped_0009_label_iSVx22hl_3840_1440.png,cropped_0009_label_iSVx22hl_3840_1440_mask.png
cropped_0009_label_iSVx22hl_2400_480.png,cropped_0009_label_iSVx22hl_2400_480_mask.png
cropped_0009_label_iSVx22hl_1440_480.png,cropped_0009_label_iSVx22hl_1440_480_mask.png
cropped_0009_label_iSVx22hl_0_0.png,cropped_0009_label_iSVx22hl_0_0_mask.png
cropped_0009_label_iSVx22hl_960_1440.png,cropped_0009_label_iSVx22hl_960_1440_mask.png
cropped_0004_label_zsq5uyoY_1920_0.png,cropped_0004_label_zsq5uyoY_1920_0_mask.png
cropped_0004_label_zsq5uyoY_480_480.png,cropped_0004_label_zsq5uyoY_480_480_mask.png
cropped_0004_label_zsq5uyoY_2880_2400.png,cropped_0004_label_zsq5uyoY_2880_2400_mask.png
cropped_0004_label_zsq5uyoY_1440_960.png,cropped_0004_label_zsq5uyoY_1440_960_mask.png
cropped_0004_label_zsq5uyoY_3360_1440.png,cropped_0004_label_zsq5uyoY_3360_1440_mask.png
cropped_0004_label_zsq5uyoY_480_2880.png,cropped_0004_label_zsq5uyoY_480_2880_mask.png
cropped_0004_label_zsq5uyoY_1440_1440.png,cropped_0004_label_zsq5uyoY_1440_1440_mask.png
cropped_0004_label_zsq5uyoY_3360_960.png,cropped_0004_label_zsq5uyoY_3360_960_mask.png
cropped_0004_label_zsq5uyoY_2400_1440.png,cropped_0004_label_zsq5uyoY_2400_1440_mask.png
cropped_0004_label_zsq5uyoY_960_1440.png,cropped_0004_label_zsq5uyoY_960_1440_mask.png
cropped_0004_label_zsq5uyoY_3360_2880.png,cropped_0004_label_zsq5uyoY_3360_2880_mask.png
cropped_0004_label_zsq5uyoY_3360_1920.png,cropped_0004_label_zsq5uyoY_3360_1920_mask.png
cropped_0004_label_zsq5uyoY_0_0.png,cropped_0004_label_zsq5uyoY_0_0_mask.png
cropped_0004_label_zsq5uyoY_1440_480.png,cropped_0004_label_zsq5uyoY_1440_480_mask.png
cropped_0004_label_zsq5uyoY_3840_0.png,cropped_0004_label_zsq5uyoY_3840_0_mask.png
cropped_0004_label_zsq5uyoY_3840_2880.png,cropped_0004_label_zsq5uyoY_3840_2880_mask.png
cropped_0004_label_zsq5uyoY_2880_2880.png,cropped_0004_label_zsq5uyoY_2880_2880_mask.png
cropped_0004_label_zsq5uyoY_2400_2880.png,cropped_0004_label_zsq5uyoY_2400_2880_mask.png
cropped_0004_label_zsq5uyoY_3840_1920.png,cropped_0004_label_zsq5uyoY_3840_1920_mask.png
cropped_0004_label_zsq5uyoY_2880_1920.png,cropped_0004_label_zsq5uyoY_2880_1920_mask.png
cropped_0004_label_zsq5uyoY_2400_480.png,cropped_0004_label_zsq5uyoY_2400_480_mask.png
cropped_0004_label_zsq5uyoY_1920_480.png,cropped_0004_label_zsq5uyoY_1920_480_mask.png
cropped_0004_label_zsq5uyoY_960_0.png,cropped_0004_label_zsq5uyoY_960_0_mask.png
cropped_0004_label_zsq5uyoY_0_1440.png,cropped_0004_label_zsq5uyoY_0_1440_mask.png
cropped_0004_label_zsq5uyoY_480_1440.png,cropped_0004_label_zsq5uyoY_480_1440_mask.png
cropped_0018_label_lY40XnMe_1920_1440.png,cropped_0018_label_lY40XnMe_1920_1440_mask.png
cropped_0018_label_lY40XnMe_3360_2400.png,cropped_0018_label_lY40XnMe_3360_2400_mask.png
cropped_0018_label_lY40XnMe_1440_1440.png,cropped_0018_label_lY40XnMe_1440_1440_mask.png
cropped_0018_label_lY40XnMe_2400_1440.png,cropped_0018_label_lY40XnMe_2400_1440_mask.png
cropped_0018_label_lY40XnMe_960_960.png,cropped_0018_label_lY40XnMe_960_960_mask.png
cropped_0018_label_lY40XnMe_3360_1440.png,cropped_0018_label_lY40XnMe_3360_1440_mask.png
cropped_0018_label_lY40XnMe_960_2880.png,cropped_0018_label_lY40XnMe_960_2880_mask.png
cropped_0018_label_lY40XnMe_3840_0.png,cropped_0018_label_lY40XnMe_3840_0_mask.png
cropped_0018_label_lY40XnMe_0_2880.png,cropped_0018_label_lY40XnMe_0_2880_mask.png
cropped_0018_label_lY40XnMe_3840_480.png,cropped_0018_label_lY40XnMe_3840_480_mask.png
cropped_0018_label_lY40XnMe_2880_2400.png,cropped_0018_label_lY40XnMe_2880_2400_mask.png
cropped_0018_label_lY40XnMe_0_1920.png,cropped_0018_label_lY40XnMe_0_1920_mask.png
cropped_0018_label_lY40XnMe_3840_960.png,cropped_0018_label_lY40XnMe_3840_960_mask.png
cropped_0018_label_lY40XnMe_1920_480.png,cropped_0018_label_lY40XnMe_1920_480_mask.png
cropped_0018_label_lY40XnMe_960_1920.png,cropped_0018_label_lY40XnMe_960_1920_mask.png
cropped_0018_label_lY40XnMe_3360_960.png,cropped_0018_label_lY40XnMe_3360_960_mask.png
cropped_0018_label_lY40XnMe_3360_2880.png,cropped_0018_label_lY40XnMe_3360_2880_mask.png
cropped_0004_label_WgYVYe3Q_2400_2880.png,cropped_0004_label_WgYVYe3Q_2400_2880_mask.png
cropped_0004_label_WgYVYe3Q_3360_1440.png,cropped_0004_label_WgYVYe3Q_3360_1440_mask.png
cropped_0004_label_WgYVYe3Q_3840_2400.png,cropped_0004_label_WgYVYe3Q_3840_2400_mask.png
cropped_0004_label_WgYVYe3Q_2880_0.png,cropped_0004_label_WgYVYe3Q_2880_0_mask.png
cropped_0004_label_WgYVYe3Q_3840_480.png,cropped_0004_label_WgYVYe3Q_3840_480_mask.png
cropped_0004_label_WgYVYe3Q_0_1440.png,cropped_0004_label_WgYVYe3Q_0_1440_mask.png
cropped_0004_label_WgYVYe3Q_960_2400.png,cropped_0004_label_WgYVYe3Q_960_2400_mask.png
cropped_0004_label_WgYVYe3Q_1920_480.png,cropped_0004_label_WgYVYe3Q_1920_480_mask.png
cropped_0004_label_WgYVYe3Q_1920_1920.png,cropped_0004_label_WgYVYe3Q_1920_1920_mask.png
cropped_0004_label_WgYVYe3Q_1920_2400.png,cropped_0004_label_WgYVYe3Q_1920_2400_mask.png
cropped_0004_label_WgYVYe3Q_2400_1920.png,cropped_0004_label_WgYVYe3Q_2400_1920_mask.png
cropped_0004_label_WgYVYe3Q_480_960.png,cropped_0004_label_WgYVYe3Q_480_960_mask.png
cropped_0004_label_WgYVYe3Q_480_2400.png,cropped_0004_label_WgYVYe3Q_480_2400_mask.png
cropped_0004_label_WgYVYe3Q_1440_0.png,cropped_0004_label_WgYVYe3Q_1440_0_mask.png
cropped_0004_label_WgYVYe3Q_480_1440.png,cropped_0004_label_WgYVYe3Q_480_1440_mask.png
cropped_0004_label_WgYVYe3Q_2880_1920.png,cropped_0004_label_WgYVYe3Q_2880_1920_mask.png
cropped_0004_label_WgYVYe3Q_2880_2400.png,cropped_0004_label_WgYVYe3Q_2880_2400_mask.png
cropped_0004_label_WgYVYe3Q_0_2400.png,cropped_0004_label_WgYVYe3Q_0_2400_mask.png
cropped_0012_label_Z4lINfjt_3840_1920.png,cropped_0012_label_Z4lINfjt_3840_1920_mask.png
cropped_0012_label_Z4lINfjt_3840_2880.png,cropped_0012_label_Z4lINfjt_3840_2880_mask.png
cropped_0012_label_Z4lINfjt_480_1920.png,cropped_0012_label_Z4lINfjt_480_1920_mask.png
cropped_0012_label_Z4lINfjt_1920_1440.png,cropped_0012_label_Z4lINfjt_1920_1440_mask.png
cropped_0012_label_Z4lINfjt_960_2880.png,cropped_0012_label_Z4lINfjt_960_2880_mask.png
cropped_0012_label_Z4lINfjt_480_2400.png,cropped_0012_label_Z4lINfjt_480_2400_mask.png
cropped_0012_label_Z4lINfjt_2400_2880.png,cropped_0012_label_Z4lINfjt_2400_2880_mask.png
cropped_0012_label_Z4lINfjt_0_1920.png,cropped_0012_label_Z4lINfjt_0_1920_mask.png
cropped_0012_label_Z4lINfjt_2880_2880.png,cropped_0012_label_Z4lINfjt_2880_2880_mask.png
cropped_0012_label_Z4lINfjt_3360_960.png,cropped_0012_label_Z4lINfjt_3360_960_mask.png
cropped_0012_label_Z4lINfjt_3360_2400.png,cropped_0012_label_Z4lINfjt_3360_2400_mask.png
cropped_0012_label_Z4lINfjt_480_2880.png,cropped_0012_label_Z4lINfjt_480_2880_mask.png
cropped_0012_label_Z4lINfjt_1920_1920.png,cropped_0012_label_Z4lINfjt_1920_1920_mask.png
cropped_0012_label_Z4lINfjt_960_1920.png,cropped_0012_label_Z4lINfjt_960_1920_mask.png
cropped_0012_label_Z4lINfjt_2880_480.png,cropped_0012_label_Z4lINfjt_2880_480_mask.png
cropped_0012_label_Z4lINfjt_2880_1920.png,cropped_0012_label_Z4lINfjt_2880_1920_mask.png
cropped_0012_label_Z4lINfjt_1440_0.png,cropped_0012_label_Z4lINfjt_1440_0_mask.png
cropped_0012_label_Z4lINfjt_3840_960.png,cropped_0012_label_Z4lINfjt_3840_960_mask.png
cropped_0007_label_s2HioE5t_0_1440.png,cropped_0007_label_s2HioE5t_0_1440_mask.png
cropped_0007_label_s2HioE5t_3840_2880.png,cropped_0007_label_s2HioE5t_3840_2880_mask.png
cropped_0007_label_s2HioE5t_1920_960.png,cropped_0007_label_s2HioE5t_1920_960_mask.png
cropped_0007_label_s2HioE5t_3360_2880.png,cropped_0007_label_s2HioE5t_3360_2880_mask.png
cropped_0007_label_s2HioE5t_0_2400.png,cropped_0007_label_s2HioE5t_0_2400_mask.png
cropped_0007_label_s2HioE5t_2880_0.png,cropped_0007_label_s2HioE5t_2880_0_mask.png
cropped_0007_label_s2HioE5t_480_0.png,cropped_0007_label_s2HioE5t_480_0_mask.png
cropped_0007_label_s2HioE5t_2400_2400.png,cropped_0007_label_s2HioE5t_2400_2400_mask.png
cropped_0007_label_s2HioE5t_2400_2880.png,cropped_0007_label_s2HioE5t_2400_2880_mask.png
cropped_0007_label_s2HioE5t_3840_0.png,cropped_0007_label_s2HioE5t_3840_0_mask.png
cropped_0007_label_s2HioE5t_1920_2880.png,cropped_0007_label_s2HioE5t_1920_2880_mask.png
cropped_0007_label_s2HioE5t_480_1920.png,cropped_0007_label_s2HioE5t_480_1920_mask.png
cropped_0007_label_s2HioE5t_1440_0.png,cropped_0007_label_s2HioE5t_1440_0_mask.png
cropped_0007_label_s2HioE5t_0_960.png,cropped_0007_label_s2HioE5t_0_960_mask.png
cropped_0007_label_s2HioE5t_1440_2400.png,cropped_0007_label_s2HioE5t_1440_2400_mask.png
cropped_0007_label_s2HioE5t_3840_480.png,cropped_0007_label_s2HioE5t_3840_480_mask.png
cropped_0007_label_s2HioE5t_3360_480.png,cropped_0007_label_s2HioE5t_3360_480_mask.png
cropped_0011_label_Z4lINfjt_1920_1920.png,cropped_0011_label_Z4lINfjt_1920_1920_mask.png
cropped_0011_label_Z4lINfjt_2400_2880.png,cropped_0011_label_Z4lINfjt_2400_2880_mask.png
cropped_0011_label_Z4lINfjt_2880_960.png,cropped_0011_label_Z4lINfjt_2880_960_mask.png
cropped_0011_label_Z4lINfjt_0_1920.png,cropped_0011_label_Z4lINfjt_0_1920_mask.png
cropped_0011_label_Z4lINfjt_480_2880.png,cropped_0011_label_Z4lINfjt_480_2880_mask.png
cropped_0011_label_Z4lINfjt_1920_1440.png,cropped_0011_label_Z4lINfjt_1920_1440_mask.png
cropped_0011_label_Z4lINfjt_0_1440.png,cropped_0011_label_Z4lINfjt_0_1440_mask.png
cropped_0011_label_Z4lINfjt_1920_2880.png,cropped_0011_label_Z4lINfjt_1920_2880_mask.png
cropped_0011_label_Z4lINfjt_0_0.png,cropped_0011_label_Z4lINfjt_0_0_mask.png
cropped_0011_label_Z4lINfjt_2400_1440.png,cropped_0011_label_Z4lINfjt_2400_1440_mask.png
cropped_0011_label_Z4lINfjt_2400_0.png,cropped_0011_label_Z4lINfjt_2400_0_mask.png
cropped_0011_label_Z4lINfjt_960_0.png,cropped_0011_label_Z4lINfjt_960_0_mask.png
cropped_0011_label_Z4lINfjt_480_2400.png,cropped_0011_label_Z4lINfjt_480_2400_mask.png
cropped_0011_label_Z4lINfjt_960_1440.png,cropped_0011_label_Z4lINfjt_960_1440_mask.png
cropped_0011_label_Z4lINfjt_480_0.png,cropped_0011_label_Z4lINfjt_480_0_mask.png
cropped_0011_label_Z4lINfjt_3360_2880.png,cropped_0011_label_Z4lINfjt_3360_2880_mask.png
cropped_0011_label_Z4lINfjt_1440_1440.png,cropped_0011_label_Z4lINfjt_1440_1440_mask.png
cropped_0011_label_Z4lINfjt_1920_0.png,cropped_0011_label_Z4lINfjt_1920_0_mask.png
cropped_0011_label_Z4lINfjt_3840_480.png,cropped_0011_label_Z4lINfjt_3840_480_mask.png
cropped_0010_label_lY40XnMe_1920_2400.png,cropped_0010_label_lY40XnMe_1920_2400_mask.png
cropped_0010_label_lY40XnMe_3360_0.png,cropped_0010_label_lY40XnMe_3360_0_mask.png
cropped_0010_label_lY40XnMe_2400_2880.png,cropped_0010_label_lY40XnMe_2400_2880_mask.png
cropped_0010_label_lY40XnMe_2880_2880.png,cropped_0010_label_lY40XnMe_2880_2880_mask.png
cropped_0010_label_lY40XnMe_1440_480.png,cropped_0010_label_lY40XnMe_1440_480_mask.png
cropped_0010_label_lY40XnMe_960_2400.png,cropped_0010_label_lY40XnMe_960_2400_mask.png
cropped_0010_label_lY40XnMe_2880_0.png,cropped_0010_label_lY40XnMe_2880_0_mask.png
cropped_0010_label_lY40XnMe_1920_1920.png,cropped_0010_label_lY40XnMe_1920_1920_mask.png
cropped_0010_label_lY40XnMe_480_2880.png,cropped_0010_label_lY40XnMe_480_2880_mask.png
cropped_0010_label_lY40XnMe_3840_1440.png,cropped_0010_label_lY40XnMe_3840_1440_mask.png
cropped_0010_label_lY40XnMe_2880_960.png,cropped_0010_label_lY40XnMe_2880_960_mask.png
cropped_0010_label_lY40XnMe_2400_1920.png,cropped_0010_label_lY40XnMe_2400_1920_mask.png
cropped_0010_label_lY40XnMe_1920_1440.png,cropped_0010_label_lY40XnMe_1920_1440_mask.png
cropped_0010_label_lY40XnMe_1440_2880.png,cropped_0010_label_lY40XnMe_1440_2880_mask.png
cropped_0010_label_lY40XnMe_3360_2880.png,cropped_0010_label_lY40XnMe_3360_2880_mask.png
cropped_0010_label_lY40XnMe_480_960.png,cropped_0010_label_lY40XnMe_480_960_mask.png
cropped_0000_label_l26civYo_480_0.png,cropped_0000_label_l26civYo_480_0_mask.png
cropped_0000_label_l26civYo_1920_2880.png,cropped_0000_label_l26civYo_1920_2880_mask.png
cropped_0000_label_l26civYo_480_960.png,cropped_0000_label_l26civYo_480_960_mask.png
cropped_0000_label_l26civYo_0_2400.png,cropped_0000_label_l26civYo_0_2400_mask.png
cropped_0000_label_l26civYo_1920_1440.png,cropped_0000_label_l26civYo_1920_1440_mask.png
cropped_0000_label_l26civYo_2400_0.png,cropped_0000_label_l26civYo_2400_0_mask.png
cropped_0000_label_l26civYo_480_1440.png,cropped_0000_label_l26civYo_480_1440_mask.png
cropped_0000_label_l26civYo_0_960.png,cropped_0000_label_l26civYo_0_960_mask.png
cropped_0000_label_l26civYo_2880_1920.png,cropped_0000_label_l26civYo_2880_1920_mask.png
cropped_0000_label_l26civYo_2880_480.png,cropped_0000_label_l26civYo_2880_480_mask.png
cropped_0000_label_l26civYo_480_2400.png,cropped_0000_label_l26civYo_480_2400_mask.png
cropped_0000_label_l26civYo_480_480.png,cropped_0000_label_l26civYo_480_480_mask.png
cropped_0000_label_l26civYo_480_1920.png,cropped_0000_label_l26civYo_480_1920_mask.png
cropped_0000_label_l26civYo_1920_960.png,cropped_0000_label_l26civYo_1920_960_mask.png
cropped_0000_label_l26civYo_1440_480.png,cropped_0000_label_l26civYo_1440_480_mask.png
cropped_0000_label_l26civYo_1920_0.png,cropped_0000_label_l26civYo_1920_0_mask.png
cropped_0000_label_l26civYo_2400_2880.png,cropped_0000_label_l26civYo_2400_2880_mask.png
cropped_0000_label_l26civYo_3360_1920.png,cropped_0000_label_l26civYo_3360_1920_mask.png
cropped_0019_label_s2HioE5t_1920_0.png,cropped_0019_label_s2HioE5t_1920_0_mask.png
cropped_0019_label_s2HioE5t_2880_0.png,cropped_0019_label_s2HioE5t_2880_0_mask.png
cropped_0019_label_s2HioE5t_3360_960.png,cropped_0019_label_s2HioE5t_3360_960_mask.png
cropped_0019_label_s2HioE5t_3360_480.png,cropped_0019_label_s2HioE5t_3360_480_mask.png
cropped_0019_label_s2HioE5t_1440_2400.png,cropped_0019_label_s2HioE5t_1440_2400_mask.png
cropped_0019_label_s2HioE5t_1440_2880.png,cropped_0019_label_s2HioE5t_1440_2880_mask.png
cropped_0019_label_s2HioE5t_1920_1440.png,cropped_0019_label_s2HioE5t_1920_1440_mask.png
cropped_0019_label_s2HioE5t_1440_0.png,cropped_0019_label_s2HioE5t_1440_0_mask.png
cropped_0019_label_s2HioE5t_0_2400.png,cropped_0019_label_s2HioE5t_0_2400_mask.png
cropped_0019_label_s2HioE5t_2880_480.png,cropped_0019_label_s2HioE5t_2880_480_mask.png
cropped_0019_label_s2HioE5t_1440_1920.png,cropped_0019_label_s2HioE5t_1440_1920_mask.png
cropped_0019_label_s2HioE5t_2400_0.png,cropped_0019_label_s2HioE5t_2400_0_mask.png
cropped_0019_label_s2HioE5t_2400_2880.png,cropped_0019_label_s2HioE5t_2400_2880_mask.png
cropped_0019_label_s2HioE5t_1440_1440.png,cropped_0019_label_s2HioE5t_1440_1440_mask.png
cropped_0019_label_s2HioE5t_960_2400.png,cropped_0019_label_s2HioE5t_960_2400_mask.png
cropped_0019_label_s2HioE5t_480_1920.png,cropped_0019_label_s2HioE5t_480_1920_mask.png
cropped_0019_label_s2HioE5t_2400_1440.png,cropped_0019_label_s2HioE5t_2400_1440_mask.png
cropped_0019_label_s2HioE5t_3840_1920.png,cropped_0019_label_s2HioE5t_3840_1920_mask.png
cropped_0019_label_s2HioE5t_1440_960.png,cropped_0019_label_s2HioE5t_1440_960_mask.png
cropped_0019_label_s2HioE5t_960_2880.png,cropped_0019_label_s2HioE5t_960_2880_mask.png
cropped_0001_label_zsq5uyoY_1920_960.png,cropped_0001_label_zsq5uyoY_1920_960_mask.png
cropped_0001_label_zsq5uyoY_1440_480.png,cropped_0001_label_zsq5uyoY_1440_480_mask.png
cropped_0001_label_zsq5uyoY_2400_480.png,cropped_0001_label_zsq5uyoY_2400_480_mask.png
cropped_0001_label_zsq5uyoY_2880_960.png,cropped_0001_label_zsq5uyoY_2880_960_mask.png
cropped_0001_label_zsq5uyoY_960_2880.png,cropped_0001_label_zsq5uyoY_960_2880_mask.png
cropped_0001_label_zsq5uyoY_1440_960.png,cropped_0001_label_zsq5uyoY_1440_960_mask.png
cropped_0001_label_zsq5uyoY_2880_1920.png,cropped_0001_label_zsq5uyoY_2880_1920_mask.png
cropped_0001_label_zsq5uyoY_0_480.png,cropped_0001_label_zsq5uyoY_0_480_mask.png
cropped_0001_label_zsq5uyoY_2400_0.png,cropped_0001_label_zsq5uyoY_2400_0_mask.png
cropped_0001_label_zsq5uyoY_1920_480.png,cropped_0001_label_zsq5uyoY_1920_480_mask.png
cropped_0001_label_zsq5uyoY_480_480.png,cropped_0001_label_zsq5uyoY_480_480_mask.png
cropped_0001_label_zsq5uyoY_2400_1920.png,cropped_0001_label_zsq5uyoY_2400_1920_mask.png
cropped_0001_label_zsq5uyoY_3360_0.png,cropped_0001_label_zsq5uyoY_3360_0_mask.png
cropped_0001_label_zsq5uyoY_3360_960.png,cropped_0001_label_zsq5uyoY_3360_960_mask.png
cropped_0001_label_zsq5uyoY_1440_1440.png,cropped_0001_label_zsq5uyoY_1440_1440_mask.png
cropped_00000034_1_2880_2880.png,cropped_00000034_1_2880_2880_mask.png
cropped_00000034_1_1440_2400.png,cropped_00000034_1_1440_2400_mask.png
cropped_00000034_1_2400_1440.png,cropped_00000034_1_2400_1440_mask.png
cropped_00000034_1_960_2880.png,cropped_00000034_1_960_2880_mask.png
cropped_00000034_1_3360_2880.png,cropped_00000034_1_3360_2880_mask.png
cropped_00000034_1_960_480.png,cropped_00000034_1_960_480_mask.png
cropped_00000034_1_0_480.png,cropped_00000034_1_0_480_mask.png
cropped_00000034_1_0_2400.png,cropped_00000034_1_0_2400_mask.png
cropped_00000034_1_0_0.png,cropped_00000034_1_0_0_mask.png
cropped_00000034_1_3360_0.png,cropped_00000034_1_3360_0_mask.png
cropped_00000034_1_2880_480.png,cropped_00000034_1_2880_480_mask.png
cropped_00000034_1_960_2400.png,cropped_00000034_1_960_2400_mask.png
cropped_00000034_1_480_2880.png,cropped_00000034_1_480_2880_mask.png
cropped_00000034_1_2400_2400.png,cropped_00000034_1_2400_2400_mask.png
cropped_00000034_1_0_1440.png,cropped_00000034_1_0_1440_mask.png
cropped_00000034_1_3840_960.png,cropped_00000034_1_3840_960_mask.png
cropped_00000034_1_480_1440.png,cropped_00000034_1_480_1440_mask.png
cropped_00000034_1_1920_1440.png,cropped_00000034_1_1920_1440_mask.png
cropped_00000025_3_3360_0.png,cropped_00000025_3_3360_0_mask.png
cropped_00000025_3_0_960.png,cropped_00000025_3_0_960_mask.png
cropped_00000025_3_0_2400.png,cropped_00000025_3_0_2400_mask.png
cropped_00000025_3_960_2880.png,cropped_00000025_3_960_2880_mask.png
cropped_00000025_3_1920_480.png,cropped_00000025_3_1920_480_mask.png
cropped_00000025_3_960_2400.png,cropped_00000025_3_960_2400_mask.png
cropped_00000025_3_1440_1920.png,cropped_00000025_3_1440_1920_mask.png
cropped_00000025_3_1920_960.png,cropped_00000025_3_1920_960_mask.png
cropped_00000025_3_2880_1920.png,cropped_00000025_3_2880_1920_mask.png
cropped_00000025_3_3360_1440.png,cropped_00000025_3_3360_1440_mask.png
cropped_00000025_3_1440_2400.png,cropped_00000025_3_1440_2400_mask.png
cropped_00000025_3_960_1440.png,cropped_00000025_3_960_1440_mask.png
cropped_00000025_3_480_0.png,cropped_00000025_3_480_0_mask.png
cropped_00000025_3_3360_2400.png,cropped_00000025_3_3360_2400_mask.png
cropped_00000025_3_2880_1440.png,cropped_00000025_3_2880_1440_mask.png
cropped_00000025_3_1440_960.png,cropped_00000025_3_1440_960_mask.png
cropped_00000025_3_3840_2400.png,cropped_00000025_3_3840_2400_mask.png
cropped_00000025_3_3360_480.png,cropped_00000025_3_3360_480_mask.png
cropped_00000025_3_3840_1440.png,cropped_00000025_3_3840_1440_mask.png
cropped_00000025_3_480_480.png,cropped_00000025_3_480_480_mask.png
cropped_00000025_3_960_1920.png,cropped_00000025_3_960_1920_mask.png
cropped_00000025_3_1920_2400.png,cropped_00000025_3_1920_2400_mask.png
cropped_00000025_3_1440_2880.png,cropped_00000025_3_1440_2880_mask.png
cropped_00000025_3_2400_1440.png,cropped_00000025_3_2400_1440_mask.png
cropped_00000025_3_480_1920.png,cropped_00000025_3_480_1920_mask.png
cropped_00000025_3_480_2880.png,cropped_00000025_3_480_2880_mask.png
cropped_00000025_3_3360_1920.png,cropped_00000025_3_3360_1920_mask.png
cropped_00000025_3_1920_1920.png,cropped_00000025_3_1920_1920_mask.png
cropped_0002_label_TNURd9tv_1920_480.png,cropped_0002_label_TNURd9tv_1920_480_mask.png
cropped_0002_label_TNURd9tv_0_960.png,cropped_0002_label_TNURd9tv_0_960_mask.png
cropped_0002_label_TNURd9tv_2880_960.png,cropped_0002_label_TNURd9tv_2880_960_mask.png
cropped_0002_label_TNURd9tv_480_2400.png,cropped_0002_label_TNURd9tv_480_2400_mask.png
cropped_0002_label_TNURd9tv_3840_960.png,cropped_0002_label_TNURd9tv_3840_960_mask.png
cropped_0002_label_TNURd9tv_1920_1440.png,cropped_0002_label_TNURd9tv_1920_1440_mask.png
cropped_0002_label_TNURd9tv_2400_2880.png,cropped_0002_label_TNURd9tv_2400_2880_mask.png
cropped_0002_label_TNURd9tv_1920_0.png,cropped_0002_label_TNURd9tv_1920_0_mask.png
cropped_0002_label_TNURd9tv_1920_960.png,cropped_0002_label_TNURd9tv_1920_960_mask.png
cropped_0002_label_TNURd9tv_2880_2400.png,cropped_0002_label_TNURd9tv_2880_2400_mask.png
cropped_0002_label_TNURd9tv_3840_2400.png,cropped_0002_label_TNURd9tv_3840_2400_mask.png
cropped_0002_label_TNURd9tv_1920_1920.png,cropped_0002_label_TNURd9tv_1920_1920_mask.png
cropped_0002_label_TNURd9tv_2400_960.png,cropped_0002_label_TNURd9tv_2400_960_mask.png
cropped_0002_label_TNURd9tv_0_2880.png,cropped_0002_label_TNURd9tv_0_2880_mask.png
cropped_0002_label_TNURd9tv_1440_1920.png,cropped_0002_label_TNURd9tv_1440_1920_mask.png
cropped_0002_label_TNURd9tv_0_1440.png,cropped_0002_label_TNURd9tv_0_1440_mask.png
cropped_0002_label_TNURd9tv_2880_2880.png,cropped_0002_label_TNURd9tv_2880_2880_mask.png
cropped_0002_label_TNURd9tv_0_2400.png,cropped_0002_label_TNURd9tv_0_2400_mask.png
cropped_0002_label_TNURd9tv_3360_0.png,cropped_0002_label_TNURd9tv_3360_0_mask.png
cropped_0002_label_TNURd9tv_0_480.png,cropped_0002_label_TNURd9tv_0_480_mask.png
cropped_0002_label_TNURd9tv_3840_1440.png,cropped_0002_label_TNURd9tv_3840_1440_mask.png
cropped_0002_label_TNURd9tv_2400_0.png,cropped_0002_label_TNURd9tv_2400_0_mask.png
cropped_00000001_1_480_2400.png,cropped_00000001_1_480_2400_mask.png
cropped_00000001_1_2400_960.png,cropped_00000001_1_2400_960_mask.png
cropped_00000001_1_3360_1440.png,cropped_00000001_1_3360_1440_mask.png
cropped_00000001_1_1920_480.png,cropped_00000001_1_1920_480_mask.png
cropped_00000001_1_1440_960.png,cropped_00000001_1_1440_960_mask.png
cropped_00000001_1_3360_1920.png,cropped_00000001_1_3360_1920_mask.png
cropped_00000001_1_1920_1440.png,cropped_00000001_1_1920_1440_mask.png
cropped_00000001_1_2880_1920.png,cropped_00000001_1_2880_1920_mask.png
cropped_00000001_1_1440_1440.png,cropped_00000001_1_1440_1440_mask.png
cropped_00000001_1_0_2400.png,cropped_00000001_1_0_2400_mask.png
cropped_00000001_1_960_0.png,cropped_00000001_1_960_0_mask.png
cropped_00000001_1_3840_480.png,cropped_00000001_1_3840_480_mask.png
cropped_00000001_1_1920_1920.png,cropped_00000001_1_1920_1920_mask.png
cropped_00000001_1_2400_2880.png,cropped_00000001_1_2400_2880_mask.png
cropped_00000001_1_1440_1920.png,cropped_00000001_1_1440_1920_mask.png
cropped_00000001_1_960_2880.png,cropped_00000001_1_960_2880_mask.png
cropped_00000006_4_3360_2880.png,cropped_00000006_4_3360_2880_mask.png
cropped_00000006_4_2880_1920.png,cropped_00000006_4_2880_1920_mask.png
cropped_00000006_4_1440_1440.png,cropped_00000006_4_1440_1440_mask.png
cropped_00000006_4_2880_1440.png,cropped_00000006_4_2880_1440_mask.png
cropped_00000006_4_960_960.png,cropped_00000006_4_960_960_mask.png
cropped_00000006_4_3360_960.png,cropped_00000006_4_3360_960_mask.png
cropped_00000006_4_960_480.png,cropped_00000006_4_960_480_mask.png
cropped_00000006_4_480_960.png,cropped_00000006_4_480_960_mask.png
cropped_00000006_4_1920_1440.png,cropped_00000006_4_1920_1440_mask.png
cropped_00000006_4_2880_2400.png,cropped_00000006_4_2880_2400_mask.png
cropped_00000006_4_1440_480.png,cropped_00000006_4_1440_480_mask.png
cropped_00000006_4_480_1440.png,cropped_00000006_4_480_1440_mask.png
cropped_00000006_4_960_2400.png,cropped_00000006_4_960_2400_mask.png
cropped_00000006_4_1920_480.png,cropped_00000006_4_1920_480_mask.png
cropped_00000006_4_3360_480.png,cropped_00000006_4_3360_480_mask.png
cropped_00000006_4_2400_2880.png,cropped_00000006_4_2400_2880_mask.png
cropped_00000006_4_3840_960.png,cropped_00000006_4_3840_960_mask.png
cropped_00000006_4_3840_1920.png,cropped_00000006_4_3840_1920_mask.png
cropped_00000006_4_960_1920.png,cropped_00000006_4_960_1920_mask.png
cropped_00000006_4_1920_0.png,cropped_00000006_4_1920_0_mask.png
cropped_0015_label_5YuL3VcR_2880_960.png,cropped_0015_label_5YuL3VcR_2880_960_mask.png
cropped_0015_label_5YuL3VcR_960_2880.png,cropped_0015_label_5YuL3VcR_960_2880_mask.png
cropped_0015_label_5YuL3VcR_960_2400.png,cropped_0015_label_5YuL3VcR_960_2400_mask.png
cropped_0015_label_5YuL3VcR_0_2880.png,cropped_0015_label_5YuL3VcR_0_2880_mask.png
cropped_0015_label_5YuL3VcR_2880_2400.png,cropped_0015_label_5YuL3VcR_2880_2400_mask.png
cropped_0015_label_5YuL3VcR_1440_960.png,cropped_0015_label_5YuL3VcR_1440_960_mask.png
cropped_0015_label_5YuL3VcR_0_480.png,cropped_0015_label_5YuL3VcR_0_480_mask.png
cropped_0015_label_5YuL3VcR_2400_2880.png,cropped_0015_label_5YuL3VcR_2400_2880_mask.png
cropped_0015_label_5YuL3VcR_0_0.png,cropped_0015_label_5YuL3VcR_0_0_mask.png
cropped_0015_label_5YuL3VcR_2880_2880.png,cropped_0015_label_5YuL3VcR_2880_2880_mask.png
cropped_0015_label_5YuL3VcR_480_2400.png,cropped_0015_label_5YuL3VcR_480_2400_mask.png
cropped_0015_label_5YuL3VcR_3840_2880.png,cropped_0015_label_5YuL3VcR_3840_2880_mask.png
cropped_0015_label_5YuL3VcR_480_960.png,cropped_0015_label_5YuL3VcR_480_960_mask.png
cropped_0015_label_5YuL3VcR_1920_480.png,cropped_0015_label_5YuL3VcR_1920_480_mask.png
cropped_0015_label_5YuL3VcR_3360_960.png,cropped_0015_label_5YuL3VcR_3360_960_mask.png
cropped_0015_label_5YuL3VcR_1920_1920.png,cropped_0015_label_5YuL3VcR_1920_1920_mask.png
cropped_0015_label_5YuL3VcR_3840_2400.png,cropped_0015_label_5YuL3VcR_3840_2400_mask.png
cropped_0015_label_5YuL3VcR_3360_1920.png,cropped_0015_label_5YuL3VcR_3360_1920_mask.png
cropped_0015_label_5YuL3VcR_480_1440.png,cropped_0015_label_5YuL3VcR_480_1440_mask.png
cropped_0018_label_QbCmZ2ce_480_1440.png,cropped_0018_label_QbCmZ2ce_480_1440_mask.png
cropped_0018_label_QbCmZ2ce_480_480.png,cropped_0018_label_QbCmZ2ce_480_480_mask.png
cropped_0018_label_QbCmZ2ce_480_2400.png,cropped_0018_label_QbCmZ2ce_480_2400_mask.png
cropped_0018_label_QbCmZ2ce_960_1920.png,cropped_0018_label_QbCmZ2ce_960_1920_mask.png
cropped_0018_label_QbCmZ2ce_1440_1920.png,cropped_0018_label_QbCmZ2ce_1440_1920_mask.png
cropped_0018_label_QbCmZ2ce_2400_960.png,cropped_0018_label_QbCmZ2ce_2400_960_mask.png
cropped_0018_label_QbCmZ2ce_1920_960.png,cropped_0018_label_QbCmZ2ce_1920_960_mask.png
cropped_0018_label_QbCmZ2ce_480_0.png,cropped_0018_label_QbCmZ2ce_480_0_mask.png
cropped_0018_label_QbCmZ2ce_3840_2400.png,cropped_0018_label_QbCmZ2ce_3840_2400_mask.png
cropped_0018_label_QbCmZ2ce_3840_1920.png,cropped_0018_label_QbCmZ2ce_3840_1920_mask.png
cropped_0018_label_QbCmZ2ce_0_1920.png,cropped_0018_label_QbCmZ2ce_0_1920_mask.png
cropped_0018_label_QbCmZ2ce_960_1440.png,cropped_0018_label_QbCmZ2ce_960_1440_mask.png
cropped_0018_label_QbCmZ2ce_1440_480.png,cropped_0018_label_QbCmZ2ce_1440_480_mask.png
cropped_0007_label_BRxm2MyU_1920_1920.png,cropped_0007_label_BRxm2MyU_1920_1920_mask.png
cropped_0007_label_BRxm2MyU_0_2880.png,cropped_0007_label_BRxm2MyU_0_2880_mask.png
cropped_0007_label_BRxm2MyU_960_1440.png,cropped_0007_label_BRxm2MyU_960_1440_mask.png
cropped_0007_label_BRxm2MyU_1440_1920.png,cropped_0007_label_BRxm2MyU_1440_1920_mask.png
cropped_0007_label_BRxm2MyU_480_960.png,cropped_0007_label_BRxm2MyU_480_960_mask.png
cropped_0007_label_BRxm2MyU_1440_2400.png,cropped_0007_label_BRxm2MyU_1440_2400_mask.png
cropped_0007_label_BRxm2MyU_1440_1440.png,cropped_0007_label_BRxm2MyU_1440_1440_mask.png
cropped_0007_label_BRxm2MyU_1920_1440.png,cropped_0007_label_BRxm2MyU_1920_1440_mask.png
cropped_0007_label_BRxm2MyU_2880_0.png,cropped_0007_label_BRxm2MyU_2880_0_mask.png
cropped_0007_label_BRxm2MyU_480_2400.png,cropped_0007_label_BRxm2MyU_480_2400_mask.png
cropped_0007_label_BRxm2MyU_2400_960.png,cropped_0007_label_BRxm2MyU_2400_960_mask.png
cropped_0007_label_BRxm2MyU_3840_1920.png,cropped_0007_label_BRxm2MyU_3840_1920_mask.png
cropped_0007_label_BRxm2MyU_2400_1440.png,cropped_0007_label_BRxm2MyU_2400_1440_mask.png
cropped_0007_label_BRxm2MyU_960_1920.png,cropped_0007_label_BRxm2MyU_960_1920_mask.png
cropped_0007_label_BRxm2MyU_3360_1920.png,cropped_0007_label_BRxm2MyU_3360_1920_mask.png
cropped_00000039_3_1440_480.png,cropped_00000039_3_1440_480_mask.png
cropped_00000039_3_2400_2880.png,cropped_00000039_3_2400_2880_mask.png
cropped_00000039_3_2880_960.png,cropped_00000039_3_2880_960_mask.png
cropped_00000039_3_0_1440.png,cropped_00000039_3_0_1440_mask.png
cropped_00000039_3_1920_960.png,cropped_00000039_3_1920_960_mask.png
cropped_00000039_3_1440_1920.png,cropped_00000039_3_1440_1920_mask.png
cropped_00000039_3_0_480.png,cropped_00000039_3_0_480_mask.png
cropped_00000039_3_3840_2880.png,cropped_00000039_3_3840_2880_mask.png
cropped_00000039_3_1920_2400.png,cropped_00000039_3_1920_2400_mask.png
cropped_00000039_3_480_1440.png,cropped_00000039_3_480_1440_mask.png
cropped_00000039_3_960_2880.png,cropped_00000039_3_960_2880_mask.png
cropped_00000039_3_480_0.png,cropped_00000039_3_480_0_mask.png
cropped_00000039_3_2400_2400.png,cropped_00000039_3_2400_2400_mask.png
cropped_00000039_3_1440_0.png,cropped_00000039_3_1440_0_mask.png
cropped_00000039_3_1920_1440.png,cropped_00000039_3_1920_1440_mask.png
cropped_00000039_3_1920_1920.png,cropped_00000039_3_1920_1920_mask.png
cropped_00000039_3_3360_2400.png,cropped_00000039_3_3360_2400_mask.png
cropped_00000039_3_3840_1920.png,cropped_00000039_3_3840_1920_mask.png
cropped_00000039_3_1440_960.png,cropped_00000039_3_1440_960_mask.png
cropped_00000039_3_3360_2880.png,cropped_00000039_3_3360_2880_mask.png
cropped_00000039_3_3840_0.png,cropped_00000039_3_3840_0_mask.png
cropped_0013_label_iGFOdcQt_3360_960.png,cropped_0013_label_iGFOdcQt_3360_960_mask.png
cropped_0013_label_iGFOdcQt_2400_480.png,cropped_0013_label_iGFOdcQt_2400_480_mask.png
cropped_0013_label_iGFOdcQt_960_480.png,cropped_0013_label_iGFOdcQt_960_480_mask.png
cropped_0013_label_iGFOdcQt_1440_2400.png,cropped_0013_label_iGFOdcQt_1440_2400_mask.png
cropped_0013_label_iGFOdcQt_2880_1920.png,cropped_0013_label_iGFOdcQt_2880_1920_mask.png
cropped_0013_label_iGFOdcQt_480_960.png,cropped_0013_label_iGFOdcQt_480_960_mask.png
cropped_0013_label_iGFOdcQt_1440_480.png,cropped_0013_label_iGFOdcQt_1440_480_mask.png
cropped_0013_label_iGFOdcQt_2400_2400.png,cropped_0013_label_iGFOdcQt_2400_2400_mask.png
cropped_0013_label_iGFOdcQt_1440_1920.png,cropped_0013_label_iGFOdcQt_1440_1920_mask.png
cropped_0013_label_iGFOdcQt_3840_960.png,cropped_0013_label_iGFOdcQt_3840_960_mask.png
cropped_0013_label_iGFOdcQt_3360_2400.png,cropped_0013_label_iGFOdcQt_3360_2400_mask.png
cropped_0013_label_iGFOdcQt_2400_0.png,cropped_0013_label_iGFOdcQt_2400_0_mask.png
cropped_0013_label_iGFOdcQt_1440_2880.png,cropped_0013_label_iGFOdcQt_1440_2880_mask.png
cropped_0013_label_iGFOdcQt_480_1920.png,cropped_0013_label_iGFOdcQt_480_1920_mask.png
cropped_00000033_1_0_0.png,cropped_00000033_1_0_0_mask.png
cropped_00000033_1_2400_960.png,cropped_00000033_1_2400_960_mask.png
cropped_00000033_1_1440_960.png,cropped_00000033_1_1440_960_mask.png
cropped_00000033_1_480_2400.png,cropped_00000033_1_480_2400_mask.png
cropped_00000033_1_3360_480.png,cropped_00000033_1_3360_480_mask.png
cropped_00000033_1_2400_480.png,cropped_00000033_1_2400_480_mask.png
cropped_00000033_1_2400_1440.png,cropped_00000033_1_2400_1440_mask.png
cropped_00000033_1_0_480.png,cropped_00000033_1_0_480_mask.png
cropped_00000033_1_1440_1920.png,cropped_00000033_1_1440_1920_mask.png
cropped_00000033_1_2400_0.png,cropped_00000033_1_2400_0_mask.png
cropped_00000033_1_2880_1440.png,cropped_00000033_1_2880_1440_mask.png
cropped_00000033_1_1440_1440.png,cropped_00000033_1_1440_1440_mask.png
cropped_00000033_1_2880_480.png,cropped_00000033_1_2880_480_mask.png
cropped_00000033_1_3840_2400.png,cropped_00000033_1_3840_2400_mask.png
cropped_00000033_1_3360_1440.png,cropped_00000033_1_3360_1440_mask.png
cropped_00000033_1_3840_960.png,cropped_00000033_1_3840_960_mask.png
cropped_00000033_1_2880_960.png,cropped_00000033_1_2880_960_mask.png
cropped_00000033_1_2880_1920.png,cropped_00000033_1_2880_1920_mask.png
cropped_0010_label_WgYVYe3Q_960_960.png,cropped_0010_label_WgYVYe3Q_960_960_mask.png
cropped_0010_label_WgYVYe3Q_3360_960.png,cropped_0010_label_WgYVYe3Q_3360_960_mask.png
cropped_0010_label_WgYVYe3Q_1920_960.png,cropped_0010_label_WgYVYe3Q_1920_960_mask.png
cropped_0010_label_WgYVYe3Q_0_2880.png,cropped_0010_label_WgYVYe3Q_0_2880_mask.png
cropped_0010_label_WgYVYe3Q_1440_1920.png,cropped_0010_label_WgYVYe3Q_1440_1920_mask.png
cropped_0010_label_WgYVYe3Q_1920_1440.png,cropped_0010_label_WgYVYe3Q_1920_1440_mask.png
cropped_0010_label_WgYVYe3Q_1440_0.png,cropped_0010_label_WgYVYe3Q_1440_0_mask.png
cropped_0010_label_WgYVYe3Q_1440_960.png,cropped_0010_label_WgYVYe3Q_1440_960_mask.png
cropped_0010_label_WgYVYe3Q_3360_2400.png,cropped_0010_label_WgYVYe3Q_3360_2400_mask.png
cropped_0010_label_WgYVYe3Q_960_1440.png,cropped_0010_label_WgYVYe3Q_960_1440_mask.png
cropped_0010_label_WgYVYe3Q_1920_1920.png,cropped_0010_label_WgYVYe3Q_1920_1920_mask.png
cropped_0010_label_WgYVYe3Q_2880_480.png,cropped_0010_label_WgYVYe3Q_2880_480_mask.png
cropped_0010_label_WgYVYe3Q_1440_2400.png,cropped_0010_label_WgYVYe3Q_1440_2400_mask.png
cropped_0010_label_WgYVYe3Q_2400_2400.png,cropped_0010_label_WgYVYe3Q_2400_2400_mask.png
cropped_0010_label_WgYVYe3Q_1440_1440.png,cropped_0010_label_WgYVYe3Q_1440_1440_mask.png
cropped_0010_label_WgYVYe3Q_960_0.png,cropped_0010_label_WgYVYe3Q_960_0_mask.png
cropped_0010_label_WgYVYe3Q_1440_480.png,cropped_0010_label_WgYVYe3Q_1440_480_mask.png
cropped_0015_label_iGFOdcQt_480_1920.png,cropped_0015_label_iGFOdcQt_480_1920_mask.png
cropped_0015_label_iGFOdcQt_2880_1440.png,cropped_0015_label_iGFOdcQt_2880_1440_mask.png
cropped_0015_label_iGFOdcQt_3360_0.png,cropped_0015_label_iGFOdcQt_3360_0_mask.png
cropped_0015_label_iGFOdcQt_3360_2400.png,cropped_0015_label_iGFOdcQt_3360_2400_mask.png
cropped_0015_label_iGFOdcQt_2400_480.png,cropped_0015_label_iGFOdcQt_2400_480_mask.png
cropped_0015_label_iGFOdcQt_2880_960.png,cropped_0015_label_iGFOdcQt_2880_960_mask.png
cropped_0015_label_iGFOdcQt_1920_480.png,cropped_0015_label_iGFOdcQt_1920_480_mask.png
cropped_0015_label_iGFOdcQt_1920_1440.png,cropped_0015_label_iGFOdcQt_1920_1440_mask.png
cropped_0015_label_iGFOdcQt_2400_1920.png,cropped_0015_label_iGFOdcQt_2400_1920_mask.png
cropped_0015_label_iGFOdcQt_0_1920.png,cropped_0015_label_iGFOdcQt_0_1920_mask.png
cropped_0015_label_iGFOdcQt_1440_0.png,cropped_0015_label_iGFOdcQt_1440_0_mask.png
cropped_0015_label_iGFOdcQt_0_1440.png,cropped_0015_label_iGFOdcQt_0_1440_mask.png
cropped_0015_label_iGFOdcQt_960_2400.png,cropped_0015_label_iGFOdcQt_960_2400_mask.png
cropped_0015_label_iGFOdcQt_2880_480.png,cropped_0015_label_iGFOdcQt_2880_480_mask.png
cropped_0015_label_iGFOdcQt_480_0.png,cropped_0015_label_iGFOdcQt_480_0_mask.png
cropped_0015_label_iGFOdcQt_480_480.png,cropped_0015_label_iGFOdcQt_480_480_mask.png
cropped_0015_label_iGFOdcQt_2400_2400.png,cropped_0015_label_iGFOdcQt_2400_2400_mask.png
cropped_0002_label_Z4lINfjt_1440_480.png,cropped_0002_label_Z4lINfjt_1440_480_mask.png
cropped_0002_label_Z4lINfjt_3360_1440.png,cropped_0002_label_Z4lINfjt_3360_1440_mask.png
cropped_0002_label_Z4lINfjt_480_1920.png,cropped_0002_label_Z4lINfjt_480_1920_mask.png
cropped_0002_label_Z4lINfjt_2400_0.png,cropped_0002_label_Z4lINfjt_2400_0_mask.png
cropped_0002_label_Z4lINfjt_960_0.png,cropped_0002_label_Z4lINfjt_960_0_mask.png
cropped_0002_label_Z4lINfjt_1440_2400.png,cropped_0002_label_Z4lINfjt_1440_2400_mask.png
cropped_0002_label_Z4lINfjt_2880_2400.png,cropped_0002_label_Z4lINfjt_2880_2400_mask.png
cropped_0002_label_Z4lINfjt_2880_0.png,cropped_0002_label_Z4lINfjt_2880_0_mask.png
cropped_0002_label_Z4lINfjt_3360_2400.png,cropped_0002_label_Z4lINfjt_3360_2400_mask.png
cropped_0002_label_Z4lINfjt_2880_1920.png,cropped_0002_label_Z4lINfjt_2880_1920_mask.png
cropped_0002_label_Z4lINfjt_480_0.png,cropped_0002_label_Z4lINfjt_480_0_mask.png
cropped_0002_label_Z4lINfjt_0_0.png,cropped_0002_label_Z4lINfjt_0_0_mask.png
cropped_0002_label_Z4lINfjt_480_480.png,cropped_0002_label_Z4lINfjt_480_480_mask.png
cropped_0002_label_Z4lINfjt_2880_1440.png,cropped_0002_label_Z4lINfjt_2880_1440_mask.png
cropped_0002_label_Z4lINfjt_1920_480.png,cropped_0002_label_Z4lINfjt_1920_480_mask.png
cropped_0002_label_Z4lINfjt_2400_960.png,cropped_0002_label_Z4lINfjt_2400_960_mask.png
cropped_0002_label_Z4lINfjt_1440_960.png,cropped_0002_label_Z4lINfjt_1440_960_mask.png
cropped_00000013_1_1920_480.png,cropped_00000013_1_1920_480_mask.png
cropped_00000013_1_3840_0.png,cropped_00000013_1_3840_0_mask.png
cropped_00000013_1_480_2880.png,cropped_00000013_1_480_2880_mask.png
cropped_00000013_1_480_2400.png,cropped_00000013_1_480_2400_mask.png
cropped_00000013_1_2400_1440.png,cropped_00000013_1_2400_1440_mask.png
cropped_00000013_1_0_1440.png,cropped_00000013_1_0_1440_mask.png
cropped_00000013_1_1440_0.png,cropped_00000013_1_1440_0_mask.png
cropped_00000013_1_2400_2400.png,cropped_00000013_1_2400_2400_mask.png
cropped_00000013_1_0_480.png,cropped_00000013_1_0_480_mask.png
cropped_00000013_1_2400_1920.png,cropped_00000013_1_2400_1920_mask.png
cropped_00000013_1_0_2880.png,cropped_00000013_1_0_2880_mask.png
cropped_00000013_1_3840_1440.png,cropped_00000013_1_3840_1440_mask.png
cropped_00000013_1_1920_1440.png,cropped_00000013_1_1920_1440_mask.png
cropped_00000013_1_2400_480.png,cropped_00000013_1_2400_480_mask.png
cropped_00000013_1_1440_960.png,cropped_00000013_1_1440_960_mask.png
cropped_00000013_1_3360_1920.png,cropped_00000013_1_3360_1920_mask.png
cropped_00000013_1_1440_480.png,cropped_00000013_1_1440_480_mask.png
cropped_00000013_1_2400_960.png,cropped_00000013_1_2400_960_mask.png
cropped_00000013_1_960_0.png,cropped_00000013_1_960_0_mask.png
cropped_00000013_1_1440_1920.png,cropped_00000013_1_1440_1920_mask.png
cropped_00000013_1_0_0.png,cropped_00000013_1_0_0_mask.png
cropped_00000013_1_3840_960.png,cropped_00000013_1_3840_960_mask.png
cropped_00000013_1_960_480.png,cropped_00000013_1_960_480_mask.png
cropped_00000013_1_1920_960.png,cropped_00000013_1_1920_960_mask.png
cropped_0003_label_XP0UKXUr_0_0.png,cropped_0003_label_XP0UKXUr_0_0_mask.png
cropped_0003_label_XP0UKXUr_480_480.png,cropped_0003_label_XP0UKXUr_480_480_mask.png
cropped_0003_label_XP0UKXUr_1920_480.png,cropped_0003_label_XP0UKXUr_1920_480_mask.png
cropped_0003_label_XP0UKXUr_960_2880.png,cropped_0003_label_XP0UKXUr_960_2880_mask.png
cropped_0003_label_XP0UKXUr_960_0.png,cropped_0003_label_XP0UKXUr_960_0_mask.png
cropped_0003_label_XP0UKXUr_2880_960.png,cropped_0003_label_XP0UKXUr_2880_960_mask.png
cropped_0003_label_XP0UKXUr_3840_1440.png,cropped_0003_label_XP0UKXUr_3840_1440_mask.png
cropped_0003_label_XP0UKXUr_0_2400.png,cropped_0003_label_XP0UKXUr_0_2400_mask.png
cropped_0003_label_XP0UKXUr_3360_0.png,cropped_0003_label_XP0UKXUr_3360_0_mask.png
cropped_0003_label_XP0UKXUr_3360_2400.png,cropped_0003_label_XP0UKXUr_3360_2400_mask.png
cropped_0003_label_XP0UKXUr_1920_1920.png,cropped_0003_label_XP0UKXUr_1920_1920_mask.png
cropped_0003_label_XP0UKXUr_1920_2400.png,cropped_0003_label_XP0UKXUr_1920_2400_mask.png
cropped_0003_label_XP0UKXUr_3360_960.png,cropped_0003_label_XP0UKXUr_3360_960_mask.png
cropped_0003_label_XP0UKXUr_1440_960.png,cropped_0003_label_XP0UKXUr_1440_960_mask.png
cropped_0003_label_XP0UKXUr_2400_1440.png,cropped_0003_label_XP0UKXUr_2400_1440_mask.png
cropped_0003_label_XP0UKXUr_1440_2880.png,cropped_0003_label_XP0UKXUr_1440_2880_mask.png
cropped_0003_label_XP0UKXUr_3840_2400.png,cropped_0003_label_XP0UKXUr_3840_2400_mask.png
cropped_0003_label_XP0UKXUr_1440_480.png,cropped_0003_label_XP0UKXUr_1440_480_mask.png
cropped_00000005_1440_1440.png,cropped_00000005_1440_1440_mask.png
cropped_00000005_1920_1920.png,cropped_00000005_1920_1920_mask.png
cropped_00000005_1440_1920.png,cropped_00000005_1440_1920_mask.png
cropped_00000005_2400_0.png,cropped_00000005_2400_0_mask.png
cropped_00000005_960_1440.png,cropped_00000005_960_1440_mask.png
cropped_00000005_3360_960.png,cropped_00000005_3360_960_mask.png
cropped_00000005_480_2880.png,cropped_00000005_480_2880_mask.png
cropped_00000005_0_2880.png,cropped_00000005_0_2880_mask.png
cropped_00000005_0_2400.png,cropped_00000005_0_2400_mask.png
cropped_00000005_960_2400.png,cropped_00000005_960_2400_mask.png
cropped_00000005_2880_480.png,cropped_00000005_2880_480_mask.png
cropped_00000005_960_2880.png,cropped_00000005_960_2880_mask.png
cropped_00000005_1920_1440.png,cropped_00000005_1920_1440_mask.png
cropped_00000005_480_960.png,cropped_00000005_480_960_mask.png
cropped_00000005_3360_0.png,cropped_00000005_3360_0_mask.png
cropped_00000005_1440_480.png,cropped_00000005_1440_480_mask.png
cropped_00000005_1440_2400.png,cropped_00000005_1440_2400_mask.png
cropped_00000005_960_480.png,cropped_00000005_960_480_mask.png
cropped_00000005_1920_480.png,cropped_00000005_1920_480_mask.png
cropped_00000005_480_2400.png,cropped_00000005_480_2400_mask.png
cropped_00000005_1440_2880.png,cropped_00000005_1440_2880_mask.png
cropped_0019_label_PmivjAla_1440_2400.png,cropped_0019_label_PmivjAla_1440_2400_mask.png
cropped_0019_label_PmivjAla_3360_2880.png,cropped_0019_label_PmivjAla_3360_2880_mask.png
cropped_0019_label_PmivjAla_2400_1920.png,cropped_0019_label_PmivjAla_2400_1920_mask.png
cropped_0019_label_PmivjAla_1920_2400.png,cropped_0019_label_PmivjAla_1920_2400_mask.png
cropped_0019_label_PmivjAla_3360_1440.png,cropped_0019_label_PmivjAla_3360_1440_mask.png
cropped_0019_label_PmivjAla_3840_1920.png,cropped_0019_label_PmivjAla_3840_1920_mask.png
cropped_0019_label_PmivjAla_1440_0.png,cropped_0019_label_PmivjAla_1440_0_mask.png
cropped_0019_label_PmivjAla_0_960.png,cropped_0019_label_PmivjAla_0_960_mask.png
cropped_0019_label_PmivjAla_480_1920.png,cropped_0019_label_PmivjAla_480_1920_mask.png
cropped_0019_label_PmivjAla_1920_480.png,cropped_0019_label_PmivjAla_1920_480_mask.png
cropped_0019_label_PmivjAla_1920_1920.png,cropped_0019_label_PmivjAla_1920_1920_mask.png
cropped_0019_label_PmivjAla_0_0.png,cropped_0019_label_PmivjAla_0_0_mask.png
cropped_0019_label_PmivjAla_1440_960.png,cropped_0019_label_PmivjAla_1440_960_mask.png
cropped_0019_label_PmivjAla_960_480.png,cropped_0019_label_PmivjAla_960_480_mask.png
cropped_0019_label_PmivjAla_2880_2880.png,cropped_0019_label_PmivjAla_2880_2880_mask.png
cropped_0019_label_PmivjAla_1440_1440.png,cropped_0019_label_PmivjAla_1440_1440_mask.png
cropped_0019_label_PmivjAla_960_960.png,cropped_0019_label_PmivjAla_960_960_mask.png
cropped_0019_label_PmivjAla_960_2400.png,cropped_0019_label_PmivjAla_960_2400_mask.png
cropped_0019_label_PmivjAla_2880_1440.png,cropped_0019_label_PmivjAla_2880_1440_mask.png
cropped_0019_label_PmivjAla_2400_2400.png,cropped_0019_label_PmivjAla_2400_2400_mask.png
cropped_0000_label_0xjUoY7D_3360_2880.png,cropped_0000_label_0xjUoY7D_3360_2880_mask.png
cropped_0000_label_0xjUoY7D_960_480.png,cropped_0000_label_0xjUoY7D_960_480_mask.png
cropped_0000_label_0xjUoY7D_3360_2400.png,cropped_0000_label_0xjUoY7D_3360_2400_mask.png
cropped_0000_label_0xjUoY7D_480_2880.png,cropped_0000_label_0xjUoY7D_480_2880_mask.png
cropped_0000_label_0xjUoY7D_480_2400.png,cropped_0000_label_0xjUoY7D_480_2400_mask.png
cropped_0000_label_0xjUoY7D_0_2400.png,cropped_0000_label_0xjUoY7D_0_2400_mask.png
cropped_0000_label_0xjUoY7D_0_960.png,cropped_0000_label_0xjUoY7D_0_960_mask.png
cropped_0000_label_0xjUoY7D_1440_480.png,cropped_0000_label_0xjUoY7D_1440_480_mask.png
cropped_0000_label_0xjUoY7D_1440_1440.png,cropped_0000_label_0xjUoY7D_1440_1440_mask.png
cropped_0000_label_0xjUoY7D_1440_2880.png,cropped_0000_label_0xjUoY7D_1440_2880_mask.png
cropped_0000_label_0xjUoY7D_960_1440.png,cropped_0000_label_0xjUoY7D_960_1440_mask.png
cropped_0000_label_0xjUoY7D_2400_0.png,cropped_0000_label_0xjUoY7D_2400_0_mask.png
cropped_0000_label_0xjUoY7D_480_1440.png,cropped_0000_label_0xjUoY7D_480_1440_mask.png
cropped_0000_label_0xjUoY7D_1440_1920.png,cropped_0000_label_0xjUoY7D_1440_1920_mask.png
cropped_0000_label_0xjUoY7D_1440_2400.png,cropped_0000_label_0xjUoY7D_1440_2400_mask.png
cropped_0000_label_0xjUoY7D_1920_2400.png,cropped_0000_label_0xjUoY7D_1920_2400_mask.png
cropped_0000_label_0xjUoY7D_3360_960.png,cropped_0000_label_0xjUoY7D_3360_960_mask.png
cropped_0000_label_0xjUoY7D_960_960.png,cropped_0000_label_0xjUoY7D_960_960_mask.png
cropped_0012_label_s2HioE5t_3840_480.png,cropped_0012_label_s2HioE5t_3840_480_mask.png
cropped_0012_label_s2HioE5t_1440_0.png,cropped_0012_label_s2HioE5t_1440_0_mask.png
cropped_0012_label_s2HioE5t_1920_480.png,cropped_0012_label_s2HioE5t_1920_480_mask.png
cropped_0012_label_s2HioE5t_2880_960.png,cropped_0012_label_s2HioE5t_2880_960_mask.png
cropped_0012_label_s2HioE5t_1440_960.png,cropped_0012_label_s2HioE5t_1440_960_mask.png
cropped_0012_label_s2HioE5t_1920_960.png,cropped_0012_label_s2HioE5t_1920_960_mask.png
cropped_0012_label_s2HioE5t_960_2880.png,cropped_0012_label_s2HioE5t_960_2880_mask.png
cropped_0012_label_s2HioE5t_3360_0.png,cropped_0012_label_s2HioE5t_3360_0_mask.png
cropped_0012_label_s2HioE5t_0_960.png,cropped_0012_label_s2HioE5t_0_960_mask.png
cropped_0012_label_s2HioE5t_960_1440.png,cropped_0012_label_s2HioE5t_960_1440_mask.png
cropped_0012_label_s2HioE5t_2880_0.png,cropped_0012_label_s2HioE5t_2880_0_mask.png
cropped_0012_label_s2HioE5t_480_2880.png,cropped_0012_label_s2HioE5t_480_2880_mask.png
cropped_0012_label_s2HioE5t_1440_480.png,cropped_0012_label_s2HioE5t_1440_480_mask.png
cropped_0012_label_s2HioE5t_2400_960.png,cropped_0012_label_s2HioE5t_2400_960_mask.png
cropped_0012_label_s2HioE5t_0_0.png,cropped_0012_label_s2HioE5t_0_0_mask.png
cropped_0012_label_s2HioE5t_3360_1920.png,cropped_0012_label_s2HioE5t_3360_1920_mask.png
cropped_00000039_4_480_0.png,cropped_00000039_4_480_0_mask.png
cropped_00000039_4_2400_2880.png,cropped_00000039_4_2400_2880_mask.png
cropped_00000039_4_480_2400.png,cropped_00000039_4_480_2400_mask.png
cropped_00000039_4_1920_480.png,cropped_00000039_4_1920_480_mask.png
cropped_00000039_4_3360_2400.png,cropped_00000039_4_3360_2400_mask.png
cropped_00000039_4_3360_480.png,cropped_00000039_4_3360_480_mask.png
cropped_00000039_4_1920_2400.png,cropped_00000039_4_1920_2400_mask.png
cropped_00000039_4_2880_480.png,cropped_00000039_4_2880_480_mask.png
cropped_00000039_4_1920_960.png,cropped_00000039_4_1920_960_mask.png
cropped_00000039_4_1920_0.png,cropped_00000039_4_1920_0_mask.png
cropped_00000039_4_3840_2880.png,cropped_00000039_4_3840_2880_mask.png
cropped_00000039_4_2880_2400.png,cropped_00000039_4_2880_2400_mask.png
cropped_00000039_4_2880_1440.png,cropped_00000039_4_2880_1440_mask.png
cropped_00000039_4_1920_1920.png,cropped_00000039_4_1920_1920_mask.png
cropped_00000039_4_2400_1440.png,cropped_00000039_4_2400_1440_mask.png
cropped_00000039_4_960_1920.png,cropped_00000039_4_960_1920_mask.png
cropped_00000039_4_3840_1920.png,cropped_00000039_4_3840_1920_mask.png
cropped_00000039_4_3360_1440.png,cropped_00000039_4_3360_1440_mask.png
cropped_0000_label_egaPlFje_3840_0.png,cropped_0000_label_egaPlFje_3840_0_mask.png
cropped_0000_label_egaPlFje_3840_1440.png,cropped_0000_label_egaPlFje_3840_1440_mask.png
cropped_0000_label_egaPlFje_1440_1920.png,cropped_0000_label_egaPlFje_1440_1920_mask.png
cropped_0000_label_egaPlFje_2880_960.png,cropped_0000_label_egaPlFje_2880_960_mask.png
cropped_0000_label_egaPlFje_2880_2400.png,cropped_0000_label_egaPlFje_2880_2400_mask.png
cropped_0000_label_egaPlFje_480_960.png,cropped_0000_label_egaPlFje_480_960_mask.png
cropped_0000_label_egaPlFje_1440_2880.png,cropped_0000_label_egaPlFje_1440_2880_mask.png
cropped_0000_label_egaPlFje_2880_480.png,cropped_0000_label_egaPlFje_2880_480_mask.png
cropped_0000_label_egaPlFje_480_2400.png,cropped_0000_label_egaPlFje_480_2400_mask.png
cropped_0000_label_egaPlFje_1920_960.png,cropped_0000_label_egaPlFje_1920_960_mask.png
cropped_0000_label_egaPlFje_2400_960.png,cropped_0000_label_egaPlFje_2400_960_mask.png
cropped_0000_label_egaPlFje_2400_1920.png,cropped_0000_label_egaPlFje_2400_1920_mask.png
cropped_0000_label_egaPlFje_0_480.png,cropped_0000_label_egaPlFje_0_480_mask.png
cropped_0000_label_egaPlFje_1440_0.png,cropped_0000_label_egaPlFje_1440_0_mask.png
cropped_0000_label_egaPlFje_480_480.png,cropped_0000_label_egaPlFje_480_480_mask.png
cropped_0000_label_egaPlFje_2880_0.png,cropped_0000_label_egaPlFje_2880_0_mask.png
cropped_0000_label_egaPlFje_1440_2400.png,cropped_0000_label_egaPlFje_1440_2400_mask.png
cropped_0000_label_egaPlFje_480_2880.png,cropped_0000_label_egaPlFje_480_2880_mask.png
cropped_0000_label_egaPlFje_3360_2400.png,cropped_0000_label_egaPlFje_3360_2400_mask.png
cropped_0000_label_egaPlFje_960_480.png,cropped_0000_label_egaPlFje_960_480_mask.png
cropped_0008_label_FCjmsocM_0_480.png,cropped_0008_label_FCjmsocM_0_480_mask.png
cropped_0008_label_FCjmsocM_2880_960.png,cropped_0008_label_FCjmsocM_2880_960_mask.png
cropped_0008_label_FCjmsocM_2880_1440.png,cropped_0008_label_FCjmsocM_2880_1440_mask.png
cropped_0008_label_FCjmsocM_0_2880.png,cropped_0008_label_FCjmsocM_0_2880_mask.png
cropped_0008_label_FCjmsocM_960_0.png,cropped_0008_label_FCjmsocM_960_0_mask.png
cropped_0008_label_FCjmsocM_1440_0.png,cropped_0008_label_FCjmsocM_1440_0_mask.png
cropped_0008_label_FCjmsocM_960_960.png,cropped_0008_label_FCjmsocM_960_960_mask.png
cropped_0008_label_FCjmsocM_480_480.png,cropped_0008_label_FCjmsocM_480_480_mask.png
cropped_0008_label_FCjmsocM_2400_2400.png,cropped_0008_label_FCjmsocM_2400_2400_mask.png
cropped_0008_label_FCjmsocM_3840_480.png,cropped_0008_label_FCjmsocM_3840_480_mask.png
cropped_0008_label_FCjmsocM_2400_1920.png,cropped_0008_label_FCjmsocM_2400_1920_mask.png
cropped_0008_label_FCjmsocM_960_2400.png,cropped_0008_label_FCjmsocM_960_2400_mask.png
cropped_0008_label_FCjmsocM_3840_2400.png,cropped_0008_label_FCjmsocM_3840_2400_mask.png
cropped_0008_label_FCjmsocM_3360_1920.png,cropped_0008_label_FCjmsocM_3360_1920_mask.png
cropped_0008_label_FCjmsocM_1920_480.png,cropped_0008_label_FCjmsocM_1920_480_mask.png
cropped_0008_label_FCjmsocM_3360_0.png,cropped_0008_label_FCjmsocM_3360_0_mask.png
cropped_0008_label_FCjmsocM_2880_480.png,cropped_0008_label_FCjmsocM_2880_480_mask.png
cropped_0008_label_FCjmsocM_1440_1920.png,cropped_0008_label_FCjmsocM_1440_1920_mask.png
cropped_0008_label_FCjmsocM_3840_960.png,cropped_0008_label_FCjmsocM_3840_960_mask.png
cropped_0008_label_FCjmsocM_1920_0.png,cropped_0008_label_FCjmsocM_1920_0_mask.png
cropped_0008_label_FCjmsocM_960_480.png,cropped_0008_label_FCjmsocM_960_480_mask.png
cropped_0008_label_FCjmsocM_0_0.png,cropped_0008_label_FCjmsocM_0_0_mask.png
cropped_0008_label_FCjmsocM_1440_2400.png,cropped_0008_label_FCjmsocM_1440_2400_mask.png
cropped_0008_label_FCjmsocM_1920_1440.png,cropped_0008_label_FCjmsocM_1920_1440_mask.png
cropped_0008_label_FCjmsocM_480_0.png,cropped_0008_label_FCjmsocM_480_0_mask.png
cropped_0008_label_FCjmsocM_1920_960.png,cropped_0008_label_FCjmsocM_1920_960_mask.png
cropped_0006_label_uCXpTeJJ_2880_960.png,cropped_0006_label_uCXpTeJJ_2880_960_mask.png
cropped_0006_label_uCXpTeJJ_2880_1440.png,cropped_0006_label_uCXpTeJJ_2880_1440_mask.png
cropped_0006_label_uCXpTeJJ_2880_480.png,cropped_0006_label_uCXpTeJJ_2880_480_mask.png
cropped_0006_label_uCXpTeJJ_480_960.png,cropped_0006_label_uCXpTeJJ_480_960_mask.png
cropped_0006_label_uCXpTeJJ_3840_1920.png,cropped_0006_label_uCXpTeJJ_3840_1920_mask.png
cropped_0006_label_uCXpTeJJ_1440_1920.png,cropped_0006_label_uCXpTeJJ_1440_1920_mask.png
cropped_0006_label_uCXpTeJJ_1920_960.png,cropped_0006_label_uCXpTeJJ_1920_960_mask.png
cropped_0006_label_uCXpTeJJ_1440_480.png,cropped_0006_label_uCXpTeJJ_1440_480_mask.png
cropped_0006_label_uCXpTeJJ_1920_2880.png,cropped_0006_label_uCXpTeJJ_1920_2880_mask.png
cropped_0006_label_uCXpTeJJ_2880_1920.png,cropped_0006_label_uCXpTeJJ_2880_1920_mask.png
cropped_0006_label_uCXpTeJJ_3840_2880.png,cropped_0006_label_uCXpTeJJ_3840_2880_mask.png
cropped_0006_label_uCXpTeJJ_1440_2400.png,cropped_0006_label_uCXpTeJJ_1440_2400_mask.png
cropped_0006_label_uCXpTeJJ_3360_2880.png,cropped_0006_label_uCXpTeJJ_3360_2880_mask.png
cropped_0006_label_uCXpTeJJ_0_480.png,cropped_0006_label_uCXpTeJJ_0_480_mask.png
cropped_0006_label_uCXpTeJJ_960_1920.png,cropped_0006_label_uCXpTeJJ_960_1920_mask.png
cropped_0006_label_uCXpTeJJ_480_1920.png,cropped_0006_label_uCXpTeJJ_480_1920_mask.png
cropped_0006_label_uCXpTeJJ_0_1440.png,cropped_0006_label_uCXpTeJJ_0_1440_mask.png
cropped_0006_label_uCXpTeJJ_0_2880.png,cropped_0006_label_uCXpTeJJ_0_2880_mask.png
cropped_0006_label_uCXpTeJJ_1440_960.png,cropped_0006_label_uCXpTeJJ_1440_960_mask.png
cropped_0008_label_Y0sRpXgl_2400_960.png,cropped_0008_label_Y0sRpXgl_2400_960_mask.png
cropped_0008_label_Y0sRpXgl_960_960.png,cropped_0008_label_Y0sRpXgl_960_960_mask.png
cropped_0008_label_Y0sRpXgl_3360_1920.png,cropped_0008_label_Y0sRpXgl_3360_1920_mask.png
cropped_0008_label_Y0sRpXgl_3360_1440.png,cropped_0008_label_Y0sRpXgl_3360_1440_mask.png
cropped_0008_label_Y0sRpXgl_3840_480.png,cropped_0008_label_Y0sRpXgl_3840_480_mask.png
cropped_0008_label_Y0sRpXgl_2400_1920.png,cropped_0008_label_Y0sRpXgl_2400_1920_mask.png
cropped_0008_label_Y0sRpXgl_2400_480.png,cropped_0008_label_Y0sRpXgl_2400_480_mask.png
cropped_0008_label_Y0sRpXgl_3360_480.png,cropped_0008_label_Y0sRpXgl_3360_480_mask.png
cropped_0008_label_Y0sRpXgl_2880_2400.png,cropped_0008_label_Y0sRpXgl_2880_2400_mask.png
cropped_0008_label_Y0sRpXgl_1440_1920.png,cropped_0008_label_Y0sRpXgl_1440_1920_mask.png
cropped_0008_label_Y0sRpXgl_960_0.png,cropped_0008_label_Y0sRpXgl_960_0_mask.png
cropped_0008_label_Y0sRpXgl_2880_2880.png,cropped_0008_label_Y0sRpXgl_2880_2880_mask.png
cropped_0008_label_Y0sRpXgl_1920_960.png,cropped_0008_label_Y0sRpXgl_1920_960_mask.png
cropped_0008_label_Y0sRpXgl_480_0.png,cropped_0008_label_Y0sRpXgl_480_0_mask.png
cropped_0008_label_Y0sRpXgl_960_480.png,cropped_0008_label_Y0sRpXgl_960_480_mask.png
cropped_0008_label_Y0sRpXgl_1920_480.png,cropped_0008_label_Y0sRpXgl_1920_480_mask.png
cropped_0008_label_Y0sRpXgl_2880_480.png,cropped_0008_label_Y0sRpXgl_2880_480_mask.png
cropped_0008_label_Y0sRpXgl_3840_0.png,cropped_0008_label_Y0sRpXgl_3840_0_mask.png
cropped_0008_label_Y0sRpXgl_960_2880.png,cropped_0008_label_Y0sRpXgl_960_2880_mask.png
cropped_0005_label_egaPlFje_1440_480.png,cropped_0005_label_egaPlFje_1440_480_mask.png
cropped_0005_label_egaPlFje_1920_1920.png,cropped_0005_label_egaPlFje_1920_1920_mask.png
cropped_0005_label_egaPlFje_1440_2400.png,cropped_0005_label_egaPlFje_1440_2400_mask.png
cropped_0005_label_egaPlFje_1440_960.png,cropped_0005_label_egaPlFje_1440_960_mask.png
cropped_0005_label_egaPlFje_3360_0.png,cropped_0005_label_egaPlFje_3360_0_mask.png
cropped_0005_label_egaPlFje_3840_480.png,cropped_0005_label_egaPlFje_3840_480_mask.png
cropped_0005_label_egaPlFje_3360_2880.png,cropped_0005_label_egaPlFje_3360_2880_mask.png
cropped_0005_label_egaPlFje_1920_480.png,cropped_0005_label_egaPlFje_1920_480_mask.png
cropped_0005_label_egaPlFje_2400_1920.png,cropped_0005_label_egaPlFje_2400_1920_mask.png
cropped_0005_label_egaPlFje_960_1920.png,cropped_0005_label_egaPlFje_960_1920_mask.png
cropped_0005_label_egaPlFje_2880_480.png,cropped_0005_label_egaPlFje_2880_480_mask.png
cropped_0005_label_egaPlFje_1920_960.png,cropped_0005_label_egaPlFje_1920_960_mask.png
cropped_0005_label_egaPlFje_2400_480.png,cropped_0005_label_egaPlFje_2400_480_mask.png
cropped_0005_label_egaPlFje_1440_0.png,cropped_0005_label_egaPlFje_1440_0_mask.png
cropped_0005_label_egaPlFje_3840_1920.png,cropped_0005_label_egaPlFje_3840_1920_mask.png
cropped_0005_label_egaPlFje_3840_1440.png,cropped_0005_label_egaPlFje_3840_1440_mask.png
cropped_0005_label_egaPlFje_1440_1920.png,cropped_0005_label_egaPlFje_1440_1920_mask.png
cropped_0005_label_egaPlFje_3360_1920.png,cropped_0005_label_egaPlFje_3360_1920_mask.png
cropped_0005_label_egaPlFje_480_1440.png,cropped_0005_label_egaPlFje_480_1440_mask.png
cropped_0005_label_egaPlFje_3360_480.png,cropped_0005_label_egaPlFje_3360_480_mask.png
cropped_0005_label_egaPlFje_2880_1440.png,cropped_0005_label_egaPlFje_2880_1440_mask.png
cropped_00000015_3_960_1440.png,cropped_00000015_3_960_1440_mask.png
cropped_00000015_3_3360_2880.png,cropped_00000015_3_3360_2880_mask.png
cropped_00000015_3_3840_960.png,cropped_00000015_3_3840_960_mask.png
cropped_00000015_3_480_1920.png,cropped_00000015_3_480_1920_mask.png
cropped_00000015_3_1920_0.png,cropped_00000015_3_1920_0_mask.png
cropped_00000015_3_1440_480.png,cropped_00000015_3_1440_480_mask.png
cropped_00000015_3_3360_2400.png,cropped_00000015_3_3360_2400_mask.png
cropped_00000015_3_1440_0.png,cropped_00000015_3_1440_0_mask.png
cropped_00000015_3_3360_1920.png,cropped_00000015_3_3360_1920_mask.png
cropped_00000015_3_2400_480.png,cropped_00000015_3_2400_480_mask.png
cropped_00000015_3_0_2880.png,cropped_00000015_3_0_2880_mask.png
cropped_00000015_3_2880_0.png,cropped_00000015_3_2880_0_mask.png
cropped_00000015_3_960_0.png,cropped_00000015_3_960_0_mask.png
cropped_00000015_3_480_960.png,cropped_00000015_3_480_960_mask.png
cropped_00000015_3_480_1440.png,cropped_00000015_3_480_1440_mask.png
cropped_00000015_3_960_960.png,cropped_00000015_3_960_960_mask.png
cropped_00000015_3_1920_480.png,cropped_00000015_3_1920_480_mask.png
cropped_00000015_3_960_1920.png,cropped_00000015_3_960_1920_mask.png
cropped_0009_label_uCXpTeJJ_2400_960.png,cropped_0009_label_uCXpTeJJ_2400_960_mask.png
cropped_0009_label_uCXpTeJJ_960_960.png,cropped_0009_label_uCXpTeJJ_960_960_mask.png
cropped_0009_label_uCXpTeJJ_0_2880.png,cropped_0009_label_uCXpTeJJ_0_2880_mask.png
cropped_0009_label_uCXpTeJJ_960_480.png,cropped_0009_label_uCXpTeJJ_960_480_mask.png
cropped_0009_label_uCXpTeJJ_480_960.png,cropped_0009_label_uCXpTeJJ_480_960_mask.png
cropped_0009_label_uCXpTeJJ_2400_2880.png,cropped_0009_label_uCXpTeJJ_2400_2880_mask.png
cropped_0009_label_uCXpTeJJ_2400_0.png,cropped_0009_label_uCXpTeJJ_2400_0_mask.png
cropped_0009_label_uCXpTeJJ_960_1440.png,cropped_0009_label_uCXpTeJJ_960_1440_mask.png
cropped_0009_label_uCXpTeJJ_3840_1920.png,cropped_0009_label_uCXpTeJJ_3840_1920_mask.png
cropped_0009_label_uCXpTeJJ_1920_0.png,cropped_0009_label_uCXpTeJJ_1920_0_mask.png
cropped_0009_label_uCXpTeJJ_1440_1440.png,cropped_0009_label_uCXpTeJJ_1440_1440_mask.png
cropped_0009_label_uCXpTeJJ_0_2400.png,cropped_0009_label_uCXpTeJJ_0_2400_mask.png
cropped_0009_label_uCXpTeJJ_1440_480.png,cropped_0009_label_uCXpTeJJ_1440_480_mask.png
cropped_0009_label_uCXpTeJJ_480_480.png,cropped_0009_label_uCXpTeJJ_480_480_mask.png
cropped_0009_label_uCXpTeJJ_2400_480.png,cropped_0009_label_uCXpTeJJ_2400_480_mask.png
cropped_0009_label_uCXpTeJJ_1920_1440.png,cropped_0009_label_uCXpTeJJ_1920_1440_mask.png
cropped_0009_label_uCXpTeJJ_1440_2880.png,cropped_0009_label_uCXpTeJJ_1440_2880_mask.png
cropped_0009_label_uCXpTeJJ_960_1920.png,cropped_0009_label_uCXpTeJJ_960_1920_mask.png
cropped_0009_label_uCXpTeJJ_2400_1920.png,cropped_0009_label_uCXpTeJJ_2400_1920_mask.png
cropped_0008_label_M4HYDr16_3840_0.png,cropped_0008_label_M4HYDr16_3840_0_mask.png
cropped_0008_label_M4HYDr16_1440_2400.png,cropped_0008_label_M4HYDr16_1440_2400_mask.png
cropped_0008_label_M4HYDr16_1440_1440.png,cropped_0008_label_M4HYDr16_1440_1440_mask.png
cropped_0008_label_M4HYDr16_3360_0.png,cropped_0008_label_M4HYDr16_3360_0_mask.png
cropped_0008_label_M4HYDr16_1440_0.png,cropped_0008_label_M4HYDr16_1440_0_mask.png
cropped_0008_label_M4HYDr16_3840_1920.png,cropped_0008_label_M4HYDr16_3840_1920_mask.png
cropped_0008_label_M4HYDr16_2400_1440.png,cropped_0008_label_M4HYDr16_2400_1440_mask.png
cropped_0008_label_M4HYDr16_2880_1440.png,cropped_0008_label_M4HYDr16_2880_1440_mask.png
cropped_0008_label_M4HYDr16_0_0.png,cropped_0008_label_M4HYDr16_0_0_mask.png
cropped_0008_label_M4HYDr16_480_1920.png,cropped_0008_label_M4HYDr16_480_1920_mask.png
cropped_0008_label_M4HYDr16_2880_1920.png,cropped_0008_label_M4HYDr16_2880_1920_mask.png
cropped_0008_label_M4HYDr16_2400_2880.png,cropped_0008_label_M4HYDr16_2400_2880_mask.png
cropped_0008_label_M4HYDr16_3360_1920.png,cropped_0008_label_M4HYDr16_3360_1920_mask.png
cropped_0008_label_M4HYDr16_0_960.png,cropped_0008_label_M4HYDr16_0_960_mask.png
cropped_0008_label_M4HYDr16_3840_2400.png,cropped_0008_label_M4HYDr16_3840_2400_mask.png
cropped_0000_label_9tz0JSAJ_0_960.png,cropped_0000_label_9tz0JSAJ_0_960_mask.png
cropped_0000_label_9tz0JSAJ_1920_1440.png,cropped_0000_label_9tz0JSAJ_1920_1440_mask.png
cropped_0000_label_9tz0JSAJ_1920_480.png,cropped_0000_label_9tz0JSAJ_1920_480_mask.png
cropped_0000_label_9tz0JSAJ_480_480.png,cropped_0000_label_9tz0JSAJ_480_480_mask.png
cropped_0000_label_9tz0JSAJ_2880_960.png,cropped_0000_label_9tz0JSAJ_2880_960_mask.png
cropped_0000_label_9tz0JSAJ_2880_2400.png,cropped_0000_label_9tz0JSAJ_2880_2400_mask.png
cropped_0000_label_9tz0JSAJ_0_1440.png,cropped_0000_label_9tz0JSAJ_0_1440_mask.png
cropped_0000_label_9tz0JSAJ_1920_960.png,cropped_0000_label_9tz0JSAJ_1920_960_mask.png
cropped_0000_label_9tz0JSAJ_3360_0.png,cropped_0000_label_9tz0JSAJ_3360_0_mask.png
cropped_0000_label_9tz0JSAJ_2880_0.png,cropped_0000_label_9tz0JSAJ_2880_0_mask.png
cropped_0000_label_9tz0JSAJ_0_1920.png,cropped_0000_label_9tz0JSAJ_0_1920_mask.png
cropped_0000_label_9tz0JSAJ_1440_1440.png,cropped_0000_label_9tz0JSAJ_1440_1440_mask.png
cropped_0000_label_9tz0JSAJ_3840_0.png,cropped_0000_label_9tz0JSAJ_3840_0_mask.png
cropped_0000_label_9tz0JSAJ_2400_1440.png,cropped_0000_label_9tz0JSAJ_2400_1440_mask.png
cropped_0000_label_9tz0JSAJ_3840_2880.png,cropped_0000_label_9tz0JSAJ_3840_2880_mask.png
cropped_0000_label_9tz0JSAJ_480_0.png,cropped_0000_label_9tz0JSAJ_480_0_mask.png
cropped_0000_label_9tz0JSAJ_1440_2400.png,cropped_0000_label_9tz0JSAJ_1440_2400_mask.png
cropped_0000_label_9tz0JSAJ_1440_960.png,cropped_0000_label_9tz0JSAJ_1440_960_mask.png
cropped_0000_label_9tz0JSAJ_2400_0.png,cropped_0000_label_9tz0JSAJ_2400_0_mask.png
cropped_0000_label_9tz0JSAJ_1440_480.png,cropped_0000_label_9tz0JSAJ_1440_480_mask.png
cropped_0000_label_TNURd9tv_1440_480.png,cropped_0000_label_TNURd9tv_1440_480_mask.png
cropped_0000_label_TNURd9tv_3360_0.png,cropped_0000_label_TNURd9tv_3360_0_mask.png
cropped_0000_label_TNURd9tv_3840_960.png,cropped_0000_label_TNURd9tv_3840_960_mask.png
cropped_0000_label_TNURd9tv_1920_0.png,cropped_0000_label_TNURd9tv_1920_0_mask.png
cropped_0000_label_TNURd9tv_1920_480.png,cropped_0000_label_TNURd9tv_1920_480_mask.png
cropped_0000_label_TNURd9tv_480_960.png,cropped_0000_label_TNURd9tv_480_960_mask.png
cropped_0000_label_TNURd9tv_1440_960.png,cropped_0000_label_TNURd9tv_1440_960_mask.png
cropped_0000_label_TNURd9tv_1920_960.png,cropped_0000_label_TNURd9tv_1920_960_mask.png
cropped_0000_label_TNURd9tv_480_1920.png,cropped_0000_label_TNURd9tv_480_1920_mask.png
cropped_0000_label_TNURd9tv_3840_1440.png,cropped_0000_label_TNURd9tv_3840_1440_mask.png
cropped_0000_label_TNURd9tv_2400_1920.png,cropped_0000_label_TNURd9tv_2400_1920_mask.png
cropped_0000_label_TNURd9tv_1440_2880.png,cropped_0000_label_TNURd9tv_1440_2880_mask.png
cropped_0000_label_TNURd9tv_3360_1440.png,cropped_0000_label_TNURd9tv_3360_1440_mask.png
cropped_0000_label_TNURd9tv_1920_2400.png,cropped_0000_label_TNURd9tv_1920_2400_mask.png
cropped_0000_label_TNURd9tv_1920_2880.png,cropped_0000_label_TNURd9tv_1920_2880_mask.png
cropped_0005_label_G2fWPEgz_3840_1920.png,cropped_0005_label_G2fWPEgz_3840_1920_mask.png
cropped_0005_label_G2fWPEgz_2880_2880.png,cropped_0005_label_G2fWPEgz_2880_2880_mask.png
cropped_0005_label_G2fWPEgz_2400_0.png,cropped_0005_label_G2fWPEgz_2400_0_mask.png
cropped_0005_label_G2fWPEgz_3840_0.png,cropped_0005_label_G2fWPEgz_3840_0_mask.png
cropped_0005_label_G2fWPEgz_960_2400.png,cropped_0005_label_G2fWPEgz_960_2400_mask.png
cropped_0005_label_G2fWPEgz_3840_480.png,cropped_0005_label_G2fWPEgz_3840_480_mask.png
cropped_0005_label_G2fWPEgz_1440_480.png,cropped_0005_label_G2fWPEgz_1440_480_mask.png
cropped_0005_label_G2fWPEgz_480_2400.png,cropped_0005_label_G2fWPEgz_480_2400_mask.png
cropped_0005_label_G2fWPEgz_2400_1920.png,cropped_0005_label_G2fWPEgz_2400_1920_mask.png
cropped_0005_label_G2fWPEgz_1920_960.png,cropped_0005_label_G2fWPEgz_1920_960_mask.png
cropped_0005_label_G2fWPEgz_0_1920.png,cropped_0005_label_G2fWPEgz_0_1920_mask.png
cropped_0005_label_G2fWPEgz_960_1440.png,cropped_0005_label_G2fWPEgz_960_1440_mask.png
cropped_0005_label_G2fWPEgz_960_960.png,cropped_0005_label_G2fWPEgz_960_960_mask.png
cropped_0005_label_G2fWPEgz_3360_2880.png,cropped_0005_label_G2fWPEgz_3360_2880_mask.png
cropped_0005_label_G2fWPEgz_2880_480.png,cropped_0005_label_G2fWPEgz_2880_480_mask.png
cropped_0005_label_G2fWPEgz_1440_0.png,cropped_0005_label_G2fWPEgz_1440_0_mask.png
cropped_0005_label_G2fWPEgz_1440_1440.png,cropped_0005_label_G2fWPEgz_1440_1440_mask.png
cropped_0005_label_G2fWPEgz_1920_480.png,cropped_0005_label_G2fWPEgz_1920_480_mask.png
cropped_0005_label_G2fWPEgz_1920_1440.png,cropped_0005_label_G2fWPEgz_1920_1440_mask.png
cropped_0005_label_G2fWPEgz_1920_2880.png,cropped_0005_label_G2fWPEgz_1920_2880_mask.png
cropped_0005_label_G2fWPEgz_1440_960.png,cropped_0005_label_G2fWPEgz_1440_960_mask.png
cropped_0004_label_BRxm2MyU_2880_480.png,cropped_0004_label_BRxm2MyU_2880_480_mask.png
cropped_0004_label_BRxm2MyU_1920_960.png,cropped_0004_label_BRxm2MyU_1920_960_mask.png
cropped_0004_label_BRxm2MyU_1440_960.png,cropped_0004_label_BRxm2MyU_1440_960_mask.png
cropped_0004_label_BRxm2MyU_3840_2880.png,cropped_0004_label_BRxm2MyU_3840_2880_mask.png
cropped_0004_label_BRxm2MyU_3360_1440.png,cropped_0004_label_BRxm2MyU_3360_1440_mask.png
cropped_0004_label_BRxm2MyU_1920_2880.png,cropped_0004_label_BRxm2MyU_1920_2880_mask.png
cropped_0004_label_BRxm2MyU_3840_480.png,cropped_0004_label_BRxm2MyU_3840_480_mask.png
cropped_0004_label_BRxm2MyU_0_1920.png,cropped_0004_label_BRxm2MyU_0_1920_mask.png
cropped_0004_label_BRxm2MyU_2880_2880.png,cropped_0004_label_BRxm2MyU_2880_2880_mask.png
cropped_0004_label_BRxm2MyU_0_960.png,cropped_0004_label_BRxm2MyU_0_960_mask.png
cropped_0004_label_BRxm2MyU_2400_2400.png,cropped_0004_label_BRxm2MyU_2400_2400_mask.png
cropped_0004_label_BRxm2MyU_960_1920.png,cropped_0004_label_BRxm2MyU_960_1920_mask.png
cropped_0004_label_BRxm2MyU_2400_0.png,cropped_0004_label_BRxm2MyU_2400_0_mask.png
cropped_0004_label_BRxm2MyU_480_1920.png,cropped_0004_label_BRxm2MyU_480_1920_mask.png
cropped_0004_label_BRxm2MyU_1920_1440.png,cropped_0004_label_BRxm2MyU_1920_1440_mask.png
cropped_0004_label_BRxm2MyU_1440_480.png,cropped_0004_label_BRxm2MyU_1440_480_mask.png
cropped_0004_label_BRxm2MyU_480_2400.png,cropped_0004_label_BRxm2MyU_480_2400_mask.png
cropped_0004_label_BRxm2MyU_0_480.png,cropped_0004_label_BRxm2MyU_0_480_mask.png
cropped_00000045_1_2400_1920.png,cropped_00000045_1_2400_1920_mask.png
cropped_00000045_1_1920_0.png,cropped_00000045_1_1920_0_mask.png
cropped_00000045_1_2880_1920.png,cropped_00000045_1_2880_1920_mask.png
cropped_00000045_1_2880_480.png,cropped_00000045_1_2880_480_mask.png
cropped_00000045_1_480_1440.png,cropped_00000045_1_480_1440_mask.png
cropped_00000045_1_2400_480.png,cropped_00000045_1_2400_480_mask.png
cropped_00000045_1_960_0.png,cropped_00000045_1_960_0_mask.png
cropped_00000045_1_0_2880.png,cropped_00000045_1_0_2880_mask.png
cropped_00000045_1_3840_2400.png,cropped_00000045_1_3840_2400_mask.png
cropped_00000045_1_3840_2880.png,cropped_00000045_1_3840_2880_mask.png
cropped_00000045_1_1440_1920.png,cropped_00000045_1_1440_1920_mask.png
cropped_00000045_1_0_960.png,cropped_00000045_1_0_960_mask.png
cropped_00000045_1_3840_1440.png,cropped_00000045_1_3840_1440_mask.png
cropped_00000045_1_3360_480.png,cropped_00000045_1_3360_480_mask.png
cropped_00000045_1_3840_0.png,cropped_00000045_1_3840_0_mask.png
cropped_00000045_1_960_480.png,cropped_00000045_1_960_480_mask.png
cropped_00000045_1_1440_0.png,cropped_00000045_1_1440_0_mask.png
cropped_00000045_1_960_2880.png,cropped_00000045_1_960_2880_mask.png
cropped_00000045_1_1920_1440.png,cropped_00000045_1_1920_1440_mask.png
cropped_00000045_1_3360_960.png,cropped_00000045_1_3360_960_mask.png
cropped_00000045_1_0_480.png,cropped_00000045_1_0_480_mask.png
cropped_00000045_1_1440_2400.png,cropped_00000045_1_1440_2400_mask.png
cropped_00000045_1_0_0.png,cropped_00000045_1_0_0_mask.png
cropped_0007_label_iSVx22hl_0_1920.png,cropped_0007_label_iSVx22hl_0_1920_mask.png
cropped_0007_label_iSVx22hl_3360_2400.png,cropped_0007_label_iSVx22hl_3360_2400_mask.png
cropped_0007_label_iSVx22hl_2880_1920.png,cropped_0007_label_iSVx22hl_2880_1920_mask.png
cropped_0007_label_iSVx22hl_2880_0.png,cropped_0007_label_iSVx22hl_2880_0_mask.png
cropped_0007_label_iSVx22hl_960_480.png,cropped_0007_label_iSVx22hl_960_480_mask.png
cropped_0007_label_iSVx22hl_2400_2880.png,cropped_0007_label_iSVx22hl_2400_2880_mask.png
cropped_0007_label_iSVx22hl_3840_2400.png,cropped_0007_label_iSVx22hl_3840_2400_mask.png
cropped_0007_label_iSVx22hl_480_1920.png,cropped_0007_label_iSVx22hl_480_1920_mask.png
cropped_0007_label_iSVx22hl_3840_1920.png,cropped_0007_label_iSVx22hl_3840_1920_mask.png
cropped_0007_label_iSVx22hl_1920_480.png,cropped_0007_label_iSVx22hl_1920_480_mask.png
cropped_0007_label_iSVx22hl_1920_0.png,cropped_0007_label_iSVx22hl_1920_0_mask.png
cropped_0007_label_iSVx22hl_480_480.png,cropped_0007_label_iSVx22hl_480_480_mask.png
cropped_0007_label_iSVx22hl_2400_1920.png,cropped_0007_label_iSVx22hl_2400_1920_mask.png
cropped_0007_label_iSVx22hl_1440_480.png,cropped_0007_label_iSVx22hl_1440_480_mask.png
cropped_0007_label_iSVx22hl_480_960.png,cropped_0007_label_iSVx22hl_480_960_mask.png
cropped_0007_label_iSVx22hl_2880_2400.png,cropped_0007_label_iSVx22hl_2880_2400_mask.png
cropped_0008_label_iGFOdcQt_480_1440.png,cropped_0008_label_iGFOdcQt_480_1440_mask.png
cropped_0008_label_iGFOdcQt_960_2880.png,cropped_0008_label_iGFOdcQt_960_2880_mask.png
cropped_0008_label_iGFOdcQt_2400_960.png,cropped_0008_label_iGFOdcQt_2400_960_mask.png
cropped_0008_label_iGFOdcQt_2880_1440.png,cropped_0008_label_iGFOdcQt_2880_1440_mask.png
cropped_0008_label_iGFOdcQt_1440_1920.png,cropped_0008_label_iGFOdcQt_1440_1920_mask.png
cropped_0008_label_iGFOdcQt_0_0.png,cropped_0008_label_iGFOdcQt_0_0_mask.png
cropped_0008_label_iGFOdcQt_960_960.png,cropped_0008_label_iGFOdcQt_960_960_mask.png
cropped_0008_label_iGFOdcQt_1440_480.png,cropped_0008_label_iGFOdcQt_1440_480_mask.png
cropped_0008_label_iGFOdcQt_3360_1440.png,cropped_0008_label_iGFOdcQt_3360_1440_mask.png
cropped_0008_label_iGFOdcQt_3840_0.png,cropped_0008_label_iGFOdcQt_3840_0_mask.png
cropped_0008_label_iGFOdcQt_1920_480.png,cropped_0008_label_iGFOdcQt_1920_480_mask.png
cropped_0008_label_iGFOdcQt_480_0.png,cropped_0008_label_iGFOdcQt_480_0_mask.png
cropped_0008_label_iGFOdcQt_3360_1920.png,cropped_0008_label_iGFOdcQt_3360_1920_mask.png
cropped_0008_label_iGFOdcQt_0_2400.png,cropped_0008_label_iGFOdcQt_0_2400_mask.png
cropped_0008_label_iGFOdcQt_1440_2400.png,cropped_0008_label_iGFOdcQt_1440_2400_mask.png
cropped_0013_label_G2fWPEgz_3840_2400.png,cropped_0013_label_G2fWPEgz_3840_2400_mask.png
cropped_0013_label_G2fWPEgz_960_480.png,cropped_0013_label_G2fWPEgz_960_480_mask.png
cropped_0013_label_G2fWPEgz_3360_2880.png,cropped_0013_label_G2fWPEgz_3360_2880_mask.png
cropped_0013_label_G2fWPEgz_480_1440.png,cropped_0013_label_G2fWPEgz_480_1440_mask.png
cropped_0013_label_G2fWPEgz_480_480.png,cropped_0013_label_G2fWPEgz_480_480_mask.png
cropped_0013_label_G2fWPEgz_2400_960.png,cropped_0013_label_G2fWPEgz_2400_960_mask.png
cropped_0013_label_G2fWPEgz_0_0.png,cropped_0013_label_G2fWPEgz_0_0_mask.png
cropped_0013_label_G2fWPEgz_3360_960.png,cropped_0013_label_G2fWPEgz_3360_960_mask.png
cropped_0013_label_G2fWPEgz_3840_1440.png,cropped_0013_label_G2fWPEgz_3840_1440_mask.png
cropped_0013_label_G2fWPEgz_2400_480.png,cropped_0013_label_G2fWPEgz_2400_480_mask.png
cropped_0013_label_G2fWPEgz_0_2400.png,cropped_0013_label_G2fWPEgz_0_2400_mask.png
cropped_0013_label_G2fWPEgz_1920_2400.png,cropped_0013_label_G2fWPEgz_1920_2400_mask.png
cropped_0013_label_G2fWPEgz_3840_960.png,cropped_0013_label_G2fWPEgz_3840_960_mask.png
cropped_0013_label_G2fWPEgz_480_2880.png,cropped_0013_label_G2fWPEgz_480_2880_mask.png
cropped_0013_label_G2fWPEgz_1920_1440.png,cropped_0013_label_G2fWPEgz_1920_1440_mask.png
cropped_0013_label_G2fWPEgz_960_2400.png,cropped_0013_label_G2fWPEgz_960_2400_mask.png
cropped_0013_label_G2fWPEgz_3840_1920.png,cropped_0013_label_G2fWPEgz_3840_1920_mask.png
cropped_0013_label_G2fWPEgz_1920_960.png,cropped_0013_label_G2fWPEgz_1920_960_mask.png
cropped_0013_label_G2fWPEgz_480_1920.png,cropped_0013_label_G2fWPEgz_480_1920_mask.png
cropped_0013_label_G2fWPEgz_1440_960.png,cropped_0013_label_G2fWPEgz_1440_960_mask.png
cropped_0006_label_5YuL3VcR_1920_960.png,cropped_0006_label_5YuL3VcR_1920_960_mask.png
cropped_0006_label_5YuL3VcR_960_960.png,cropped_0006_label_5YuL3VcR_960_960_mask.png
cropped_0006_label_5YuL3VcR_480_480.png,cropped_0006_label_5YuL3VcR_480_480_mask.png
cropped_0006_label_5YuL3VcR_2400_2400.png,cropped_0006_label_5YuL3VcR_2400_2400_mask.png
cropped_0006_label_5YuL3VcR_480_1440.png,cropped_0006_label_5YuL3VcR_480_1440_mask.png
cropped_0006_label_5YuL3VcR_960_1920.png,cropped_0006_label_5YuL3VcR_960_1920_mask.png
cropped_0006_label_5YuL3VcR_1440_960.png,cropped_0006_label_5YuL3VcR_1440_960_mask.png
cropped_0006_label_5YuL3VcR_2880_1440.png,cropped_0006_label_5YuL3VcR_2880_1440_mask.png
cropped_0006_label_5YuL3VcR_2400_1440.png,cropped_0006_label_5YuL3VcR_2400_1440_mask.png
cropped_0006_label_5YuL3VcR_2880_2880.png,cropped_0006_label_5YuL3VcR_2880_2880_mask.png
cropped_0006_label_5YuL3VcR_0_2400.png,cropped_0006_label_5YuL3VcR_0_2400_mask.png
cropped_0006_label_5YuL3VcR_3360_0.png,cropped_0006_label_5YuL3VcR_3360_0_mask.png
cropped_0006_label_5YuL3VcR_3840_2880.png,cropped_0006_label_5YuL3VcR_3840_2880_mask.png
cropped_0006_label_5YuL3VcR_480_0.png,cropped_0006_label_5YuL3VcR_480_0_mask.png
cropped_0006_label_5YuL3VcR_3360_1920.png,cropped_0006_label_5YuL3VcR_3360_1920_mask.png
cropped_0006_label_5YuL3VcR_1920_480.png,cropped_0006_label_5YuL3VcR_1920_480_mask.png
cropped_0006_label_5YuL3VcR_2400_1920.png,cropped_0006_label_5YuL3VcR_2400_1920_mask.png
cropped_0006_label_5YuL3VcR_1920_1920.png,cropped_0006_label_5YuL3VcR_1920_1920_mask.png
cropped_0006_label_5YuL3VcR_1440_0.png,cropped_0006_label_5YuL3VcR_1440_0_mask.png
cropped_0006_label_5YuL3VcR_1920_1440.png,cropped_0006_label_5YuL3VcR_1920_1440_mask.png
cropped_0006_label_5YuL3VcR_1440_2400.png,cropped_0006_label_5YuL3VcR_1440_2400_mask.png
cropped_0006_label_5YuL3VcR_2880_480.png,cropped_0006_label_5YuL3VcR_2880_480_mask.png
cropped_0013_label_M4HYDr16_3840_2400.png,cropped_0013_label_M4HYDr16_3840_2400_mask.png
cropped_0013_label_M4HYDr16_3360_0.png,cropped_0013_label_M4HYDr16_3360_0_mask.png
cropped_0013_label_M4HYDr16_1440_1920.png,cropped_0013_label_M4HYDr16_1440_1920_mask.png
cropped_0013_label_M4HYDr16_2880_2400.png,cropped_0013_label_M4HYDr16_2880_2400_mask.png
cropped_0013_label_M4HYDr16_3360_2880.png,cropped_0013_label_M4HYDr16_3360_2880_mask.png
cropped_0013_label_M4HYDr16_3840_960.png,cropped_0013_label_M4HYDr16_3840_960_mask.png
cropped_0013_label_M4HYDr16_2400_2400.png,cropped_0013_label_M4HYDr16_2400_2400_mask.png
cropped_0013_label_M4HYDr16_960_1440.png,cropped_0013_label_M4HYDr16_960_1440_mask.png
cropped_0013_label_M4HYDr16_480_2400.png,cropped_0013_label_M4HYDr16_480_2400_mask.png
cropped_0013_label_M4HYDr16_0_2400.png,cropped_0013_label_M4HYDr16_0_2400_mask.png
cropped_0013_label_M4HYDr16_3360_480.png,cropped_0013_label_M4HYDr16_3360_480_mask.png
cropped_0013_label_M4HYDr16_480_1440.png,cropped_0013_label_M4HYDr16_480_1440_mask.png
cropped_0013_label_M4HYDr16_2400_1440.png,cropped_0013_label_M4HYDr16_2400_1440_mask.png
cropped_0013_label_M4HYDr16_1440_480.png,cropped_0013_label_M4HYDr16_1440_480_mask.png
cropped_0013_label_M4HYDr16_3360_2400.png,cropped_0013_label_M4HYDr16_3360_2400_mask.png
cropped_0013_label_M4HYDr16_2400_0.png,cropped_0013_label_M4HYDr16_2400_0_mask.png
cropped_0013_label_M4HYDr16_1440_2400.png,cropped_0013_label_M4HYDr16_1440_2400_mask.png
cropped_0013_label_M4HYDr16_2880_2880.png,cropped_0013_label_M4HYDr16_2880_2880_mask.png
cropped_0013_label_M4HYDr16_3360_1440.png,cropped_0013_label_M4HYDr16_3360_1440_mask.png
cropped_0013_label_M4HYDr16_2880_0.png,cropped_0013_label_M4HYDr16_2880_0_mask.png
cropped_0013_label_M4HYDr16_960_480.png,cropped_0013_label_M4HYDr16_960_480_mask.png
cropped_0013_label_M4HYDr16_480_2880.png,cropped_0013_label_M4HYDr16_480_2880_mask.png
cropped_0013_label_M4HYDr16_2400_1920.png,cropped_0013_label_M4HYDr16_2400_1920_mask.png
cropped_00000051_2400_1440.png,cropped_00000051_2400_1440_mask.png
cropped_00000051_3840_2400.png,cropped_00000051_3840_2400_mask.png
cropped_00000051_1440_2400.png,cropped_00000051_1440_2400_mask.png
cropped_00000051_960_1920.png,cropped_00000051_960_1920_mask.png
cropped_00000051_960_2400.png,cropped_00000051_960_2400_mask.png
cropped_00000051_3360_2880.png,cropped_00000051_3360_2880_mask.png
cropped_00000051_1920_0.png,cropped_00000051_1920_0_mask.png
cropped_00000051_2880_0.png,cropped_00000051_2880_0_mask.png
cropped_0018_label_Y0sRpXgl_1440_2880.png,cropped_0018_label_Y0sRpXgl_1440_2880_mask.png
cropped_0018_label_Y0sRpXgl_0_480.png,cropped_0018_label_Y0sRpXgl_0_480_mask.png
cropped_0018_label_Y0sRpXgl_1920_2880.png,cropped_0018_label_Y0sRpXgl_1920_2880_mask.png
cropped_0018_label_Y0sRpXgl_3360_2880.png,cropped_0018_label_Y0sRpXgl_3360_2880_mask.png
cropped_0018_label_Y0sRpXgl_3840_1440.png,cropped_0018_label_Y0sRpXgl_3840_1440_mask.png
cropped_0018_label_Y0sRpXgl_1920_480.png,cropped_0018_label_Y0sRpXgl_1920_480_mask.png
cropped_0018_label_Y0sRpXgl_2400_1920.png,cropped_0018_label_Y0sRpXgl_2400_1920_mask.png
cropped_0018_label_Y0sRpXgl_3840_960.png,cropped_0018_label_Y0sRpXgl_3840_960_mask.png
cropped_0018_label_Y0sRpXgl_3840_2880.png,cropped_0018_label_Y0sRpXgl_3840_2880_mask.png
cropped_0018_label_Y0sRpXgl_1920_1920.png,cropped_0018_label_Y0sRpXgl_1920_1920_mask.png
cropped_0018_label_Y0sRpXgl_2880_480.png,cropped_0018_label_Y0sRpXgl_2880_480_mask.png
cropped_0018_label_Y0sRpXgl_2880_960.png,cropped_0018_label_Y0sRpXgl_2880_960_mask.png
cropped_0018_label_Y0sRpXgl_2880_2880.png,cropped_0018_label_Y0sRpXgl_2880_2880_mask.png
cropped_0018_label_Y0sRpXgl_3840_1920.png,cropped_0018_label_Y0sRpXgl_3840_1920_mask.png
cropped_0018_label_Y0sRpXgl_3360_480.png,cropped_0018_label_Y0sRpXgl_3360_480_mask.png
cropped_0018_label_Y0sRpXgl_2400_2400.png,cropped_0018_label_Y0sRpXgl_2400_2400_mask.png
cropped_0011_label_h2qBCL3Q_960_480.png,cropped_0011_label_h2qBCL3Q_960_480_mask.png
cropped_0011_label_h2qBCL3Q_3360_960.png,cropped_0011_label_h2qBCL3Q_3360_960_mask.png
cropped_0011_label_h2qBCL3Q_2880_960.png,cropped_0011_label_h2qBCL3Q_2880_960_mask.png
cropped_0011_label_h2qBCL3Q_2880_2400.png,cropped_0011_label_h2qBCL3Q_2880_2400_mask.png
cropped_0011_label_h2qBCL3Q_480_1920.png,cropped_0011_label_h2qBCL3Q_480_1920_mask.png
cropped_0011_label_h2qBCL3Q_2400_480.png,cropped_0011_label_h2qBCL3Q_2400_480_mask.png
cropped_0011_label_h2qBCL3Q_1440_1920.png,cropped_0011_label_h2qBCL3Q_1440_1920_mask.png
cropped_0011_label_h2qBCL3Q_960_2400.png,cropped_0011_label_h2qBCL3Q_960_2400_mask.png
cropped_0011_label_h2qBCL3Q_2880_1920.png,cropped_0011_label_h2qBCL3Q_2880_1920_mask.png
cropped_0011_label_h2qBCL3Q_0_0.png,cropped_0011_label_h2qBCL3Q_0_0_mask.png
cropped_0011_label_h2qBCL3Q_3840_960.png,cropped_0011_label_h2qBCL3Q_3840_960_mask.png
cropped_0011_label_h2qBCL3Q_480_1440.png,cropped_0011_label_h2qBCL3Q_480_1440_mask.png
cropped_0011_label_h2qBCL3Q_3840_1920.png,cropped_0011_label_h2qBCL3Q_3840_1920_mask.png
cropped_0011_label_h2qBCL3Q_960_2880.png,cropped_0011_label_h2qBCL3Q_960_2880_mask.png
cropped_0011_label_h2qBCL3Q_480_2880.png,cropped_0011_label_h2qBCL3Q_480_2880_mask.png
cropped_00000001_5_0_1440.png,cropped_00000001_5_0_1440_mask.png
cropped_00000001_5_0_0.png,cropped_00000001_5_0_0_mask.png
cropped_00000001_5_960_1440.png,cropped_00000001_5_960_1440_mask.png
cropped_00000001_5_1440_1440.png,cropped_00000001_5_1440_1440_mask.png
cropped_00000001_5_1920_1440.png,cropped_00000001_5_1920_1440_mask.png
cropped_00000001_5_1920_2880.png,cropped_00000001_5_1920_2880_mask.png
cropped_00000001_5_2400_480.png,cropped_00000001_5_2400_480_mask.png
cropped_00000001_5_3360_0.png,cropped_00000001_5_3360_0_mask.png
cropped_00000001_5_1920_960.png,cropped_00000001_5_1920_960_mask.png
cropped_00000001_5_1920_0.png,cropped_00000001_5_1920_0_mask.png
cropped_00000001_5_2400_960.png,cropped_00000001_5_2400_960_mask.png
cropped_00000001_5_2400_0.png,cropped_00000001_5_2400_0_mask.png
cropped_00000001_5_3840_1440.png,cropped_00000001_5_3840_1440_mask.png
cropped_00000001_5_1440_0.png,cropped_00000001_5_1440_0_mask.png
cropped_00000001_5_0_2400.png,cropped_00000001_5_0_2400_mask.png
cropped_00000001_5_2880_1920.png,cropped_00000001_5_2880_1920_mask.png
cropped_00000001_5_2400_1440.png,cropped_00000001_5_2400_1440_mask.png
cropped_00000001_5_960_960.png,cropped_00000001_5_960_960_mask.png
cropped_00000001_5_2880_480.png,cropped_00000001_5_2880_480_mask.png
cropped_00000001_5_3360_960.png,cropped_00000001_5_3360_960_mask.png
cropped_0011_label_Y0sRpXgl_1440_960.png,cropped_0011_label_Y0sRpXgl_1440_960_mask.png
cropped_0011_label_Y0sRpXgl_3360_1440.png,cropped_0011_label_Y0sRpXgl_3360_1440_mask.png
cropped_0011_label_Y0sRpXgl_2880_960.png,cropped_0011_label_Y0sRpXgl_2880_960_mask.png
cropped_0011_label_Y0sRpXgl_2880_1920.png,cropped_0011_label_Y0sRpXgl_2880_1920_mask.png
cropped_0011_label_Y0sRpXgl_1920_960.png,cropped_0011_label_Y0sRpXgl_1920_960_mask.png
cropped_0011_label_Y0sRpXgl_480_960.png,cropped_0011_label_Y0sRpXgl_480_960_mask.png
cropped_0011_label_Y0sRpXgl_480_2880.png,cropped_0011_label_Y0sRpXgl_480_2880_mask.png
cropped_0011_label_Y0sRpXgl_3360_960.png,cropped_0011_label_Y0sRpXgl_3360_960_mask.png
cropped_0011_label_Y0sRpXgl_960_480.png,cropped_0011_label_Y0sRpXgl_960_480_mask.png
cropped_0011_label_Y0sRpXgl_2880_480.png,cropped_0011_label_Y0sRpXgl_2880_480_mask.png
cropped_0011_label_Y0sRpXgl_0_960.png,cropped_0011_label_Y0sRpXgl_0_960_mask.png
cropped_0011_label_Y0sRpXgl_480_1440.png,cropped_0011_label_Y0sRpXgl_480_1440_mask.png
cropped_0011_label_Y0sRpXgl_960_2880.png,cropped_0011_label_Y0sRpXgl_960_2880_mask.png
cropped_0011_label_Y0sRpXgl_2400_480.png,cropped_0011_label_Y0sRpXgl_2400_480_mask.png
cropped_0011_label_Y0sRpXgl_960_1920.png,cropped_0011_label_Y0sRpXgl_960_1920_mask.png
cropped_0011_label_Y0sRpXgl_960_0.png,cropped_0011_label_Y0sRpXgl_960_0_mask.png
cropped_0011_label_Y0sRpXgl_0_480.png,cropped_0011_label_Y0sRpXgl_0_480_mask.png
cropped_0011_label_Y0sRpXgl_2400_2880.png,cropped_0011_label_Y0sRpXgl_2400_2880_mask.png
cropped_0011_label_Y0sRpXgl_1920_1440.png,cropped_0011_label_Y0sRpXgl_1920_1440_mask.png
cropped_0011_label_Y0sRpXgl_1920_480.png,cropped_0011_label_Y0sRpXgl_1920_480_mask.png
cropped_0011_label_Y0sRpXgl_2400_0.png,cropped_0011_label_Y0sRpXgl_2400_0_mask.png
cropped_0008_label_BRxm2MyU_0_2400.png,cropped_0008_label_BRxm2MyU_0_2400_mask.png
cropped_0008_label_BRxm2MyU_1440_1440.png,cropped_0008_label_BRxm2MyU_1440_1440_mask.png
cropped_0008_label_BRxm2MyU_480_0.png,cropped_0008_label_BRxm2MyU_480_0_mask.png
cropped_0008_label_BRxm2MyU_480_1440.png,cropped_0008_label_BRxm2MyU_480_1440_mask.png
cropped_0008_label_BRxm2MyU_2880_0.png,cropped_0008_label_BRxm2MyU_2880_0_mask.png
cropped_0008_label_BRxm2MyU_480_1920.png,cropped_0008_label_BRxm2MyU_480_1920_mask.png
cropped_0008_label_BRxm2MyU_960_1440.png,cropped_0008_label_BRxm2MyU_960_1440_mask.png
cropped_0008_label_BRxm2MyU_1920_480.png,cropped_0008_label_BRxm2MyU_1920_480_mask.png
cropped_0008_label_BRxm2MyU_2880_480.png,cropped_0008_label_BRxm2MyU_2880_480_mask.png
cropped_0008_label_BRxm2MyU_960_480.png,cropped_0008_label_BRxm2MyU_960_480_mask.png
cropped_0008_label_BRxm2MyU_3840_2400.png,cropped_0008_label_BRxm2MyU_3840_2400_mask.png
cropped_0008_label_BRxm2MyU_3360_2400.png,cropped_0008_label_BRxm2MyU_3360_2400_mask.png
cropped_0008_label_BRxm2MyU_960_1920.png,cropped_0008_label_BRxm2MyU_960_1920_mask.png
cropped_0008_label_BRxm2MyU_1440_480.png,cropped_0008_label_BRxm2MyU_1440_480_mask.png
cropped_0008_label_BRxm2MyU_0_0.png,cropped_0008_label_BRxm2MyU_0_0_mask.png
cropped_0008_label_BRxm2MyU_2880_2400.png,cropped_0008_label_BRxm2MyU_2880_2400_mask.png
cropped_0012_label_FCjmsocM_1440_2400.png,cropped_0012_label_FCjmsocM_1440_2400_mask.png
cropped_0012_label_FCjmsocM_480_2880.png,cropped_0012_label_FCjmsocM_480_2880_mask.png
cropped_0012_label_FCjmsocM_1440_480.png,cropped_0012_label_FCjmsocM_1440_480_mask.png
cropped_0012_label_FCjmsocM_1920_2880.png,cropped_0012_label_FCjmsocM_1920_2880_mask.png
cropped_0012_label_FCjmsocM_3840_960.png,cropped_0012_label_FCjmsocM_3840_960_mask.png
cropped_0012_label_FCjmsocM_0_2880.png,cropped_0012_label_FCjmsocM_0_2880_mask.png
cropped_0012_label_FCjmsocM_2400_1920.png,cropped_0012_label_FCjmsocM_2400_1920_mask.png
cropped_0012_label_FCjmsocM_960_0.png,cropped_0012_label_FCjmsocM_960_0_mask.png
cropped_0012_label_FCjmsocM_480_1920.png,cropped_0012_label_FCjmsocM_480_1920_mask.png
cropped_0012_label_FCjmsocM_3840_1920.png,cropped_0012_label_FCjmsocM_3840_1920_mask.png
cropped_0012_label_FCjmsocM_1920_1920.png,cropped_0012_label_FCjmsocM_1920_1920_mask.png
cropped_0012_label_FCjmsocM_2880_0.png,cropped_0012_label_FCjmsocM_2880_0_mask.png
cropped_0012_label_FCjmsocM_1440_0.png,cropped_0012_label_FCjmsocM_1440_0_mask.png
cropped_0012_label_FCjmsocM_480_0.png,cropped_0012_label_FCjmsocM_480_0_mask.png
cropped_0012_label_FCjmsocM_2400_480.png,cropped_0012_label_FCjmsocM_2400_480_mask.png
cropped_0012_label_FCjmsocM_960_480.png,cropped_0012_label_FCjmsocM_960_480_mask.png
cropped_0012_label_FCjmsocM_3360_480.png,cropped_0012_label_FCjmsocM_3360_480_mask.png
cropped_0019_label_FCjmsocM_2400_0.png,cropped_0019_label_FCjmsocM_2400_0_mask.png
cropped_0019_label_FCjmsocM_2880_480.png,cropped_0019_label_FCjmsocM_2880_480_mask.png
cropped_0019_label_FCjmsocM_0_480.png,cropped_0019_label_FCjmsocM_0_480_mask.png
cropped_0019_label_FCjmsocM_960_1440.png,cropped_0019_label_FCjmsocM_960_1440_mask.png
cropped_0019_label_FCjmsocM_960_480.png,cropped_0019_label_FCjmsocM_960_480_mask.png
cropped_0019_label_FCjmsocM_0_1920.png,cropped_0019_label_FCjmsocM_0_1920_mask.png
cropped_0019_label_FCjmsocM_3840_0.png,cropped_0019_label_FCjmsocM_3840_0_mask.png
cropped_0019_label_FCjmsocM_2880_0.png,cropped_0019_label_FCjmsocM_2880_0_mask.png
cropped_0019_label_FCjmsocM_1440_2400.png,cropped_0019_label_FCjmsocM_1440_2400_mask.png
cropped_0019_label_FCjmsocM_1920_1440.png,cropped_0019_label_FCjmsocM_1920_1440_mask.png
cropped_0019_label_FCjmsocM_0_2400.png,cropped_0019_label_FCjmsocM_0_2400_mask.png
cropped_0019_label_FCjmsocM_2880_1440.png,cropped_0019_label_FCjmsocM_2880_1440_mask.png
cropped_0019_label_FCjmsocM_2880_2880.png,cropped_0019_label_FCjmsocM_2880_2880_mask.png
cropped_0019_label_FCjmsocM_2400_960.png,cropped_0019_label_FCjmsocM_2400_960_mask.png
cropped_0019_label_FCjmsocM_3360_0.png,cropped_0019_label_FCjmsocM_3360_0_mask.png
cropped_0019_label_FCjmsocM_480_2880.png,cropped_0019_label_FCjmsocM_480_2880_mask.png
cropped_0019_label_FCjmsocM_3840_2880.png,cropped_0019_label_FCjmsocM_3840_2880_mask.png
cropped_0017_label_G2fWPEgz_960_1920.png,cropped_0017_label_G2fWPEgz_960_1920_mask.png
cropped_0017_label_G2fWPEgz_1920_1440.png,cropped_0017_label_G2fWPEgz_1920_1440_mask.png
cropped_0017_label_G2fWPEgz_3360_960.png,cropped_0017_label_G2fWPEgz_3360_960_mask.png
cropped_0017_label_G2fWPEgz_480_2880.png,cropped_0017_label_G2fWPEgz_480_2880_mask.png
cropped_0017_label_G2fWPEgz_3840_480.png,cropped_0017_label_G2fWPEgz_3840_480_mask.png
cropped_0017_label_G2fWPEgz_480_480.png,cropped_0017_label_G2fWPEgz_480_480_mask.png
cropped_0017_label_G2fWPEgz_2880_1920.png,cropped_0017_label_G2fWPEgz_2880_1920_mask.png
cropped_0017_label_G2fWPEgz_1920_960.png,cropped_0017_label_G2fWPEgz_1920_960_mask.png
cropped_0017_label_G2fWPEgz_3360_0.png,cropped_0017_label_G2fWPEgz_3360_0_mask.png
cropped_0017_label_G2fWPEgz_1440_1440.png,cropped_0017_label_G2fWPEgz_1440_1440_mask.png
cropped_0017_label_G2fWPEgz_480_1440.png,cropped_0017_label_G2fWPEgz_480_1440_mask.png
cropped_0017_label_G2fWPEgz_2880_480.png,cropped_0017_label_G2fWPEgz_2880_480_mask.png
cropped_0017_label_G2fWPEgz_3360_480.png,cropped_0017_label_G2fWPEgz_3360_480_mask.png
cropped_0017_label_G2fWPEgz_1440_2880.png,cropped_0017_label_G2fWPEgz_1440_2880_mask.png
cropped_0017_label_G2fWPEgz_0_480.png,cropped_0017_label_G2fWPEgz_0_480_mask.png
cropped_0017_label_G2fWPEgz_0_1920.png,cropped_0017_label_G2fWPEgz_0_1920_mask.png
cropped_0017_label_G2fWPEgz_2880_960.png,cropped_0017_label_G2fWPEgz_2880_960_mask.png
cropped_0017_label_G2fWPEgz_960_480.png,cropped_0017_label_G2fWPEgz_960_480_mask.png
cropped_0017_label_G2fWPEgz_1440_2400.png,cropped_0017_label_G2fWPEgz_1440_2400_mask.png
cropped_0017_label_G2fWPEgz_2400_960.png,cropped_0017_label_G2fWPEgz_2400_960_mask.png
cropped_0017_label_G2fWPEgz_1440_1920.png,cropped_0017_label_G2fWPEgz_1440_1920_mask.png
cropped_0017_label_G2fWPEgz_0_1440.png,cropped_0017_label_G2fWPEgz_0_1440_mask.png
cropped_0017_label_G2fWPEgz_480_960.png,cropped_0017_label_G2fWPEgz_480_960_mask.png
cropped_0017_label_G2fWPEgz_1920_2400.png,cropped_0017_label_G2fWPEgz_1920_2400_mask.png
cropped_0001_label_iSVx22hl_480_2400.png,cropped_0001_label_iSVx22hl_480_2400_mask.png
cropped_0001_label_iSVx22hl_1920_960.png,cropped_0001_label_iSVx22hl_1920_960_mask.png
cropped_0001_label_iSVx22hl_3840_960.png,cropped_0001_label_iSVx22hl_3840_960_mask.png
cropped_0001_label_iSVx22hl_3840_1440.png,cropped_0001_label_iSVx22hl_3840_1440_mask.png
cropped_0001_label_iSVx22hl_480_1920.png,cropped_0001_label_iSVx22hl_480_1920_mask.png
cropped_0001_label_iSVx22hl_1440_2880.png,cropped_0001_label_iSVx22hl_1440_2880_mask.png
cropped_0001_label_iSVx22hl_0_2400.png,cropped_0001_label_iSVx22hl_0_2400_mask.png
cropped_0001_label_iSVx22hl_480_1440.png,cropped_0001_label_iSVx22hl_480_1440_mask.png
cropped_0001_label_iSVx22hl_3360_960.png,cropped_0001_label_iSVx22hl_3360_960_mask.png
cropped_0001_label_iSVx22hl_2400_1440.png,cropped_0001_label_iSVx22hl_2400_1440_mask.png
cropped_0001_label_iSVx22hl_2400_2400.png,cropped_0001_label_iSVx22hl_2400_2400_mask.png
cropped_0010_label_PmivjAla_2400_2400.png,cropped_0010_label_PmivjAla_2400_2400_mask.png
cropped_0010_label_PmivjAla_1920_1440.png,cropped_0010_label_PmivjAla_1920_1440_mask.png
cropped_0010_label_PmivjAla_1920_2400.png,cropped_0010_label_PmivjAla_1920_2400_mask.png
cropped_0010_label_PmivjAla_1920_2880.png,cropped_0010_label_PmivjAla_1920_2880_mask.png
cropped_0010_label_PmivjAla_1440_1440.png,cropped_0010_label_PmivjAla_1440_1440_mask.png
cropped_0010_label_PmivjAla_0_1920.png,cropped_0010_label_PmivjAla_0_1920_mask.png
cropped_0010_label_PmivjAla_2400_1920.png,cropped_0010_label_PmivjAla_2400_1920_mask.png
cropped_0010_label_PmivjAla_1440_2400.png,cropped_0010_label_PmivjAla_1440_2400_mask.png
cropped_0010_label_PmivjAla_2880_480.png,cropped_0010_label_PmivjAla_2880_480_mask.png
cropped_0010_label_PmivjAla_2400_480.png,cropped_0010_label_PmivjAla_2400_480_mask.png
cropped_0010_label_PmivjAla_1440_2880.png,cropped_0010_label_PmivjAla_1440_2880_mask.png
cropped_0010_label_PmivjAla_2880_1920.png,cropped_0010_label_PmivjAla_2880_1920_mask.png
cropped_0010_label_PmivjAla_2880_0.png,cropped_0010_label_PmivjAla_2880_0_mask.png
cropped_0010_label_PmivjAla_2400_1440.png,cropped_0010_label_PmivjAla_2400_1440_mask.png
cropped_0010_label_PmivjAla_2880_960.png,cropped_0010_label_PmivjAla_2880_960_mask.png
cropped_0010_label_PmivjAla_3360_0.png,cropped_0010_label_PmivjAla_3360_0_mask.png
cropped_0010_label_PmivjAla_2880_2880.png,cropped_0010_label_PmivjAla_2880_2880_mask.png
cropped_0010_label_PmivjAla_480_2400.png,cropped_0010_label_PmivjAla_480_2400_mask.png
cropped_0010_label_PmivjAla_3840_1440.png,cropped_0010_label_PmivjAla_3840_1440_mask.png
cropped_0010_label_PmivjAla_3840_2880.png,cropped_0010_label_PmivjAla_3840_2880_mask.png
cropped_0010_label_PmivjAla_0_960.png,cropped_0010_label_PmivjAla_0_960_mask.png
cropped_0010_label_PmivjAla_1440_960.png,cropped_0010_label_PmivjAla_1440_960_mask.png
cropped_0010_label_PmivjAla_2400_960.png,cropped_0010_label_PmivjAla_2400_960_mask.png
cropped_0010_label_PmivjAla_1920_960.png,cropped_0010_label_PmivjAla_1920_960_mask.png
cropped_0010_label_PmivjAla_1920_480.png,cropped_0010_label_PmivjAla_1920_480_mask.png
cropped_0017_label_0xjUoY7D_3360_1440.png,cropped_0017_label_0xjUoY7D_3360_1440_mask.png
cropped_0017_label_0xjUoY7D_2400_480.png,cropped_0017_label_0xjUoY7D_2400_480_mask.png
cropped_0017_label_0xjUoY7D_3840_2880.png,cropped_0017_label_0xjUoY7D_3840_2880_mask.png
cropped_0017_label_0xjUoY7D_1440_1920.png,cropped_0017_label_0xjUoY7D_1440_1920_mask.png
cropped_0017_label_0xjUoY7D_960_480.png,cropped_0017_label_0xjUoY7D_960_480_mask.png
cropped_0017_label_0xjUoY7D_2400_1920.png,cropped_0017_label_0xjUoY7D_2400_1920_mask.png
cropped_0017_label_0xjUoY7D_2880_1440.png,cropped_0017_label_0xjUoY7D_2880_1440_mask.png
cropped_0017_label_0xjUoY7D_3840_1440.png,cropped_0017_label_0xjUoY7D_3840_1440_mask.png
cropped_0017_label_0xjUoY7D_2880_480.png,cropped_0017_label_0xjUoY7D_2880_480_mask.png
cropped_0017_label_0xjUoY7D_1920_1440.png,cropped_0017_label_0xjUoY7D_1920_1440_mask.png
cropped_0017_label_0xjUoY7D_2400_2400.png,cropped_0017_label_0xjUoY7D_2400_2400_mask.png
cropped_0017_label_0xjUoY7D_480_480.png,cropped_0017_label_0xjUoY7D_480_480_mask.png
cropped_0017_label_0xjUoY7D_1920_0.png,cropped_0017_label_0xjUoY7D_1920_0_mask.png
cropped_0017_label_0xjUoY7D_1440_960.png,cropped_0017_label_0xjUoY7D_1440_960_mask.png
cropped_0017_label_0xjUoY7D_1920_2400.png,cropped_0017_label_0xjUoY7D_1920_2400_mask.png
cropped_0009_label_0xjUoY7D_1_2880_1440.png,cropped_0009_label_0xjUoY7D_1_2880_1440_mask.png
cropped_0009_label_0xjUoY7D_1_0_960.png,cropped_0009_label_0xjUoY7D_1_0_960_mask.png
cropped_0009_label_0xjUoY7D_1_0_2400.png,cropped_0009_label_0xjUoY7D_1_0_2400_mask.png
cropped_0009_label_0xjUoY7D_1_960_1920.png,cropped_0009_label_0xjUoY7D_1_960_1920_mask.png
cropped_0009_label_0xjUoY7D_1_1920_2400.png,cropped_0009_label_0xjUoY7D_1_1920_2400_mask.png
cropped_0009_label_0xjUoY7D_1_1920_1920.png,cropped_0009_label_0xjUoY7D_1_1920_1920_mask.png
cropped_0009_label_0xjUoY7D_1_2400_960.png,cropped_0009_label_0xjUoY7D_1_2400_960_mask.png
cropped_0009_label_0xjUoY7D_1_1440_1920.png,cropped_0009_label_0xjUoY7D_1_1440_1920_mask.png
cropped_0009_label_0xjUoY7D_1_480_0.png,cropped_0009_label_0xjUoY7D_1_480_0_mask.png
cropped_0009_label_0xjUoY7D_1_1440_960.png,cropped_0009_label_0xjUoY7D_1_1440_960_mask.png
cropped_0009_label_0xjUoY7D_1_1920_0.png,cropped_0009_label_0xjUoY7D_1_1920_0_mask.png
cropped_0009_label_0xjUoY7D_1_3840_960.png,cropped_0009_label_0xjUoY7D_1_3840_960_mask.png
cropped_0009_label_0xjUoY7D_1_2880_480.png,cropped_0009_label_0xjUoY7D_1_2880_480_mask.png
cropped_0009_label_0xjUoY7D_1_480_1440.png,cropped_0009_label_0xjUoY7D_1_480_1440_mask.png
cropped_00000073_3840_2880.png,cropped_00000073_3840_2880_mask.png
cropped_00000073_960_1440.png,cropped_00000073_960_1440_mask.png
cropped_00000073_1920_1920.png,cropped_00000073_1920_1920_mask.png
cropped_00000073_3840_480.png,cropped_00000073_3840_480_mask.png
cropped_00000073_0_1440.png,cropped_00000073_0_1440_mask.png
cropped_00000073_3840_1920.png,cropped_00000073_3840_1920_mask.png
cropped_00000073_480_480.png,cropped_00000073_480_480_mask.png
cropped_00000073_2400_960.png,cropped_00000073_2400_960_mask.png
cropped_00000073_960_1920.png,cropped_00000073_960_1920_mask.png
cropped_00000073_1920_2400.png,cropped_00000073_1920_2400_mask.png
cropped_00000073_3360_2400.png,cropped_00000073_3360_2400_mask.png
cropped_00000073_480_0.png,cropped_00000073_480_0_mask.png
cropped_0019_label_M4HYDr16_1920_1920.png,cropped_0019_label_M4HYDr16_1920_1920_mask.png
cropped_0019_label_M4HYDr16_3360_960.png,cropped_0019_label_M4HYDr16_3360_960_mask.png
cropped_0019_label_M4HYDr16_0_2400.png,cropped_0019_label_M4HYDr16_0_2400_mask.png
cropped_0019_label_M4HYDr16_3360_1920.png,cropped_0019_label_M4HYDr16_3360_1920_mask.png
cropped_0019_label_M4HYDr16_2880_1440.png,cropped_0019_label_M4HYDr16_2880_1440_mask.png
cropped_0019_label_M4HYDr16_480_960.png,cropped_0019_label_M4HYDr16_480_960_mask.png
cropped_0019_label_M4HYDr16_1920_2400.png,cropped_0019_label_M4HYDr16_1920_2400_mask.png
cropped_0019_label_M4HYDr16_2400_2880.png,cropped_0019_label_M4HYDr16_2400_2880_mask.png
cropped_0019_label_M4HYDr16_1440_960.png,cropped_0019_label_M4HYDr16_1440_960_mask.png
cropped_0019_label_M4HYDr16_480_2880.png,cropped_0019_label_M4HYDr16_480_2880_mask.png
cropped_0019_label_M4HYDr16_480_1920.png,cropped_0019_label_M4HYDr16_480_1920_mask.png
cropped_0019_label_M4HYDr16_2400_2400.png,cropped_0019_label_M4HYDr16_2400_2400_mask.png
cropped_0019_label_M4HYDr16_1920_2880.png,cropped_0019_label_M4HYDr16_1920_2880_mask.png
cropped_0019_label_M4HYDr16_3840_2880.png,cropped_0019_label_M4HYDr16_3840_2880_mask.png
cropped_0019_label_M4HYDr16_2400_1920.png,cropped_0019_label_M4HYDr16_2400_1920_mask.png
cropped_0005_label_h2qBCL3Q_2400_0.png,cropped_0005_label_h2qBCL3Q_2400_0_mask.png
cropped_0005_label_h2qBCL3Q_480_480.png,cropped_0005_label_h2qBCL3Q_480_480_mask.png
cropped_0005_label_h2qBCL3Q_0_480.png,cropped_0005_label_h2qBCL3Q_0_480_mask.png
cropped_0005_label_h2qBCL3Q_0_0.png,cropped_0005_label_h2qBCL3Q_0_0_mask.png
cropped_0005_label_h2qBCL3Q_2880_1920.png,cropped_0005_label_h2qBCL3Q_2880_1920_mask.png
cropped_0005_label_h2qBCL3Q_480_960.png,cropped_0005_label_h2qBCL3Q_480_960_mask.png
cropped_0005_label_h2qBCL3Q_0_2880.png,cropped_0005_label_h2qBCL3Q_0_2880_mask.png
cropped_0005_label_h2qBCL3Q_960_0.png,cropped_0005_label_h2qBCL3Q_960_0_mask.png
cropped_0005_label_h2qBCL3Q_1920_960.png,cropped_0005_label_h2qBCL3Q_1920_960_mask.png
cropped_0005_label_h2qBCL3Q_3840_2880.png,cropped_0005_label_h2qBCL3Q_3840_2880_mask.png
cropped_0005_label_h2qBCL3Q_1920_2400.png,cropped_0005_label_h2qBCL3Q_1920_2400_mask.png
cropped_0005_label_h2qBCL3Q_2880_2400.png,cropped_0005_label_h2qBCL3Q_2880_2400_mask.png
cropped_0005_label_h2qBCL3Q_480_0.png,cropped_0005_label_h2qBCL3Q_480_0_mask.png
cropped_0005_label_h2qBCL3Q_3840_2400.png,cropped_0005_label_h2qBCL3Q_3840_2400_mask.png
cropped_0005_label_h2qBCL3Q_3840_960.png,cropped_0005_label_h2qBCL3Q_3840_960_mask.png
cropped_0005_label_h2qBCL3Q_2400_1920.png,cropped_0005_label_h2qBCL3Q_2400_1920_mask.png
cropped_0005_label_h2qBCL3Q_0_2400.png,cropped_0005_label_h2qBCL3Q_0_2400_mask.png
cropped_0005_label_h2qBCL3Q_1440_1920.png,cropped_0005_label_h2qBCL3Q_1440_1920_mask.png
cropped_0005_label_h2qBCL3Q_3360_2400.png,cropped_0005_label_h2qBCL3Q_3360_2400_mask.png
cropped_0005_label_h2qBCL3Q_0_1440.png,cropped_0005_label_h2qBCL3Q_0_1440_mask.png
cropped_0020_label_M4HYDr16_2400_0.png,cropped_0020_label_M4HYDr16_2400_0_mask.png
cropped_0020_label_M4HYDr16_1920_2400.png,cropped_0020_label_M4HYDr16_1920_2400_mask.png
cropped_0020_label_M4HYDr16_2400_480.png,cropped_0020_label_M4HYDr16_2400_480_mask.png
cropped_0020_label_M4HYDr16_1920_1920.png,cropped_0020_label_M4HYDr16_1920_1920_mask.png
cropped_0020_label_M4HYDr16_3840_1440.png,cropped_0020_label_M4HYDr16_3840_1440_mask.png
cropped_0020_label_M4HYDr16_480_0.png,cropped_0020_label_M4HYDr16_480_0_mask.png
cropped_0020_label_M4HYDr16_2880_1920.png,cropped_0020_label_M4HYDr16_2880_1920_mask.png
cropped_0020_label_M4HYDr16_0_1920.png,cropped_0020_label_M4HYDr16_0_1920_mask.png
cropped_0020_label_M4HYDr16_2880_0.png,cropped_0020_label_M4HYDr16_2880_0_mask.png
cropped_0020_label_M4HYDr16_1920_0.png,cropped_0020_label_M4HYDr16_1920_0_mask.png
cropped_0020_label_M4HYDr16_480_1920.png,cropped_0020_label_M4HYDr16_480_1920_mask.png
cropped_0020_label_M4HYDr16_1920_480.png,cropped_0020_label_M4HYDr16_1920_480_mask.png
cropped_0020_label_M4HYDr16_1920_1440.png,cropped_0020_label_M4HYDr16_1920_1440_mask.png
cropped_0020_label_M4HYDr16_960_2400.png,cropped_0020_label_M4HYDr16_960_2400_mask.png
cropped_0020_label_M4HYDr16_3360_1440.png,cropped_0020_label_M4HYDr16_3360_1440_mask.png
cropped_0020_label_M4HYDr16_2400_1920.png,cropped_0020_label_M4HYDr16_2400_1920_mask.png
cropped_0020_label_M4HYDr16_3840_2400.png,cropped_0020_label_M4HYDr16_3840_2400_mask.png
cropped_00000009_5_3360_2880.png,cropped_00000009_5_3360_2880_mask.png
cropped_00000009_5_2880_1440.png,cropped_00000009_5_2880_1440_mask.png
cropped_00000009_5_3840_960.png,cropped_00000009_5_3840_960_mask.png
cropped_00000009_5_1440_2400.png,cropped_00000009_5_1440_2400_mask.png
cropped_00000009_5_960_480.png,cropped_00000009_5_960_480_mask.png
cropped_00000009_5_3840_2880.png,cropped_00000009_5_3840_2880_mask.png
cropped_00000009_5_3360_2400.png,cropped_00000009_5_3360_2400_mask.png
cropped_00000009_5_2400_960.png,cropped_00000009_5_2400_960_mask.png
cropped_00000009_5_2400_2880.png,cropped_00000009_5_2400_2880_mask.png
cropped_00000009_5_2880_1920.png,cropped_00000009_5_2880_1920_mask.png
cropped_00000009_5_2880_960.png,cropped_00000009_5_2880_960_mask.png
cropped_00000009_5_3360_0.png,cropped_00000009_5_3360_0_mask.png
cropped_00000009_5_1920_480.png,cropped_00000009_5_1920_480_mask.png
cropped_00000009_5_3360_1920.png,cropped_00000009_5_3360_1920_mask.png
cropped_00000009_5_1440_480.png,cropped_00000009_5_1440_480_mask.png
cropped_00000009_5_2880_2880.png,cropped_00000009_5_2880_2880_mask.png
cropped_00000009_5_3360_1440.png,cropped_00000009_5_3360_1440_mask.png
cropped_00000009_5_1920_0.png,cropped_00000009_5_1920_0_mask.png
cropped_00000009_5_960_960.png,cropped_00000009_5_960_960_mask.png
cropped_00000009_5_1920_2880.png,cropped_00000009_5_1920_2880_mask.png
cropped_00000009_5_0_2880.png,cropped_00000009_5_0_2880_mask.png
cropped_00000009_5_3840_2400.png,cropped_00000009_5_3840_2400_mask.png
cropped_00000009_5_1440_1920.png,cropped_00000009_5_1440_1920_mask.png
cropped_0003_label_FCjmsocM_1920_480.png,cropped_0003_label_FCjmsocM_1920_480_mask.png
cropped_0003_label_FCjmsocM_480_960.png,cropped_0003_label_FCjmsocM_480_960_mask.png
cropped_0003_label_FCjmsocM_480_0.png,cropped_0003_label_FCjmsocM_480_0_mask.png
cropped_0003_label_FCjmsocM_1440_480.png,cropped_0003_label_FCjmsocM_1440_480_mask.png
cropped_0003_label_FCjmsocM_0_0.png,cropped_0003_label_FCjmsocM_0_0_mask.png
cropped_0003_label_FCjmsocM_2400_960.png,cropped_0003_label_FCjmsocM_2400_960_mask.png
cropped_0003_label_FCjmsocM_3360_1920.png,cropped_0003_label_FCjmsocM_3360_1920_mask.png
cropped_0003_label_FCjmsocM_960_0.png,cropped_0003_label_FCjmsocM_960_0_mask.png
cropped_0003_label_FCjmsocM_1440_0.png,cropped_0003_label_FCjmsocM_1440_0_mask.png
cropped_0003_label_FCjmsocM_3840_0.png,cropped_0003_label_FCjmsocM_3840_0_mask.png
cropped_0003_label_FCjmsocM_0_1440.png,cropped_0003_label_FCjmsocM_0_1440_mask.png
cropped_0003_label_FCjmsocM_3360_2400.png,cropped_0003_label_FCjmsocM_3360_2400_mask.png
cropped_0003_label_FCjmsocM_1920_960.png,cropped_0003_label_FCjmsocM_1920_960_mask.png
cropped_0003_label_FCjmsocM_0_480.png,cropped_0003_label_FCjmsocM_0_480_mask.png
cropped_0003_label_FCjmsocM_960_1440.png,cropped_0003_label_FCjmsocM_960_1440_mask.png
cropped_0003_label_FCjmsocM_3840_1920.png,cropped_0003_label_FCjmsocM_3840_1920_mask.png
cropped_0003_label_FCjmsocM_960_480.png,cropped_0003_label_FCjmsocM_960_480_mask.png
cropped_0003_label_FCjmsocM_480_480.png,cropped_0003_label_FCjmsocM_480_480_mask.png
cropped_0013_label_s2HioE5t_1920_960.png,cropped_0013_label_s2HioE5t_1920_960_mask.png
cropped_0013_label_s2HioE5t_960_2400.png,cropped_0013_label_s2HioE5t_960_2400_mask.png
cropped_0013_label_s2HioE5t_2880_1920.png,cropped_0013_label_s2HioE5t_2880_1920_mask.png
cropped_0013_label_s2HioE5t_1440_480.png,cropped_0013_label_s2HioE5t_1440_480_mask.png
cropped_0013_label_s2HioE5t_960_480.png,cropped_0013_label_s2HioE5t_960_480_mask.png
cropped_0013_label_s2HioE5t_0_480.png,cropped_0013_label_s2HioE5t_0_480_mask.png
cropped_0013_label_s2HioE5t_480_2400.png,cropped_0013_label_s2HioE5t_480_2400_mask.png
cropped_0013_label_s2HioE5t_2880_1440.png,cropped_0013_label_s2HioE5t_2880_1440_mask.png
cropped_0013_label_s2HioE5t_2880_480.png,cropped_0013_label_s2HioE5t_2880_480_mask.png
cropped_0013_label_s2HioE5t_2400_480.png,cropped_0013_label_s2HioE5t_2400_480_mask.png
cropped_0013_label_s2HioE5t_3360_1440.png,cropped_0013_label_s2HioE5t_3360_1440_mask.png
cropped_0013_label_s2HioE5t_0_1920.png,cropped_0013_label_s2HioE5t_0_1920_mask.png
cropped_0013_label_s2HioE5t_480_1920.png,cropped_0013_label_s2HioE5t_480_1920_mask.png
cropped_0013_label_s2HioE5t_2400_2400.png,cropped_0013_label_s2HioE5t_2400_2400_mask.png
cropped_0013_label_s2HioE5t_960_0.png,cropped_0013_label_s2HioE5t_960_0_mask.png
cropped_0013_label_s2HioE5t_3840_960.png,cropped_0013_label_s2HioE5t_3840_960_mask.png
cropped_0013_label_s2HioE5t_2880_960.png,cropped_0013_label_s2HioE5t_2880_960_mask.png
cropped_0013_label_s2HioE5t_0_0.png,cropped_0013_label_s2HioE5t_0_0_mask.png
cropped_0004_label_wFKL6cSt_3840_1920.png,cropped_0004_label_wFKL6cSt_3840_1920_mask.png
cropped_0004_label_wFKL6cSt_1920_1440.png,cropped_0004_label_wFKL6cSt_1920_1440_mask.png
cropped_0004_label_wFKL6cSt_1440_2400.png,cropped_0004_label_wFKL6cSt_1440_2400_mask.png
cropped_0004_label_wFKL6cSt_3360_480.png,cropped_0004_label_wFKL6cSt_3360_480_mask.png
cropped_0004_label_wFKL6cSt_0_960.png,cropped_0004_label_wFKL6cSt_0_960_mask.png
cropped_0004_label_wFKL6cSt_1440_960.png,cropped_0004_label_wFKL6cSt_1440_960_mask.png
cropped_0004_label_wFKL6cSt_2400_2880.png,cropped_0004_label_wFKL6cSt_2400_2880_mask.png
cropped_0004_label_wFKL6cSt_1440_2880.png,cropped_0004_label_wFKL6cSt_1440_2880_mask.png
cropped_0004_label_wFKL6cSt_3360_2880.png,cropped_0004_label_wFKL6cSt_3360_2880_mask.png
cropped_0004_label_wFKL6cSt_480_480.png,cropped_0004_label_wFKL6cSt_480_480_mask.png
cropped_0004_label_wFKL6cSt_1920_480.png,cropped_0004_label_wFKL6cSt_1920_480_mask.png
cropped_0004_label_wFKL6cSt_2880_0.png,cropped_0004_label_wFKL6cSt_2880_0_mask.png
cropped_0004_label_wFKL6cSt_1920_960.png,cropped_0004_label_wFKL6cSt_1920_960_mask.png
cropped_0004_label_wFKL6cSt_1920_0.png,cropped_0004_label_wFKL6cSt_1920_0_mask.png
cropped_0011_label_ouHctxiB_2400_1920.png,cropped_0011_label_ouHctxiB_2400_1920_mask.png
cropped_0011_label_ouHctxiB_2400_0.png,cropped_0011_label_ouHctxiB_2400_0_mask.png
cropped_0011_label_ouHctxiB_480_0.png,cropped_0011_label_ouHctxiB_480_0_mask.png
cropped_0011_label_ouHctxiB_2400_2400.png,cropped_0011_label_ouHctxiB_2400_2400_mask.png
cropped_0011_label_ouHctxiB_2880_2880.png,cropped_0011_label_ouHctxiB_2880_2880_mask.png
cropped_0011_label_ouHctxiB_1920_0.png,cropped_0011_label_ouHctxiB_1920_0_mask.png
cropped_0011_label_ouHctxiB_1440_2400.png,cropped_0011_label_ouHctxiB_1440_2400_mask.png
cropped_0011_label_ouHctxiB_3840_2400.png,cropped_0011_label_ouHctxiB_3840_2400_mask.png
cropped_0011_label_ouHctxiB_1440_1440.png,cropped_0011_label_ouHctxiB_1440_1440_mask.png
cropped_0011_label_ouHctxiB_1440_2880.png,cropped_0011_label_ouHctxiB_1440_2880_mask.png
cropped_0011_label_ouHctxiB_2880_0.png,cropped_0011_label_ouHctxiB_2880_0_mask.png
cropped_0011_label_ouHctxiB_0_0.png,cropped_0011_label_ouHctxiB_0_0_mask.png
cropped_0011_label_ouHctxiB_2880_2400.png,cropped_0011_label_ouHctxiB_2880_2400_mask.png
cropped_0011_label_ouHctxiB_3360_960.png,cropped_0011_label_ouHctxiB_3360_960_mask.png
cropped_0011_label_ouHctxiB_2400_2880.png,cropped_0011_label_ouHctxiB_2400_2880_mask.png
cropped_0011_label_ouHctxiB_2400_960.png,cropped_0011_label_ouHctxiB_2400_960_mask.png
cropped_0011_label_ouHctxiB_480_1440.png,cropped_0011_label_ouHctxiB_480_1440_mask.png
cropped_0011_label_ouHctxiB_3360_2880.png,cropped_0011_label_ouHctxiB_3360_2880_mask.png
cropped_0011_label_ouHctxiB_960_1920.png,cropped_0011_label_ouHctxiB_960_1920_mask.png
cropped_0011_label_ouHctxiB_3360_0.png,cropped_0011_label_ouHctxiB_3360_0_mask.png
cropped_0011_label_ouHctxiB_0_960.png,cropped_0011_label_ouHctxiB_0_960_mask.png
cropped_0011_label_ouHctxiB_2400_480.png,cropped_0011_label_ouHctxiB_2400_480_mask.png
cropped_0011_label_ouHctxiB_3840_480.png,cropped_0011_label_ouHctxiB_3840_480_mask.png
cropped_0011_label_ouHctxiB_1440_960.png,cropped_0011_label_ouHctxiB_1440_960_mask.png
cropped_0011_label_ouHctxiB_480_2400.png,cropped_0011_label_ouHctxiB_480_2400_mask.png
cropped_0011_label_ouHctxiB_2880_480.png,cropped_0011_label_ouHctxiB_2880_480_mask.png
cropped_0011_label_ouHctxiB_2400_1440.png,cropped_0011_label_ouHctxiB_2400_1440_mask.png
cropped_0011_label_ouHctxiB_2880_1920.png,cropped_0011_label_ouHctxiB_2880_1920_mask.png
cropped_0009_label_0xjUoY7D_3840_1440.png,cropped_0009_label_0xjUoY7D_3840_1440_mask.png
cropped_0009_label_0xjUoY7D_3360_960.png,cropped_0009_label_0xjUoY7D_3360_960_mask.png
cropped_0009_label_0xjUoY7D_0_1440.png,cropped_0009_label_0xjUoY7D_0_1440_mask.png
cropped_0009_label_0xjUoY7D_2880_960.png,cropped_0009_label_0xjUoY7D_2880_960_mask.png
cropped_0009_label_0xjUoY7D_1440_2880.png,cropped_0009_label_0xjUoY7D_1440_2880_mask.png
cropped_0009_label_0xjUoY7D_2400_960.png,cropped_0009_label_0xjUoY7D_2400_960_mask.png
cropped_0009_label_0xjUoY7D_1920_1920.png,cropped_0009_label_0xjUoY7D_1920_1920_mask.png
cropped_0009_label_0xjUoY7D_1920_2880.png,cropped_0009_label_0xjUoY7D_1920_2880_mask.png
cropped_0009_label_0xjUoY7D_2400_2880.png,cropped_0009_label_0xjUoY7D_2400_2880_mask.png
cropped_0009_label_0xjUoY7D_480_1440.png,cropped_0009_label_0xjUoY7D_480_1440_mask.png
cropped_0009_label_0xjUoY7D_1920_480.png,cropped_0009_label_0xjUoY7D_1920_480_mask.png
cropped_0009_label_0xjUoY7D_3360_2400.png,cropped_0009_label_0xjUoY7D_3360_2400_mask.png
cropped_0009_label_0xjUoY7D_2880_480.png,cropped_0009_label_0xjUoY7D_2880_480_mask.png
cropped_0009_label_0xjUoY7D_1920_960.png,cropped_0009_label_0xjUoY7D_1920_960_mask.png
cropped_0009_label_0xjUoY7D_960_1920.png,cropped_0009_label_0xjUoY7D_960_1920_mask.png
cropped_0009_label_0xjUoY7D_1440_0.png,cropped_0009_label_0xjUoY7D_1440_0_mask.png
cropped_0009_label_0xjUoY7D_1440_1920.png,cropped_0009_label_0xjUoY7D_1440_1920_mask.png
cropped_0009_label_0xjUoY7D_1440_960.png,cropped_0009_label_0xjUoY7D_1440_960_mask.png
cropped_0001_label_jSlDBxtx_3840_2880.png,cropped_0001_label_jSlDBxtx_3840_2880_mask.png
cropped_0001_label_jSlDBxtx_1440_960.png,cropped_0001_label_jSlDBxtx_1440_960_mask.png
cropped_0001_label_jSlDBxtx_2400_0.png,cropped_0001_label_jSlDBxtx_2400_0_mask.png
cropped_0001_label_jSlDBxtx_2880_1440.png,cropped_0001_label_jSlDBxtx_2880_1440_mask.png
cropped_0001_label_jSlDBxtx_0_2880.png,cropped_0001_label_jSlDBxtx_0_2880_mask.png
cropped_0001_label_jSlDBxtx_960_0.png,cropped_0001_label_jSlDBxtx_960_0_mask.png
cropped_0001_label_jSlDBxtx_1440_2880.png,cropped_0001_label_jSlDBxtx_1440_2880_mask.png
cropped_0001_label_jSlDBxtx_2400_480.png,cropped_0001_label_jSlDBxtx_2400_480_mask.png
cropped_0001_label_jSlDBxtx_3840_0.png,cropped_0001_label_jSlDBxtx_3840_0_mask.png
cropped_0001_label_jSlDBxtx_2880_960.png,cropped_0001_label_jSlDBxtx_2880_960_mask.png
cropped_0001_label_jSlDBxtx_480_960.png,cropped_0001_label_jSlDBxtx_480_960_mask.png
cropped_0001_label_jSlDBxtx_3360_960.png,cropped_0001_label_jSlDBxtx_3360_960_mask.png
cropped_0001_label_jSlDBxtx_0_960.png,cropped_0001_label_jSlDBxtx_0_960_mask.png
cropped_0001_label_jSlDBxtx_2400_1920.png,cropped_0001_label_jSlDBxtx_2400_1920_mask.png
cropped_0001_label_jSlDBxtx_2400_960.png,cropped_0001_label_jSlDBxtx_2400_960_mask.png
cropped_0001_label_jSlDBxtx_2880_2880.png,cropped_0001_label_jSlDBxtx_2880_2880_mask.png
cropped_0001_label_jSlDBxtx_1920_960.png,cropped_0001_label_jSlDBxtx_1920_960_mask.png
cropped_0001_label_jSlDBxtx_960_1920.png,cropped_0001_label_jSlDBxtx_960_1920_mask.png
cropped_0001_label_jSlDBxtx_2880_480.png,cropped_0001_label_jSlDBxtx_2880_480_mask.png
cropped_0001_label_jSlDBxtx_0_0.png,cropped_0001_label_jSlDBxtx_0_0_mask.png
cropped_0001_label_jSlDBxtx_960_2400.png,cropped_0001_label_jSlDBxtx_960_2400_mask.png
cropped_0001_label_jSlDBxtx_2880_0.png,cropped_0001_label_jSlDBxtx_2880_0_mask.png
cropped_0001_label_jSlDBxtx_3840_960.png,cropped_0001_label_jSlDBxtx_3840_960_mask.png
cropped_0016_label_tALCG3Yy_2400_2400.png,cropped_0016_label_tALCG3Yy_2400_2400_mask.png
cropped_0016_label_tALCG3Yy_1920_1440.png,cropped_0016_label_tALCG3Yy_1920_1440_mask.png
cropped_0016_label_tALCG3Yy_3360_2880.png,cropped_0016_label_tALCG3Yy_3360_2880_mask.png
cropped_0016_label_tALCG3Yy_3360_0.png,cropped_0016_label_tALCG3Yy_3360_0_mask.png
cropped_0016_label_tALCG3Yy_3840_480.png,cropped_0016_label_tALCG3Yy_3840_480_mask.png
cropped_0016_label_tALCG3Yy_480_0.png,cropped_0016_label_tALCG3Yy_480_0_mask.png
cropped_0016_label_tALCG3Yy_0_1440.png,cropped_0016_label_tALCG3Yy_0_1440_mask.png
cropped_0016_label_tALCG3Yy_2880_2880.png,cropped_0016_label_tALCG3Yy_2880_2880_mask.png
cropped_0016_label_tALCG3Yy_960_2400.png,cropped_0016_label_tALCG3Yy_960_2400_mask.png
cropped_0016_label_tALCG3Yy_0_2400.png,cropped_0016_label_tALCG3Yy_0_2400_mask.png
cropped_0016_label_tALCG3Yy_0_480.png,cropped_0016_label_tALCG3Yy_0_480_mask.png
cropped_0016_label_tALCG3Yy_2880_960.png,cropped_0016_label_tALCG3Yy_2880_960_mask.png
cropped_0016_label_tALCG3Yy_480_1440.png,cropped_0016_label_tALCG3Yy_480_1440_mask.png
cropped_0016_label_tALCG3Yy_3840_1920.png,cropped_0016_label_tALCG3Yy_3840_1920_mask.png
cropped_0016_label_tALCG3Yy_0_960.png,cropped_0016_label_tALCG3Yy_0_960_mask.png
cropped_0016_label_tALCG3Yy_480_2400.png,cropped_0016_label_tALCG3Yy_480_2400_mask.png
cropped_0016_label_tALCG3Yy_1440_1440.png,cropped_0016_label_tALCG3Yy_1440_1440_mask.png
cropped_0016_label_tALCG3Yy_2880_1440.png,cropped_0016_label_tALCG3Yy_2880_1440_mask.png
cropped_0020_label_QbCmZ2ce_2880_1440.png,cropped_0020_label_QbCmZ2ce_2880_1440_mask.png
cropped_0020_label_QbCmZ2ce_1920_2400.png,cropped_0020_label_QbCmZ2ce_1920_2400_mask.png
cropped_0020_label_QbCmZ2ce_480_2880.png,cropped_0020_label_QbCmZ2ce_480_2880_mask.png
cropped_0020_label_QbCmZ2ce_480_2400.png,cropped_0020_label_QbCmZ2ce_480_2400_mask.png
cropped_0020_label_QbCmZ2ce_480_1920.png,cropped_0020_label_QbCmZ2ce_480_1920_mask.png
cropped_0020_label_QbCmZ2ce_2880_480.png,cropped_0020_label_QbCmZ2ce_2880_480_mask.png
cropped_0020_label_QbCmZ2ce_1440_960.png,cropped_0020_label_QbCmZ2ce_1440_960_mask.png
cropped_0020_label_QbCmZ2ce_2400_480.png,cropped_0020_label_QbCmZ2ce_2400_480_mask.png
cropped_0020_label_QbCmZ2ce_1920_1920.png,cropped_0020_label_QbCmZ2ce_1920_1920_mask.png
cropped_0020_label_QbCmZ2ce_1440_0.png,cropped_0020_label_QbCmZ2ce_1440_0_mask.png
cropped_0020_label_QbCmZ2ce_1440_1440.png,cropped_0020_label_QbCmZ2ce_1440_1440_mask.png
cropped_0020_label_QbCmZ2ce_3360_960.png,cropped_0020_label_QbCmZ2ce_3360_960_mask.png
cropped_0020_label_QbCmZ2ce_2400_1440.png,cropped_0020_label_QbCmZ2ce_2400_1440_mask.png
cropped_0020_label_QbCmZ2ce_3360_1440.png,cropped_0020_label_QbCmZ2ce_3360_1440_mask.png
cropped_0020_label_QbCmZ2ce_1920_2880.png,cropped_0020_label_QbCmZ2ce_1920_2880_mask.png
cropped_0020_label_QbCmZ2ce_3840_480.png,cropped_0020_label_QbCmZ2ce_3840_480_mask.png
cropped_0010_label_egaPlFje_960_480.png,cropped_0010_label_egaPlFje_960_480_mask.png
cropped_0010_label_egaPlFje_2880_0.png,cropped_0010_label_egaPlFje_2880_0_mask.png
cropped_0010_label_egaPlFje_1920_2880.png,cropped_0010_label_egaPlFje_1920_2880_mask.png
cropped_0010_label_egaPlFje_3360_960.png,cropped_0010_label_egaPlFje_3360_960_mask.png
cropped_0010_label_egaPlFje_2400_1920.png,cropped_0010_label_egaPlFje_2400_1920_mask.png
cropped_0010_label_egaPlFje_960_1920.png,cropped_0010_label_egaPlFje_960_1920_mask.png
cropped_0010_label_egaPlFje_3360_1920.png,cropped_0010_label_egaPlFje_3360_1920_mask.png
cropped_0010_label_egaPlFje_480_480.png,cropped_0010_label_egaPlFje_480_480_mask.png
cropped_0010_label_egaPlFje_1920_0.png,cropped_0010_label_egaPlFje_1920_0_mask.png
cropped_0010_label_egaPlFje_3840_960.png,cropped_0010_label_egaPlFje_3840_960_mask.png
cropped_0010_label_egaPlFje_1920_480.png,cropped_0010_label_egaPlFje_1920_480_mask.png
cropped_0010_label_egaPlFje_480_960.png,cropped_0010_label_egaPlFje_480_960_mask.png
cropped_0010_label_egaPlFje_2400_1440.png,cropped_0010_label_egaPlFje_2400_1440_mask.png
cropped_0010_label_egaPlFje_1440_480.png,cropped_0010_label_egaPlFje_1440_480_mask.png
cropped_0010_label_egaPlFje_3360_480.png,cropped_0010_label_egaPlFje_3360_480_mask.png
cropped_0010_label_egaPlFje_0_480.png,cropped_0010_label_egaPlFje_0_480_mask.png
cropped_0010_label_egaPlFje_3840_0.png,cropped_0010_label_egaPlFje_3840_0_mask.png
cropped_0010_label_egaPlFje_3360_0.png,cropped_0010_label_egaPlFje_3360_0_mask.png
cropped_0010_label_egaPlFje_3840_480.png,cropped_0010_label_egaPlFje_3840_480_mask.png
cropped_0010_label_egaPlFje_960_0.png,cropped_0010_label_egaPlFje_960_0_mask.png
cropped_0010_label_egaPlFje_1920_960.png,cropped_0010_label_egaPlFje_1920_960_mask.png
cropped_0020_label_nKTYvVYf_3360_1920.png,cropped_0020_label_nKTYvVYf_3360_1920_mask.png
cropped_0020_label_nKTYvVYf_1440_960.png,cropped_0020_label_nKTYvVYf_1440_960_mask.png
cropped_0020_label_nKTYvVYf_1920_2400.png,cropped_0020_label_nKTYvVYf_1920_2400_mask.png
cropped_0020_label_nKTYvVYf_960_1920.png,cropped_0020_label_nKTYvVYf_960_1920_mask.png
cropped_0020_label_nKTYvVYf_3360_2880.png,cropped_0020_label_nKTYvVYf_3360_2880_mask.png
cropped_0020_label_nKTYvVYf_0_480.png,cropped_0020_label_nKTYvVYf_0_480_mask.png
cropped_0020_label_nKTYvVYf_480_960.png,cropped_0020_label_nKTYvVYf_480_960_mask.png
cropped_0020_label_nKTYvVYf_0_960.png,cropped_0020_label_nKTYvVYf_0_960_mask.png
cropped_0020_label_nKTYvVYf_1440_2400.png,cropped_0020_label_nKTYvVYf_1440_2400_mask.png
cropped_0020_label_nKTYvVYf_1440_1920.png,cropped_0020_label_nKTYvVYf_1440_1920_mask.png
cropped_0020_label_nKTYvVYf_1440_480.png,cropped_0020_label_nKTYvVYf_1440_480_mask.png
cropped_0020_label_nKTYvVYf_2880_2880.png,cropped_0020_label_nKTYvVYf_2880_2880_mask.png
cropped_0020_label_nKTYvVYf_0_0.png,cropped_0020_label_nKTYvVYf_0_0_mask.png
cropped_0020_label_nKTYvVYf_2400_480.png,cropped_0020_label_nKTYvVYf_2400_480_mask.png
cropped_0020_label_nKTYvVYf_1440_1440.png,cropped_0020_label_nKTYvVYf_1440_1440_mask.png
cropped_0020_label_nKTYvVYf_0_2400.png,cropped_0020_label_nKTYvVYf_0_2400_mask.png
cropped_0020_label_nKTYvVYf_480_0.png,cropped_0020_label_nKTYvVYf_480_0_mask.png
cropped_0020_label_nKTYvVYf_2880_2400.png,cropped_0020_label_nKTYvVYf_2880_2400_mask.png
cropped_0020_label_nKTYvVYf_1920_0.png,cropped_0020_label_nKTYvVYf_1920_0_mask.png
cropped_0020_label_nKTYvVYf_960_2880.png,cropped_0020_label_nKTYvVYf_960_2880_mask.png
cropped_0020_label_nKTYvVYf_1920_1920.png,cropped_0020_label_nKTYvVYf_1920_1920_mask.png
cropped_0005_label_KhubE3m1_1920_960.png,cropped_0005_label_KhubE3m1_1920_960_mask.png
cropped_0005_label_KhubE3m1_0_960.png,cropped_0005_label_KhubE3m1_0_960_mask.png
cropped_0005_label_KhubE3m1_3840_1440.png,cropped_0005_label_KhubE3m1_3840_1440_mask.png
cropped_0005_label_KhubE3m1_1440_480.png,cropped_0005_label_KhubE3m1_1440_480_mask.png
cropped_0005_label_KhubE3m1_3840_1920.png,cropped_0005_label_KhubE3m1_3840_1920_mask.png
cropped_0005_label_KhubE3m1_2400_960.png,cropped_0005_label_KhubE3m1_2400_960_mask.png
cropped_0005_label_KhubE3m1_3360_1920.png,cropped_0005_label_KhubE3m1_3360_1920_mask.png
cropped_0005_label_KhubE3m1_3360_0.png,cropped_0005_label_KhubE3m1_3360_0_mask.png
cropped_0005_label_KhubE3m1_3840_2400.png,cropped_0005_label_KhubE3m1_3840_2400_mask.png
cropped_0005_label_KhubE3m1_3360_480.png,cropped_0005_label_KhubE3m1_3360_480_mask.png
cropped_0005_label_KhubE3m1_1920_0.png,cropped_0005_label_KhubE3m1_1920_0_mask.png
cropped_0005_label_KhubE3m1_3840_480.png,cropped_0005_label_KhubE3m1_3840_480_mask.png
cropped_0005_label_KhubE3m1_1920_2880.png,cropped_0005_label_KhubE3m1_1920_2880_mask.png
cropped_0005_label_KhubE3m1_3360_1440.png,cropped_0005_label_KhubE3m1_3360_1440_mask.png
cropped_0005_label_KhubE3m1_480_480.png,cropped_0005_label_KhubE3m1_480_480_mask.png
cropped_0005_label_KhubE3m1_2400_1920.png,cropped_0005_label_KhubE3m1_2400_1920_mask.png
cropped_0017_label_M4HYDr16_3360_1920.png,cropped_0017_label_M4HYDr16_3360_1920_mask.png
cropped_0017_label_M4HYDr16_960_1920.png,cropped_0017_label_M4HYDr16_960_1920_mask.png
cropped_0017_label_M4HYDr16_3360_1440.png,cropped_0017_label_M4HYDr16_3360_1440_mask.png
cropped_0017_label_M4HYDr16_1920_960.png,cropped_0017_label_M4HYDr16_1920_960_mask.png
cropped_0017_label_M4HYDr16_2400_0.png,cropped_0017_label_M4HYDr16_2400_0_mask.png
cropped_0017_label_M4HYDr16_1440_1440.png,cropped_0017_label_M4HYDr16_1440_1440_mask.png
cropped_0017_label_M4HYDr16_480_960.png,cropped_0017_label_M4HYDr16_480_960_mask.png
cropped_0017_label_M4HYDr16_960_960.png,cropped_0017_label_M4HYDr16_960_960_mask.png
cropped_0017_label_M4HYDr16_960_1440.png,cropped_0017_label_M4HYDr16_960_1440_mask.png
cropped_0017_label_M4HYDr16_1440_1920.png,cropped_0017_label_M4HYDr16_1440_1920_mask.png
cropped_0017_label_M4HYDr16_1440_2400.png,cropped_0017_label_M4HYDr16_1440_2400_mask.png
cropped_0017_label_M4HYDr16_480_0.png,cropped_0017_label_M4HYDr16_480_0_mask.png
cropped_0017_label_M4HYDr16_1920_2400.png,cropped_0017_label_M4HYDr16_1920_2400_mask.png
cropped_0017_label_M4HYDr16_0_1440.png,cropped_0017_label_M4HYDr16_0_1440_mask.png
cropped_0017_label_M4HYDr16_960_2880.png,cropped_0017_label_M4HYDr16_960_2880_mask.png
cropped_0017_label_M4HYDr16_960_2400.png,cropped_0017_label_M4HYDr16_960_2400_mask.png
cropped_0017_label_M4HYDr16_1440_480.png,cropped_0017_label_M4HYDr16_1440_480_mask.png
cropped_0017_label_M4HYDr16_0_2400.png,cropped_0017_label_M4HYDr16_0_2400_mask.png
cropped_0017_label_M4HYDr16_3840_1440.png,cropped_0017_label_M4HYDr16_3840_1440_mask.png
cropped_0017_label_M4HYDr16_3840_2880.png,cropped_0017_label_M4HYDr16_3840_2880_mask.png
cropped_0017_label_M4HYDr16_480_2400.png,cropped_0017_label_M4HYDr16_480_2400_mask.png
cropped_0017_label_M4HYDr16_480_2880.png,cropped_0017_label_M4HYDr16_480_2880_mask.png
cropped_00000016_2_1920_0.png,cropped_00000016_2_1920_0_mask.png
cropped_00000016_2_960_960.png,cropped_00000016_2_960_960_mask.png
cropped_00000016_2_3840_960.png,cropped_00000016_2_3840_960_mask.png
cropped_00000016_2_2880_2880.png,cropped_00000016_2_2880_2880_mask.png
cropped_00000016_2_2400_960.png,cropped_00000016_2_2400_960_mask.png
cropped_00000016_2_3360_960.png,cropped_00000016_2_3360_960_mask.png
cropped_00000016_2_0_1440.png,cropped_00000016_2_0_1440_mask.png
cropped_00000016_2_960_1920.png,cropped_00000016_2_960_1920_mask.png
cropped_00000016_2_480_0.png,cropped_00000016_2_480_0_mask.png
cropped_00000016_2_2400_1920.png,cropped_00000016_2_2400_1920_mask.png
cropped_00000016_2_3840_2880.png,cropped_00000016_2_3840_2880_mask.png
cropped_00000016_2_2880_480.png,cropped_00000016_2_2880_480_mask.png
cropped_00000016_2_1440_2880.png,cropped_00000016_2_1440_2880_mask.png
cropped_00000016_2_1920_1440.png,cropped_00000016_2_1920_1440_mask.png
cropped_00000016_2_3840_0.png,cropped_00000016_2_3840_0_mask.png
cropped_00000016_2_3360_0.png,cropped_00000016_2_3360_0_mask.png
cropped_00000016_2_3840_1440.png,cropped_00000016_2_3840_1440_mask.png
cropped_00000050_3840_480.png,cropped_00000050_3840_480_mask.png
cropped_00000050_960_0.png,cropped_00000050_960_0_mask.png
cropped_00000050_0_0.png,cropped_00000050_0_0_mask.png
cropped_00000050_3360_480.png,cropped_00000050_3360_480_mask.png
cropped_00000050_480_0.png,cropped_00000050_480_0_mask.png
cropped_00000050_2880_480.png,cropped_00000050_2880_480_mask.png
cropped_00000050_2880_960.png,cropped_00000050_2880_960_mask.png
cropped_00000050_2880_2880.png,cropped_00000050_2880_2880_mask.png
cropped_00000050_3840_2880.png,cropped_00000050_3840_2880_mask.png
cropped_00000050_3360_2400.png,cropped_00000050_3360_2400_mask.png
cropped_00000050_2400_1440.png,cropped_00000050_2400_1440_mask.png
cropped_00000050_3360_1440.png,cropped_00000050_3360_1440_mask.png
cropped_00000050_1440_960.png,cropped_00000050_1440_960_mask.png
cropped_00000050_3840_0.png,cropped_00000050_3840_0_mask.png
cropped_00000050_960_480.png,cropped_00000050_960_480_mask.png
cropped_0014_label_FCjmsocM_2880_0.png,cropped_0014_label_FCjmsocM_2880_0_mask.png
cropped_0014_label_FCjmsocM_960_0.png,cropped_0014_label_FCjmsocM_960_0_mask.png
cropped_0014_label_FCjmsocM_3360_2880.png,cropped_0014_label_FCjmsocM_3360_2880_mask.png
cropped_0014_label_FCjmsocM_1920_0.png,cropped_0014_label_FCjmsocM_1920_0_mask.png
cropped_0014_label_FCjmsocM_1920_480.png,cropped_0014_label_FCjmsocM_1920_480_mask.png
cropped_0014_label_FCjmsocM_0_2880.png,cropped_0014_label_FCjmsocM_0_2880_mask.png
cropped_0014_label_FCjmsocM_1920_960.png,cropped_0014_label_FCjmsocM_1920_960_mask.png
cropped_0014_label_FCjmsocM_2400_480.png,cropped_0014_label_FCjmsocM_2400_480_mask.png
cropped_0014_label_FCjmsocM_960_1440.png,cropped_0014_label_FCjmsocM_960_1440_mask.png
cropped_0014_label_FCjmsocM_0_480.png,cropped_0014_label_FCjmsocM_0_480_mask.png
cropped_0014_label_FCjmsocM_2880_480.png,cropped_0014_label_FCjmsocM_2880_480_mask.png
cropped_0014_label_FCjmsocM_480_960.png,cropped_0014_label_FCjmsocM_480_960_mask.png
cropped_0014_label_FCjmsocM_960_2400.png,cropped_0014_label_FCjmsocM_960_2400_mask.png
cropped_0014_label_FCjmsocM_3840_0.png,cropped_0014_label_FCjmsocM_3840_0_mask.png
cropped_0014_label_FCjmsocM_960_2880.png,cropped_0014_label_FCjmsocM_960_2880_mask.png
cropped_0014_label_FCjmsocM_3360_1440.png,cropped_0014_label_FCjmsocM_3360_1440_mask.png
cropped_0014_label_FCjmsocM_2400_1440.png,cropped_0014_label_FCjmsocM_2400_1440_mask.png
cropped_0014_label_FCjmsocM_960_1920.png,cropped_0014_label_FCjmsocM_960_1920_mask.png
cropped_0014_label_FCjmsocM_3360_2400.png,cropped_0014_label_FCjmsocM_3360_2400_mask.png
cropped_0014_label_FCjmsocM_0_2400.png,cropped_0014_label_FCjmsocM_0_2400_mask.png
cropped_0014_label_FCjmsocM_2400_0.png,cropped_0014_label_FCjmsocM_2400_0_mask.png
cropped_0010_label_0xjUoY7D_3840_0.png,cropped_0010_label_0xjUoY7D_3840_0_mask.png
cropped_0010_label_0xjUoY7D_480_480.png,cropped_0010_label_0xjUoY7D_480_480_mask.png
cropped_0010_label_0xjUoY7D_0_0.png,cropped_0010_label_0xjUoY7D_0_0_mask.png
cropped_0010_label_0xjUoY7D_2400_0.png,cropped_0010_label_0xjUoY7D_2400_0_mask.png
cropped_0010_label_0xjUoY7D_3360_2400.png,cropped_0010_label_0xjUoY7D_3360_2400_mask.png
cropped_0010_label_0xjUoY7D_1440_1920.png,cropped_0010_label_0xjUoY7D_1440_1920_mask.png
cropped_0010_label_0xjUoY7D_480_2400.png,cropped_0010_label_0xjUoY7D_480_2400_mask.png
cropped_0010_label_0xjUoY7D_2880_1920.png,cropped_0010_label_0xjUoY7D_2880_1920_mask.png
cropped_0010_label_0xjUoY7D_2880_1440.png,cropped_0010_label_0xjUoY7D_2880_1440_mask.png
cropped_0010_label_0xjUoY7D_480_960.png,cropped_0010_label_0xjUoY7D_480_960_mask.png
cropped_0010_label_0xjUoY7D_0_960.png,cropped_0010_label_0xjUoY7D_0_960_mask.png
cropped_0010_label_0xjUoY7D_3840_2400.png,cropped_0010_label_0xjUoY7D_3840_2400_mask.png
cropped_0010_label_0xjUoY7D_0_2400.png,cropped_0010_label_0xjUoY7D_0_2400_mask.png
cropped_0010_label_0xjUoY7D_3840_1440.png,cropped_0010_label_0xjUoY7D_3840_1440_mask.png
cropped_0010_label_0xjUoY7D_960_960.png,cropped_0010_label_0xjUoY7D_960_960_mask.png
cropped_0019_label_h2qBCL3Q_2880_480.png,cropped_0019_label_h2qBCL3Q_2880_480_mask.png
cropped_0019_label_h2qBCL3Q_1920_2880.png,cropped_0019_label_h2qBCL3Q_1920_2880_mask.png
cropped_0019_label_h2qBCL3Q_1440_960.png,cropped_0019_label_h2qBCL3Q_1440_960_mask.png
cropped_0019_label_h2qBCL3Q_960_480.png,cropped_0019_label_h2qBCL3Q_960_480_mask.png
cropped_0019_label_h2qBCL3Q_1440_2880.png,cropped_0019_label_h2qBCL3Q_1440_2880_mask.png
cropped_0019_label_h2qBCL3Q_3840_2880.png,cropped_0019_label_h2qBCL3Q_3840_2880_mask.png
cropped_0019_label_h2qBCL3Q_960_2400.png,cropped_0019_label_h2qBCL3Q_960_2400_mask.png
cropped_0019_label_h2qBCL3Q_480_480.png,cropped_0019_label_h2qBCL3Q_480_480_mask.png
cropped_0019_label_h2qBCL3Q_480_1440.png,cropped_0019_label_h2qBCL3Q_480_1440_mask.png
cropped_0019_label_h2qBCL3Q_2880_1920.png,cropped_0019_label_h2qBCL3Q_2880_1920_mask.png
cropped_0019_label_h2qBCL3Q_0_960.png,cropped_0019_label_h2qBCL3Q_0_960_mask.png
cropped_0019_label_h2qBCL3Q_2400_480.png,cropped_0019_label_h2qBCL3Q_2400_480_mask.png
cropped_0019_label_h2qBCL3Q_3360_2400.png,cropped_0019_label_h2qBCL3Q_3360_2400_mask.png
cropped_0019_label_h2qBCL3Q_1920_2400.png,cropped_0019_label_h2qBCL3Q_1920_2400_mask.png
cropped_0019_label_h2qBCL3Q_0_2400.png,cropped_0019_label_h2qBCL3Q_0_2400_mask.png
cropped_0019_label_h2qBCL3Q_480_960.png,cropped_0019_label_h2qBCL3Q_480_960_mask.png
cropped_0019_label_h2qBCL3Q_2400_960.png,cropped_0019_label_h2qBCL3Q_2400_960_mask.png
cropped_0019_label_h2qBCL3Q_1920_960.png,cropped_0019_label_h2qBCL3Q_1920_960_mask.png
cropped_0019_label_h2qBCL3Q_1440_2400.png,cropped_0019_label_h2qBCL3Q_1440_2400_mask.png
cropped_0019_label_h2qBCL3Q_3840_2400.png,cropped_0019_label_h2qBCL3Q_3840_2400_mask.png
cropped_0019_label_h2qBCL3Q_3840_0.png,cropped_0019_label_h2qBCL3Q_3840_0_mask.png
cropped_0019_label_h2qBCL3Q_2400_0.png,cropped_0019_label_h2qBCL3Q_2400_0_mask.png
cropped_0019_label_h2qBCL3Q_2400_2880.png,cropped_0019_label_h2qBCL3Q_2400_2880_mask.png
cropped_0019_label_h2qBCL3Q_0_480.png,cropped_0019_label_h2qBCL3Q_0_480_mask.png
cropped_0019_label_h2qBCL3Q_1920_480.png,cropped_0019_label_h2qBCL3Q_1920_480_mask.png
cropped_0019_label_h2qBCL3Q_0_1440.png,cropped_0019_label_h2qBCL3Q_0_1440_mask.png
cropped_0019_label_h2qBCL3Q_3360_0.png,cropped_0019_label_h2qBCL3Q_3360_0_mask.png
cropped_0019_label_h2qBCL3Q_3360_480.png,cropped_0019_label_h2qBCL3Q_3360_480_mask.png
cropped_0019_label_h2qBCL3Q_2400_2400.png,cropped_0019_label_h2qBCL3Q_2400_2400_mask.png
cropped_0019_label_h2qBCL3Q_480_2400.png,cropped_0019_label_h2qBCL3Q_480_2400_mask.png
cropped_0019_label_h2qBCL3Q_3840_480.png,cropped_0019_label_h2qBCL3Q_3840_480_mask.png
cropped_00000007_6_3840_1440.png,cropped_00000007_6_3840_1440_mask.png
cropped_00000007_6_2880_2400.png,cropped_00000007_6_2880_2400_mask.png
cropped_00000007_6_3360_1440.png,cropped_00000007_6_3360_1440_mask.png
cropped_00000007_6_1440_1440.png,cropped_00000007_6_1440_1440_mask.png
cropped_00000007_6_3840_0.png,cropped_00000007_6_3840_0_mask.png
cropped_00000007_6_3360_2880.png,cropped_00000007_6_3360_2880_mask.png
cropped_00000007_6_0_1440.png,cropped_00000007_6_0_1440_mask.png
cropped_00000007_6_2400_480.png,cropped_00000007_6_2400_480_mask.png
cropped_00000007_6_480_2880.png,cropped_00000007_6_480_2880_mask.png
cropped_00000007_6_0_2880.png,cropped_00000007_6_0_2880_mask.png
cropped_00000007_6_2880_960.png,cropped_00000007_6_2880_960_mask.png
cropped_00000007_6_1440_2880.png,cropped_00000007_6_1440_2880_mask.png
cropped_00000007_6_0_960.png,cropped_00000007_6_0_960_mask.png
cropped_00000007_6_1920_1440.png,cropped_00000007_6_1920_1440_mask.png
cropped_00000007_6_960_960.png,cropped_00000007_6_960_960_mask.png
cropped_00000007_6_2400_2400.png,cropped_00000007_6_2400_2400_mask.png
cropped_00000007_6_3360_1920.png,cropped_00000007_6_3360_1920_mask.png
cropped_00000007_6_0_2400.png,cropped_00000007_6_0_2400_mask.png
cropped_00000007_6_2400_960.png,cropped_00000007_6_2400_960_mask.png
cropped_00000007_6_1920_2880.png,cropped_00000007_6_1920_2880_mask.png
cropped_00000007_6_480_2400.png,cropped_00000007_6_480_2400_mask.png
cropped_00000007_6_3360_0.png,cropped_00000007_6_3360_0_mask.png
cropped_00000007_6_2400_1440.png,cropped_00000007_6_2400_1440_mask.png
cropped_00000007_6_1440_480.png,cropped_00000007_6_1440_480_mask.png
cropped_0014_label_lY40XnMe_480_1920.png,cropped_0014_label_lY40XnMe_480_1920_mask.png
cropped_0014_label_lY40XnMe_1440_2880.png,cropped_0014_label_lY40XnMe_1440_2880_mask.png
cropped_0014_label_lY40XnMe_3360_0.png,cropped_0014_label_lY40XnMe_3360_0_mask.png
cropped_0014_label_lY40XnMe_480_2400.png,cropped_0014_label_lY40XnMe_480_2400_mask.png
cropped_0014_label_lY40XnMe_2400_1440.png,cropped_0014_label_lY40XnMe_2400_1440_mask.png
cropped_0014_label_lY40XnMe_2880_960.png,cropped_0014_label_lY40XnMe_2880_960_mask.png
cropped_0014_label_lY40XnMe_2880_2400.png,cropped_0014_label_lY40XnMe_2880_2400_mask.png
cropped_0014_label_lY40XnMe_2880_0.png,cropped_0014_label_lY40XnMe_2880_0_mask.png
cropped_0014_label_lY40XnMe_3360_960.png,cropped_0014_label_lY40XnMe_3360_960_mask.png
cropped_0014_label_lY40XnMe_3360_2400.png,cropped_0014_label_lY40XnMe_3360_2400_mask.png
cropped_0014_label_lY40XnMe_1440_480.png,cropped_0014_label_lY40XnMe_1440_480_mask.png
cropped_0014_label_lY40XnMe_2880_1920.png,cropped_0014_label_lY40XnMe_2880_1920_mask.png
cropped_0014_label_lY40XnMe_1440_1920.png,cropped_0014_label_lY40XnMe_1440_1920_mask.png
cropped_0014_label_lY40XnMe_3360_1920.png,cropped_0014_label_lY40XnMe_3360_1920_mask.png
cropped_0014_label_lY40XnMe_960_1440.png,cropped_0014_label_lY40XnMe_960_1440_mask.png
cropped_0014_label_lY40XnMe_1920_2880.png,cropped_0014_label_lY40XnMe_1920_2880_mask.png
cropped_0014_label_lY40XnMe_2400_0.png,cropped_0014_label_lY40XnMe_2400_0_mask.png
cropped_0014_label_lY40XnMe_0_1920.png,cropped_0014_label_lY40XnMe_0_1920_mask.png
cropped_0014_label_lY40XnMe_960_2400.png,cropped_0014_label_lY40XnMe_960_2400_mask.png
cropped_0014_label_lY40XnMe_0_480.png,cropped_0014_label_lY40XnMe_0_480_mask.png
cropped_0014_label_lY40XnMe_3840_2880.png,cropped_0014_label_lY40XnMe_3840_2880_mask.png
cropped_0009_label_h2qBCL3Q_480_2400.png,cropped_0009_label_h2qBCL3Q_480_2400_mask.png
cropped_0009_label_h2qBCL3Q_1440_960.png,cropped_0009_label_h2qBCL3Q_1440_960_mask.png
cropped_0009_label_h2qBCL3Q_2880_2880.png,cropped_0009_label_h2qBCL3Q_2880_2880_mask.png
cropped_0009_label_h2qBCL3Q_960_480.png,cropped_0009_label_h2qBCL3Q_960_480_mask.png
cropped_0009_label_h2qBCL3Q_480_960.png,cropped_0009_label_h2qBCL3Q_480_960_mask.png
cropped_0009_label_h2qBCL3Q_3840_1920.png,cropped_0009_label_h2qBCL3Q_3840_1920_mask.png
cropped_0009_label_h2qBCL3Q_2880_2400.png,cropped_0009_label_h2qBCL3Q_2880_2400_mask.png
cropped_0009_label_h2qBCL3Q_0_1440.png,cropped_0009_label_h2qBCL3Q_0_1440_mask.png
cropped_0009_label_h2qBCL3Q_3360_2880.png,cropped_0009_label_h2qBCL3Q_3360_2880_mask.png
cropped_0009_label_h2qBCL3Q_1440_0.png,cropped_0009_label_h2qBCL3Q_1440_0_mask.png
cropped_0009_label_h2qBCL3Q_960_2880.png,cropped_0009_label_h2qBCL3Q_960_2880_mask.png
cropped_0009_label_h2qBCL3Q_480_480.png,cropped_0009_label_h2qBCL3Q_480_480_mask.png
cropped_0009_label_h2qBCL3Q_960_0.png,cropped_0009_label_h2qBCL3Q_960_0_mask.png
cropped_0009_label_h2qBCL3Q_1920_480.png,cropped_0009_label_h2qBCL3Q_1920_480_mask.png
cropped_0009_label_h2qBCL3Q_2400_1920.png,cropped_0009_label_h2qBCL3Q_2400_1920_mask.png
cropped_0009_label_h2qBCL3Q_960_2400.png,cropped_0009_label_h2qBCL3Q_960_2400_mask.png
cropped_00000036_2_960_0.png,cropped_00000036_2_960_0_mask.png
cropped_00000036_2_1920_1440.png,cropped_00000036_2_1920_1440_mask.png
cropped_00000036_2_1920_0.png,cropped_00000036_2_1920_0_mask.png
cropped_00000036_2_3360_0.png,cropped_00000036_2_3360_0_mask.png
cropped_00000036_2_3840_960.png,cropped_00000036_2_3840_960_mask.png
cropped_00000036_2_2880_480.png,cropped_00000036_2_2880_480_mask.png
cropped_00000036_2_2400_960.png,cropped_00000036_2_2400_960_mask.png
cropped_00000036_2_960_960.png,cropped_00000036_2_960_960_mask.png
cropped_00000036_2_1440_960.png,cropped_00000036_2_1440_960_mask.png
cropped_00000036_2_480_2400.png,cropped_00000036_2_480_2400_mask.png
cropped_00000036_2_480_2880.png,cropped_00000036_2_480_2880_mask.png
cropped_00000036_2_2880_2400.png,cropped_00000036_2_2880_2400_mask.png
cropped_00000036_2_2400_0.png,cropped_00000036_2_2400_0_mask.png
cropped_00000036_2_0_0.png,cropped_00000036_2_0_0_mask.png
cropped_00000036_2_960_480.png,cropped_00000036_2_960_480_mask.png
cropped_00000036_2_1440_1440.png,cropped_00000036_2_1440_1440_mask.png
cropped_00000036_2_3840_1920.png,cropped_00000036_2_3840_1920_mask.png
cropped_00000036_2_960_1440.png,cropped_00000036_2_960_1440_mask.png
cropped_0002_label_PmivjAla_1440_2400.png,cropped_0002_label_PmivjAla_1440_2400_mask.png
cropped_0002_label_PmivjAla_0_960.png,cropped_0002_label_PmivjAla_0_960_mask.png
cropped_0002_label_PmivjAla_2400_1440.png,cropped_0002_label_PmivjAla_2400_1440_mask.png
cropped_0002_label_PmivjAla_2400_2880.png,cropped_0002_label_PmivjAla_2400_2880_mask.png
cropped_0002_label_PmivjAla_480_0.png,cropped_0002_label_PmivjAla_480_0_mask.png
cropped_0002_label_PmivjAla_3360_1440.png,cropped_0002_label_PmivjAla_3360_1440_mask.png
cropped_0002_label_PmivjAla_960_1440.png,cropped_0002_label_PmivjAla_960_1440_mask.png
cropped_0002_label_PmivjAla_2880_1920.png,cropped_0002_label_PmivjAla_2880_1920_mask.png
cropped_0002_label_PmivjAla_480_2880.png,cropped_0002_label_PmivjAla_480_2880_mask.png
cropped_0002_label_PmivjAla_2880_1440.png,cropped_0002_label_PmivjAla_2880_1440_mask.png
cropped_0002_label_PmivjAla_2400_1920.png,cropped_0002_label_PmivjAla_2400_1920_mask.png
cropped_0002_label_PmivjAla_480_1440.png,cropped_0002_label_PmivjAla_480_1440_mask.png
cropped_0002_label_PmivjAla_2880_0.png,cropped_0002_label_PmivjAla_2880_0_mask.png
cropped_0002_label_PmivjAla_1920_1440.png,cropped_0002_label_PmivjAla_1920_1440_mask.png
cropped_0002_label_PmivjAla_480_2400.png,cropped_0002_label_PmivjAla_480_2400_mask.png
cropped_0002_label_PmivjAla_2400_960.png,cropped_0002_label_PmivjAla_2400_960_mask.png
cropped_0002_label_PmivjAla_2880_2880.png,cropped_0002_label_PmivjAla_2880_2880_mask.png
cropped_0002_label_PmivjAla_3360_1920.png,cropped_0002_label_PmivjAla_3360_1920_mask.png
cropped_0002_label_PmivjAla_2400_2400.png,cropped_0002_label_PmivjAla_2400_2400_mask.png
cropped_0002_label_PmivjAla_3840_1440.png,cropped_0002_label_PmivjAla_3840_1440_mask.png
cropped_0002_label_PmivjAla_960_1920.png,cropped_0002_label_PmivjAla_960_1920_mask.png
cropped_0002_label_PmivjAla_2880_960.png,cropped_0002_label_PmivjAla_2880_960_mask.png
cropped_00000087_480_1440.png,cropped_00000087_480_1440_mask.png
cropped_00000087_1440_2400.png,cropped_00000087_1440_2400_mask.png
cropped_00000087_3360_1920.png,cropped_00000087_3360_1920_mask.png
cropped_00000087_0_480.png,cropped_00000087_0_480_mask.png
cropped_00000087_480_0.png,cropped_00000087_480_0_mask.png
cropped_00000087_3360_1440.png,cropped_00000087_3360_1440_mask.png
cropped_00000087_480_2880.png,cropped_00000087_480_2880_mask.png
cropped_00000087_2880_1440.png,cropped_00000087_2880_1440_mask.png
cropped_00000087_0_1440.png,cropped_00000087_0_1440_mask.png
cropped_00000087_2880_2880.png,cropped_00000087_2880_2880_mask.png
cropped_00000087_3360_2880.png,cropped_00000087_3360_2880_mask.png
cropped_00000087_960_960.png,cropped_00000087_960_960_mask.png
cropped_0001_label_h2qBCL3Q_1920_2400.png,cropped_0001_label_h2qBCL3Q_1920_2400_mask.png
cropped_0001_label_h2qBCL3Q_3360_480.png,cropped_0001_label_h2qBCL3Q_3360_480_mask.png
cropped_0001_label_h2qBCL3Q_2880_2400.png,cropped_0001_label_h2qBCL3Q_2880_2400_mask.png
cropped_0001_label_h2qBCL3Q_1920_2880.png,cropped_0001_label_h2qBCL3Q_1920_2880_mask.png
cropped_0001_label_h2qBCL3Q_3840_480.png,cropped_0001_label_h2qBCL3Q_3840_480_mask.png
cropped_0001_label_h2qBCL3Q_1920_480.png,cropped_0001_label_h2qBCL3Q_1920_480_mask.png
cropped_0001_label_h2qBCL3Q_960_960.png,cropped_0001_label_h2qBCL3Q_960_960_mask.png
cropped_0001_label_h2qBCL3Q_1920_0.png,cropped_0001_label_h2qBCL3Q_1920_0_mask.png
cropped_0001_label_h2qBCL3Q_960_480.png,cropped_0001_label_h2qBCL3Q_960_480_mask.png
cropped_0001_label_h2qBCL3Q_3360_2880.png,cropped_0001_label_h2qBCL3Q_3360_2880_mask.png
cropped_0001_label_h2qBCL3Q_480_480.png,cropped_0001_label_h2qBCL3Q_480_480_mask.png
cropped_0020_label_ouHctxiB_960_1440.png,cropped_0020_label_ouHctxiB_960_1440_mask.png
cropped_0020_label_ouHctxiB_0_0.png,cropped_0020_label_ouHctxiB_0_0_mask.png
cropped_0020_label_ouHctxiB_3840_2880.png,cropped_0020_label_ouHctxiB_3840_2880_mask.png
cropped_0020_label_ouHctxiB_0_480.png,cropped_0020_label_ouHctxiB_0_480_mask.png
cropped_0020_label_ouHctxiB_1920_0.png,cropped_0020_label_ouHctxiB_1920_0_mask.png
cropped_0020_label_ouHctxiB_480_1920.png,cropped_0020_label_ouHctxiB_480_1920_mask.png
cropped_0020_label_ouHctxiB_0_2400.png,cropped_0020_label_ouHctxiB_0_2400_mask.png
cropped_0020_label_ouHctxiB_2880_960.png,cropped_0020_label_ouHctxiB_2880_960_mask.png
cropped_0020_label_ouHctxiB_1440_1920.png,cropped_0020_label_ouHctxiB_1440_1920_mask.png
cropped_0020_label_ouHctxiB_0_1440.png,cropped_0020_label_ouHctxiB_0_1440_mask.png
cropped_0020_label_ouHctxiB_1920_1440.png,cropped_0020_label_ouHctxiB_1920_1440_mask.png
cropped_0020_label_ouHctxiB_1440_960.png,cropped_0020_label_ouHctxiB_1440_960_mask.png
cropped_0020_label_ouHctxiB_2880_480.png,cropped_0020_label_ouHctxiB_2880_480_mask.png
cropped_0020_label_ouHctxiB_0_960.png,cropped_0020_label_ouHctxiB_0_960_mask.png
cropped_0020_label_ouHctxiB_960_960.png,cropped_0020_label_ouHctxiB_960_960_mask.png
cropped_0020_label_ouHctxiB_2400_960.png,cropped_0020_label_ouHctxiB_2400_960_mask.png
cropped_0020_label_ouHctxiB_3360_2880.png,cropped_0020_label_ouHctxiB_3360_2880_mask.png
cropped_0020_label_ouHctxiB_2880_0.png,cropped_0020_label_ouHctxiB_2880_0_mask.png
cropped_0020_label_ouHctxiB_3360_0.png,cropped_0020_label_ouHctxiB_3360_0_mask.png
cropped_0020_label_ouHctxiB_2400_2400.png,cropped_0020_label_ouHctxiB_2400_2400_mask.png
cropped_0020_label_ouHctxiB_1440_480.png,cropped_0020_label_ouHctxiB_1440_480_mask.png
cropped_00000043_1_1440_1440.png,cropped_00000043_1_1440_1440_mask.png
cropped_00000043_1_480_1920.png,cropped_00000043_1_480_1920_mask.png
cropped_00000043_1_0_1440.png,cropped_00000043_1_0_1440_mask.png
cropped_00000043_1_3360_1920.png,cropped_00000043_1_3360_1920_mask.png
cropped_00000043_1_480_960.png,cropped_00000043_1_480_960_mask.png
cropped_00000043_1_1440_0.png,cropped_00000043_1_1440_0_mask.png
cropped_00000031_3_1920_0.png,cropped_00000031_3_1920_0_mask.png
cropped_00000031_3_480_1920.png,cropped_00000031_3_480_1920_mask.png
cropped_00000031_3_480_1440.png,cropped_00000031_3_480_1440_mask.png
cropped_00000031_3_2400_1920.png,cropped_00000031_3_2400_1920_mask.png
cropped_00000031_3_3840_960.png,cropped_00000031_3_3840_960_mask.png
cropped_00000031_3_3360_960.png,cropped_00000031_3_3360_960_mask.png
cropped_00000031_3_960_2880.png,cropped_00000031_3_960_2880_mask.png
cropped_00000031_3_1920_480.png,cropped_00000031_3_1920_480_mask.png
cropped_00000031_3_1440_480.png,cropped_00000031_3_1440_480_mask.png
cropped_00000031_3_960_1920.png,cropped_00000031_3_960_1920_mask.png
cropped_00000031_3_3360_1920.png,cropped_00000031_3_3360_1920_mask.png
cropped_00000031_3_3840_480.png,cropped_00000031_3_3840_480_mask.png
cropped_00000031_3_3360_480.png,cropped_00000031_3_3360_480_mask.png
cropped_00000031_3_2400_0.png,cropped_00000031_3_2400_0_mask.png
cropped_00000031_3_480_2880.png,cropped_00000031_3_480_2880_mask.png
cropped_00000031_3_2400_2400.png,cropped_00000031_3_2400_2400_mask.png
cropped_00000031_3_0_2880.png,cropped_00000031_3_0_2880_mask.png
cropped_00000031_3_3840_2400.png,cropped_00000031_3_3840_2400_mask.png
cropped_0005_label_ckrYP90D_2400_960.png,cropped_0005_label_ckrYP90D_2400_960_mask.png
cropped_0005_label_ckrYP90D_1920_1440.png,cropped_0005_label_ckrYP90D_1920_1440_mask.png
cropped_0005_label_ckrYP90D_480_960.png,cropped_0005_label_ckrYP90D_480_960_mask.png
cropped_0005_label_ckrYP90D_1920_2400.png,cropped_0005_label_ckrYP90D_1920_2400_mask.png
cropped_0005_label_ckrYP90D_480_2880.png,cropped_0005_label_ckrYP90D_480_2880_mask.png
cropped_0005_label_ckrYP90D_3840_2400.png,cropped_0005_label_ckrYP90D_3840_2400_mask.png
cropped_0005_label_ckrYP90D_2880_0.png,cropped_0005_label_ckrYP90D_2880_0_mask.png
cropped_0005_label_ckrYP90D_3360_960.png,cropped_0005_label_ckrYP90D_3360_960_mask.png
cropped_0005_label_ckrYP90D_0_2400.png,cropped_0005_label_ckrYP90D_0_2400_mask.png
cropped_0005_label_ckrYP90D_1920_1920.png,cropped_0005_label_ckrYP90D_1920_1920_mask.png
cropped_0005_label_ckrYP90D_2400_1440.png,cropped_0005_label_ckrYP90D_2400_1440_mask.png
cropped_0005_label_ckrYP90D_960_1440.png,cropped_0005_label_ckrYP90D_960_1440_mask.png
cropped_0005_label_ckrYP90D_3360_1920.png,cropped_0005_label_ckrYP90D_3360_1920_mask.png
cropped_0005_label_ckrYP90D_1440_1440.png,cropped_0005_label_ckrYP90D_1440_1440_mask.png
cropped_0005_label_ckrYP90D_480_480.png,cropped_0005_label_ckrYP90D_480_480_mask.png
cropped_0005_label_ckrYP90D_0_1920.png,cropped_0005_label_ckrYP90D_0_1920_mask.png
cropped_0005_label_ckrYP90D_1440_480.png,cropped_0005_label_ckrYP90D_1440_480_mask.png
cropped_0005_label_ckrYP90D_2880_480.png,cropped_0005_label_ckrYP90D_2880_480_mask.png
cropped_0005_label_ckrYP90D_2400_1920.png,cropped_0005_label_ckrYP90D_2400_1920_mask.png
cropped_0005_label_ckrYP90D_1920_960.png,cropped_0005_label_ckrYP90D_1920_960_mask.png
cropped_0009_label_Y0sRpXgl_2400_960.png,cropped_0009_label_Y0sRpXgl_2400_960_mask.png
cropped_0009_label_Y0sRpXgl_3840_480.png,cropped_0009_label_Y0sRpXgl_3840_480_mask.png
cropped_0009_label_Y0sRpXgl_3360_0.png,cropped_0009_label_Y0sRpXgl_3360_0_mask.png
cropped_0009_label_Y0sRpXgl_3360_1440.png,cropped_0009_label_Y0sRpXgl_3360_1440_mask.png
cropped_0009_label_Y0sRpXgl_2880_960.png,cropped_0009_label_Y0sRpXgl_2880_960_mask.png
cropped_0009_label_Y0sRpXgl_1440_0.png,cropped_0009_label_Y0sRpXgl_1440_0_mask.png
cropped_0009_label_Y0sRpXgl_1920_2400.png,cropped_0009_label_Y0sRpXgl_1920_2400_mask.png
cropped_0009_label_Y0sRpXgl_960_480.png,cropped_0009_label_Y0sRpXgl_960_480_mask.png
cropped_0009_label_Y0sRpXgl_3840_2880.png,cropped_0009_label_Y0sRpXgl_3840_2880_mask.png
cropped_0009_label_Y0sRpXgl_1920_2880.png,cropped_0009_label_Y0sRpXgl_1920_2880_mask.png
cropped_0009_label_Y0sRpXgl_0_960.png,cropped_0009_label_Y0sRpXgl_0_960_mask.png
cropped_0009_label_Y0sRpXgl_2400_2400.png,cropped_0009_label_Y0sRpXgl_2400_2400_mask.png
cropped_0009_label_Y0sRpXgl_2880_2400.png,cropped_0009_label_Y0sRpXgl_2880_2400_mask.png
cropped_0009_label_Y0sRpXgl_2880_480.png,cropped_0009_label_Y0sRpXgl_2880_480_mask.png
cropped_0009_label_Y0sRpXgl_2880_1920.png,cropped_0009_label_Y0sRpXgl_2880_1920_mask.png
cropped_0009_label_Y0sRpXgl_2400_1920.png,cropped_0009_label_Y0sRpXgl_2400_1920_mask.png
cropped_0009_label_Y0sRpXgl_480_2880.png,cropped_0009_label_Y0sRpXgl_480_2880_mask.png
cropped_0009_label_Y0sRpXgl_3360_480.png,cropped_0009_label_Y0sRpXgl_3360_480_mask.png
cropped_0009_label_Y0sRpXgl_3840_0.png,cropped_0009_label_Y0sRpXgl_3840_0_mask.png
cropped_0009_label_Y0sRpXgl_1440_2880.png,cropped_0009_label_Y0sRpXgl_1440_2880_mask.png
cropped_0009_label_Y0sRpXgl_3360_2400.png,cropped_0009_label_Y0sRpXgl_3360_2400_mask.png
cropped_0009_label_Y0sRpXgl_960_2880.png,cropped_0009_label_Y0sRpXgl_960_2880_mask.png
cropped_0009_label_Y0sRpXgl_2400_480.png,cropped_0009_label_Y0sRpXgl_2400_480_mask.png
cropped_0009_label_Y0sRpXgl_0_2400.png,cropped_0009_label_Y0sRpXgl_0_2400_mask.png
cropped_0009_label_Y0sRpXgl_0_0.png,cropped_0009_label_Y0sRpXgl_0_0_mask.png
cropped_0009_label_Y0sRpXgl_2880_0.png,cropped_0009_label_Y0sRpXgl_2880_0_mask.png
cropped_0009_label_Y0sRpXgl_3360_2880.png,cropped_0009_label_Y0sRpXgl_3360_2880_mask.png
cropped_0009_label_Y0sRpXgl_480_480.png,cropped_0009_label_Y0sRpXgl_480_480_mask.png
cropped_0007_label_egaPlFje_1920_960.png,cropped_0007_label_egaPlFje_1920_960_mask.png
cropped_0007_label_egaPlFje_2880_960.png,cropped_0007_label_egaPlFje_2880_960_mask.png
cropped_0007_label_egaPlFje_2880_0.png,cropped_0007_label_egaPlFje_2880_0_mask.png
cropped_0007_label_egaPlFje_1920_0.png,cropped_0007_label_egaPlFje_1920_0_mask.png
cropped_0007_label_egaPlFje_2400_2880.png,cropped_0007_label_egaPlFje_2400_2880_mask.png
cropped_0007_label_egaPlFje_3840_2400.png,cropped_0007_label_egaPlFje_3840_2400_mask.png
cropped_0007_label_egaPlFje_1440_1440.png,cropped_0007_label_egaPlFje_1440_1440_mask.png
cropped_0007_label_egaPlFje_3840_0.png,cropped_0007_label_egaPlFje_3840_0_mask.png
cropped_0007_label_egaPlFje_1440_2400.png,cropped_0007_label_egaPlFje_1440_2400_mask.png
cropped_0007_label_egaPlFje_1440_960.png,cropped_0007_label_egaPlFje_1440_960_mask.png
cropped_0007_label_egaPlFje_1920_2880.png,cropped_0007_label_egaPlFje_1920_2880_mask.png
cropped_0007_label_egaPlFje_0_480.png,cropped_0007_label_egaPlFje_0_480_mask.png
cropped_0007_label_egaPlFje_480_480.png,cropped_0007_label_egaPlFje_480_480_mask.png
cropped_0007_label_egaPlFje_480_0.png,cropped_0007_label_egaPlFje_480_0_mask.png
cropped_0007_label_egaPlFje_480_2880.png,cropped_0007_label_egaPlFje_480_2880_mask.png
cropped_0007_label_egaPlFje_480_1920.png,cropped_0007_label_egaPlFje_480_1920_mask.png
cropped_0007_label_egaPlFje_3840_2880.png,cropped_0007_label_egaPlFje_3840_2880_mask.png
cropped_0007_label_egaPlFje_1440_480.png,cropped_0007_label_egaPlFje_1440_480_mask.png
cropped_0007_label_egaPlFje_0_2880.png,cropped_0007_label_egaPlFje_0_2880_mask.png
cropped_0007_label_egaPlFje_1920_1920.png,cropped_0007_label_egaPlFje_1920_1920_mask.png
cropped_0007_label_egaPlFje_1440_2880.png,cropped_0007_label_egaPlFje_1440_2880_mask.png
cropped_0007_label_egaPlFje_960_2880.png,cropped_0007_label_egaPlFje_960_2880_mask.png
cropped_0007_label_egaPlFje_480_1440.png,cropped_0007_label_egaPlFje_480_1440_mask.png
cropped_00000025_5_3360_1920.png,cropped_00000025_5_3360_1920_mask.png
cropped_00000025_5_2400_1920.png,cropped_00000025_5_2400_1920_mask.png
cropped_00000025_5_480_480.png,cropped_00000025_5_480_480_mask.png
cropped_00000025_5_480_2880.png,cropped_00000025_5_480_2880_mask.png
cropped_00000025_5_1440_2400.png,cropped_00000025_5_1440_2400_mask.png
cropped_00000025_5_0_2400.png,cropped_00000025_5_0_2400_mask.png
cropped_00000025_5_0_2880.png,cropped_00000025_5_0_2880_mask.png
cropped_00000025_5_0_0.png,cropped_00000025_5_0_0_mask.png
cropped_00000025_5_480_2400.png,cropped_00000025_5_480_2400_mask.png
cropped_00000025_5_1920_1440.png,cropped_00000025_5_1920_1440_mask.png
cropped_00000025_5_1920_2880.png,cropped_00000025_5_1920_2880_mask.png
cropped_00000025_5_1920_1920.png,cropped_00000025_5_1920_1920_mask.png
cropped_00000025_5_1920_480.png,cropped_00000025_5_1920_480_mask.png
cropped_00000025_5_0_960.png,cropped_00000025_5_0_960_mask.png
cropped_00000025_5_1920_0.png,cropped_00000025_5_1920_0_mask.png
cropped_0011_label_tALCG3Yy_1920_960.png,cropped_0011_label_tALCG3Yy_1920_960_mask.png
cropped_0011_label_tALCG3Yy_1920_2880.png,cropped_0011_label_tALCG3Yy_1920_2880_mask.png
cropped_0011_label_tALCG3Yy_3840_1440.png,cropped_0011_label_tALCG3Yy_3840_1440_mask.png
cropped_0011_label_tALCG3Yy_1920_480.png,cropped_0011_label_tALCG3Yy_1920_480_mask.png
cropped_0011_label_tALCG3Yy_1440_2400.png,cropped_0011_label_tALCG3Yy_1440_2400_mask.png
cropped_0011_label_tALCG3Yy_960_960.png,cropped_0011_label_tALCG3Yy_960_960_mask.png
cropped_0011_label_tALCG3Yy_1440_2880.png,cropped_0011_label_tALCG3Yy_1440_2880_mask.png
cropped_0011_label_tALCG3Yy_1440_960.png,cropped_0011_label_tALCG3Yy_1440_960_mask.png
cropped_0011_label_tALCG3Yy_0_960.png,cropped_0011_label_tALCG3Yy_0_960_mask.png
cropped_0011_label_tALCG3Yy_2400_480.png,cropped_0011_label_tALCG3Yy_2400_480_mask.png
cropped_0011_label_tALCG3Yy_960_2400.png,cropped_0011_label_tALCG3Yy_960_2400_mask.png
cropped_0011_label_tALCG3Yy_2400_1920.png,cropped_0011_label_tALCG3Yy_2400_1920_mask.png
cropped_0011_label_tALCG3Yy_2880_960.png,cropped_0011_label_tALCG3Yy_2880_960_mask.png
cropped_0011_label_tALCG3Yy_3360_480.png,cropped_0011_label_tALCG3Yy_3360_480_mask.png
cropped_0011_label_tALCG3Yy_2880_2880.png,cropped_0011_label_tALCG3Yy_2880_2880_mask.png
cropped_0011_label_tALCG3Yy_480_480.png,cropped_0011_label_tALCG3Yy_480_480_mask.png
cropped_0011_label_tALCG3Yy_2880_2400.png,cropped_0011_label_tALCG3Yy_2880_2400_mask.png
cropped_0011_label_tALCG3Yy_1920_1440.png,cropped_0011_label_tALCG3Yy_1920_1440_mask.png
cropped_0017_label_BRxm2MyU_2880_2400.png,cropped_0017_label_BRxm2MyU_2880_2400_mask.png
cropped_0017_label_BRxm2MyU_1440_1440.png,cropped_0017_label_BRxm2MyU_1440_1440_mask.png
cropped_0017_label_BRxm2MyU_960_960.png,cropped_0017_label_BRxm2MyU_960_960_mask.png
cropped_0017_label_BRxm2MyU_2880_0.png,cropped_0017_label_BRxm2MyU_2880_0_mask.png
cropped_0017_label_BRxm2MyU_960_2400.png,cropped_0017_label_BRxm2MyU_960_2400_mask.png
cropped_0017_label_BRxm2MyU_960_2880.png,cropped_0017_label_BRxm2MyU_960_2880_mask.png
cropped_0017_label_BRxm2MyU_3840_2400.png,cropped_0017_label_BRxm2MyU_3840_2400_mask.png
cropped_0017_label_BRxm2MyU_0_1440.png,cropped_0017_label_BRxm2MyU_0_1440_mask.png
cropped_0017_label_BRxm2MyU_0_960.png,cropped_0017_label_BRxm2MyU_0_960_mask.png
cropped_0017_label_BRxm2MyU_2880_480.png,cropped_0017_label_BRxm2MyU_2880_480_mask.png
cropped_0017_label_BRxm2MyU_3360_2400.png,cropped_0017_label_BRxm2MyU_3360_2400_mask.png
cropped_0017_label_BRxm2MyU_2400_2880.png,cropped_0017_label_BRxm2MyU_2400_2880_mask.png
cropped_0017_label_BRxm2MyU_0_2880.png,cropped_0017_label_BRxm2MyU_0_2880_mask.png
cropped_0017_label_BRxm2MyU_2400_2400.png,cropped_0017_label_BRxm2MyU_2400_2400_mask.png
cropped_0017_label_BRxm2MyU_3840_1920.png,cropped_0017_label_BRxm2MyU_3840_1920_mask.png
cropped_0017_label_BRxm2MyU_1920_2880.png,cropped_0017_label_BRxm2MyU_1920_2880_mask.png
cropped_0017_label_BRxm2MyU_3840_0.png,cropped_0017_label_BRxm2MyU_3840_0_mask.png
cropped_0017_label_BRxm2MyU_3360_0.png,cropped_0017_label_BRxm2MyU_3360_0_mask.png
cropped_0017_label_BRxm2MyU_0_2400.png,cropped_0017_label_BRxm2MyU_0_2400_mask.png
cropped_0004_label_h2qBCL3Q_2880_480.png,cropped_0004_label_h2qBCL3Q_2880_480_mask.png
cropped_0004_label_h2qBCL3Q_2400_0.png,cropped_0004_label_h2qBCL3Q_2400_0_mask.png
cropped_0004_label_h2qBCL3Q_2400_1440.png,cropped_0004_label_h2qBCL3Q_2400_1440_mask.png
cropped_0004_label_h2qBCL3Q_1920_0.png,cropped_0004_label_h2qBCL3Q_1920_0_mask.png
cropped_0004_label_h2qBCL3Q_2400_480.png,cropped_0004_label_h2qBCL3Q_2400_480_mask.png
cropped_0004_label_h2qBCL3Q_0_480.png,cropped_0004_label_h2qBCL3Q_0_480_mask.png
cropped_0004_label_h2qBCL3Q_2880_1920.png,cropped_0004_label_h2qBCL3Q_2880_1920_mask.png
cropped_0004_label_h2qBCL3Q_1440_1440.png,cropped_0004_label_h2qBCL3Q_1440_1440_mask.png
cropped_0004_label_h2qBCL3Q_960_480.png,cropped_0004_label_h2qBCL3Q_960_480_mask.png
cropped_0004_label_h2qBCL3Q_1440_2880.png,cropped_0004_label_h2qBCL3Q_1440_2880_mask.png
cropped_0004_label_h2qBCL3Q_960_1920.png,cropped_0004_label_h2qBCL3Q_960_1920_mask.png
cropped_0004_label_h2qBCL3Q_960_1440.png,cropped_0004_label_h2qBCL3Q_960_1440_mask.png
cropped_0004_label_h2qBCL3Q_960_960.png,cropped_0004_label_h2qBCL3Q_960_960_mask.png
cropped_0004_label_h2qBCL3Q_1920_2400.png,cropped_0004_label_h2qBCL3Q_1920_2400_mask.png
cropped_0004_label_h2qBCL3Q_1920_1440.png,cropped_0004_label_h2qBCL3Q_1920_1440_mask.png
cropped_0004_label_h2qBCL3Q_0_2400.png,cropped_0004_label_h2qBCL3Q_0_2400_mask.png
cropped_0008_label_tALCG3Yy_1440_1440.png,cropped_0008_label_tALCG3Yy_1440_1440_mask.png
cropped_0008_label_tALCG3Yy_2400_960.png,cropped_0008_label_tALCG3Yy_2400_960_mask.png
cropped_0008_label_tALCG3Yy_480_480.png,cropped_0008_label_tALCG3Yy_480_480_mask.png
cropped_0008_label_tALCG3Yy_480_0.png,cropped_0008_label_tALCG3Yy_480_0_mask.png
cropped_0008_label_tALCG3Yy_3840_960.png,cropped_0008_label_tALCG3Yy_3840_960_mask.png
cropped_0008_label_tALCG3Yy_2880_2880.png,cropped_0008_label_tALCG3Yy_2880_2880_mask.png
cropped_0008_label_tALCG3Yy_1920_1440.png,cropped_0008_label_tALCG3Yy_1920_1440_mask.png
cropped_0008_label_tALCG3Yy_480_2880.png,cropped_0008_label_tALCG3Yy_480_2880_mask.png
cropped_0008_label_tALCG3Yy_2400_480.png,cropped_0008_label_tALCG3Yy_2400_480_mask.png
cropped_0008_label_tALCG3Yy_1920_960.png,cropped_0008_label_tALCG3Yy_1920_960_mask.png
cropped_0008_label_tALCG3Yy_3840_480.png,cropped_0008_label_tALCG3Yy_3840_480_mask.png
cropped_0008_label_tALCG3Yy_1440_2400.png,cropped_0008_label_tALCG3Yy_1440_2400_mask.png
cropped_0008_label_tALCG3Yy_3360_480.png,cropped_0008_label_tALCG3Yy_3360_480_mask.png
cropped_0003_label_ckrYP90D_2400_960.png,cropped_0003_label_ckrYP90D_2400_960_mask.png
cropped_0003_label_ckrYP90D_960_2400.png,cropped_0003_label_ckrYP90D_960_2400_mask.png
cropped_0003_label_ckrYP90D_1440_960.png,cropped_0003_label_ckrYP90D_1440_960_mask.png
cropped_0003_label_ckrYP90D_2400_480.png,cropped_0003_label_ckrYP90D_2400_480_mask.png
cropped_0003_label_ckrYP90D_3840_1920.png,cropped_0003_label_ckrYP90D_3840_1920_mask.png
cropped_0003_label_ckrYP90D_3360_960.png,cropped_0003_label_ckrYP90D_3360_960_mask.png
cropped_0003_label_ckrYP90D_3840_480.png,cropped_0003_label_ckrYP90D_3840_480_mask.png
cropped_0003_label_ckrYP90D_3360_1920.png,cropped_0003_label_ckrYP90D_3360_1920_mask.png
cropped_0003_label_ckrYP90D_1440_2400.png,cropped_0003_label_ckrYP90D_1440_2400_mask.png
cropped_0003_label_ckrYP90D_1920_2880.png,cropped_0003_label_ckrYP90D_1920_2880_mask.png
cropped_0003_label_ckrYP90D_2880_480.png,cropped_0003_label_ckrYP90D_2880_480_mask.png
cropped_0003_label_ckrYP90D_0_1920.png,cropped_0003_label_ckrYP90D_0_1920_mask.png
cropped_0003_label_ckrYP90D_3840_960.png,cropped_0003_label_ckrYP90D_3840_960_mask.png
cropped_0003_label_ckrYP90D_2400_0.png,cropped_0003_label_ckrYP90D_2400_0_mask.png
cropped_0003_label_ckrYP90D_960_1440.png,cropped_0003_label_ckrYP90D_960_1440_mask.png
cropped_00000047_1_2400_2880.png,cropped_00000047_1_2400_2880_mask.png
cropped_00000047_1_3360_1920.png,cropped_00000047_1_3360_1920_mask.png
cropped_00000047_1_1440_0.png,cropped_00000047_1_1440_0_mask.png
cropped_00000047_1_2400_0.png,cropped_00000047_1_2400_0_mask.png
cropped_00000047_1_3840_0.png,cropped_00000047_1_3840_0_mask.png
cropped_00000047_1_3840_2880.png,cropped_00000047_1_3840_2880_mask.png
cropped_00000047_1_960_1440.png,cropped_00000047_1_960_1440_mask.png
cropped_00000047_1_0_480.png,cropped_00000047_1_0_480_mask.png
cropped_00000047_1_2400_2400.png,cropped_00000047_1_2400_2400_mask.png
cropped_00000047_1_960_2400.png,cropped_00000047_1_960_2400_mask.png
cropped_00000047_1_2880_960.png,cropped_00000047_1_2880_960_mask.png
cropped_00000047_1_3840_1440.png,cropped_00000047_1_3840_1440_mask.png
cropped_00000047_1_480_2880.png,cropped_00000047_1_480_2880_mask.png
cropped_00000047_1_0_2880.png,cropped_00000047_1_0_2880_mask.png
cropped_00000047_1_0_960.png,cropped_00000047_1_0_960_mask.png
cropped_00000047_1_1920_2400.png,cropped_00000047_1_1920_2400_mask.png
cropped_00000047_1_1920_1920.png,cropped_00000047_1_1920_1920_mask.png
cropped_00000047_1_1440_1440.png,cropped_00000047_1_1440_1440_mask.png
cropped_00000047_1_3360_960.png,cropped_00000047_1_3360_960_mask.png
cropped_00000047_1_2880_2400.png,cropped_00000047_1_2880_2400_mask.png
cropped_00000047_1_2400_1920.png,cropped_00000047_1_2400_1920_mask.png
cropped_00000047_1_960_0.png,cropped_00000047_1_960_0_mask.png
cropped_00000047_1_2880_0.png,cropped_00000047_1_2880_0_mask.png
cropped_00000047_1_1920_1440.png,cropped_00000047_1_1920_1440_mask.png
cropped_00000047_1_3360_0.png,cropped_00000047_1_3360_0_mask.png
cropped_00000017_1920_960.png,cropped_00000017_1920_960_mask.png
cropped_00000017_1920_2880.png,cropped_00000017_1920_2880_mask.png
cropped_00000017_960_960.png,cropped_00000017_960_960_mask.png
cropped_00000017_3840_1440.png,cropped_00000017_3840_1440_mask.png
cropped_00000017_3840_2400.png,cropped_00000017_3840_2400_mask.png
cropped_00000017_960_2400.png,cropped_00000017_960_2400_mask.png
cropped_00000017_1440_960.png,cropped_00000017_1440_960_mask.png
cropped_00000017_0_2880.png,cropped_00000017_0_2880_mask.png
cropped_00000017_3840_1920.png,cropped_00000017_3840_1920_mask.png
cropped_00000017_480_2400.png,cropped_00000017_480_2400_mask.png
cropped_00000017_0_1440.png,cropped_00000017_0_1440_mask.png
cropped_00000017_3840_0.png,cropped_00000017_3840_0_mask.png
cropped_00000017_1440_480.png,cropped_00000017_1440_480_mask.png
cropped_00000017_1440_0.png,cropped_00000017_1440_0_mask.png
cropped_00000017_960_1920.png,cropped_00000017_960_1920_mask.png
cropped_0005_label_zsq5uyoY_1440_1440.png,cropped_0005_label_zsq5uyoY_1440_1440_mask.png
cropped_0005_label_zsq5uyoY_1920_2400.png,cropped_0005_label_zsq5uyoY_1920_2400_mask.png
cropped_0005_label_zsq5uyoY_3840_960.png,cropped_0005_label_zsq5uyoY_3840_960_mask.png
cropped_0005_label_zsq5uyoY_960_2880.png,cropped_0005_label_zsq5uyoY_960_2880_mask.png
cropped_0005_label_zsq5uyoY_1920_1440.png,cropped_0005_label_zsq5uyoY_1920_1440_mask.png
cropped_0005_label_zsq5uyoY_3360_2880.png,cropped_0005_label_zsq5uyoY_3360_2880_mask.png
cropped_0005_label_zsq5uyoY_0_1440.png,cropped_0005_label_zsq5uyoY_0_1440_mask.png
cropped_0005_label_zsq5uyoY_1920_960.png,cropped_0005_label_zsq5uyoY_1920_960_mask.png
cropped_0005_label_zsq5uyoY_3360_2400.png,cropped_0005_label_zsq5uyoY_3360_2400_mask.png
cropped_0005_label_zsq5uyoY_3360_480.png,cropped_0005_label_zsq5uyoY_3360_480_mask.png
cropped_0005_label_zsq5uyoY_3840_2880.png,cropped_0005_label_zsq5uyoY_3840_2880_mask.png
cropped_0005_label_zsq5uyoY_480_480.png,cropped_0005_label_zsq5uyoY_480_480_mask.png
cropped_0005_label_zsq5uyoY_2400_1440.png,cropped_0005_label_zsq5uyoY_2400_1440_mask.png
cropped_0005_label_zsq5uyoY_2880_960.png,cropped_0005_label_zsq5uyoY_2880_960_mask.png
cropped_0005_label_zsq5uyoY_3840_480.png,cropped_0005_label_zsq5uyoY_3840_480_mask.png
cropped_0005_label_zsq5uyoY_960_1440.png,cropped_0005_label_zsq5uyoY_960_1440_mask.png
cropped_0005_label_zsq5uyoY_2880_2880.png,cropped_0005_label_zsq5uyoY_2880_2880_mask.png
cropped_0005_label_zsq5uyoY_480_0.png,cropped_0005_label_zsq5uyoY_480_0_mask.png
cropped_0005_label_zsq5uyoY_480_2400.png,cropped_0005_label_zsq5uyoY_480_2400_mask.png
cropped_0005_label_zsq5uyoY_1920_1920.png,cropped_0005_label_zsq5uyoY_1920_1920_mask.png
cropped_0005_label_zsq5uyoY_1920_0.png,cropped_0005_label_zsq5uyoY_1920_0_mask.png
cropped_0005_label_zsq5uyoY_480_2880.png,cropped_0005_label_zsq5uyoY_480_2880_mask.png
cropped_0005_label_zsq5uyoY_1440_0.png,cropped_0005_label_zsq5uyoY_1440_0_mask.png
cropped_0005_label_zsq5uyoY_1920_2880.png,cropped_0005_label_zsq5uyoY_1920_2880_mask.png
cropped_0005_label_zsq5uyoY_960_0.png,cropped_0005_label_zsq5uyoY_960_0_mask.png
cropped_0002_label_l26civYo_2880_480.png,cropped_0002_label_l26civYo_2880_480_mask.png
cropped_0002_label_l26civYo_2400_0.png,cropped_0002_label_l26civYo_2400_0_mask.png
cropped_0002_label_l26civYo_960_1440.png,cropped_0002_label_l26civYo_960_1440_mask.png
cropped_0002_label_l26civYo_3360_960.png,cropped_0002_label_l26civYo_3360_960_mask.png
cropped_0002_label_l26civYo_3840_1920.png,cropped_0002_label_l26civYo_3840_1920_mask.png
cropped_0002_label_l26civYo_1920_2880.png,cropped_0002_label_l26civYo_1920_2880_mask.png
cropped_0002_label_l26civYo_1440_0.png,cropped_0002_label_l26civYo_1440_0_mask.png
cropped_0002_label_l26civYo_1440_480.png,cropped_0002_label_l26civYo_1440_480_mask.png
cropped_0002_label_l26civYo_3840_2880.png,cropped_0002_label_l26civYo_3840_2880_mask.png
cropped_0002_label_l26civYo_3360_1440.png,cropped_0002_label_l26civYo_3360_1440_mask.png
cropped_0002_label_l26civYo_0_480.png,cropped_0002_label_l26civYo_0_480_mask.png
cropped_0002_label_l26civYo_2880_1920.png,cropped_0002_label_l26civYo_2880_1920_mask.png
cropped_0002_label_l26civYo_960_1920.png,cropped_0002_label_l26civYo_960_1920_mask.png
cropped_0002_label_l26civYo_960_0.png,cropped_0002_label_l26civYo_960_0_mask.png
cropped_0002_label_l26civYo_3360_0.png,cropped_0002_label_l26civYo_3360_0_mask.png
cropped_0002_label_l26civYo_2400_480.png,cropped_0002_label_l26civYo_2400_480_mask.png
cropped_0002_label_l26civYo_3360_2400.png,cropped_0002_label_l26civYo_3360_2400_mask.png
cropped_0002_label_l26civYo_2400_960.png,cropped_0002_label_l26civYo_2400_960_mask.png
cropped_0002_label_l26civYo_480_2400.png,cropped_0002_label_l26civYo_480_2400_mask.png
cropped_0002_label_l26civYo_3840_960.png,cropped_0002_label_l26civYo_3840_960_mask.png
cropped_0002_label_l26civYo_960_2400.png,cropped_0002_label_l26civYo_960_2400_mask.png
cropped_0002_label_l26civYo_2400_1440.png,cropped_0002_label_l26civYo_2400_1440_mask.png
cropped_0002_label_l26civYo_1920_960.png,cropped_0002_label_l26civYo_1920_960_mask.png
cropped_0002_label_l26civYo_3840_1440.png,cropped_0002_label_l26civYo_3840_1440_mask.png
cropped_0002_label_l26civYo_2400_1920.png,cropped_0002_label_l26civYo_2400_1920_mask.png
cropped_0009_label_WgYVYe3Q_1440_960.png,cropped_0009_label_WgYVYe3Q_1440_960_mask.png
cropped_0009_label_WgYVYe3Q_1440_0.png,cropped_0009_label_WgYVYe3Q_1440_0_mask.png
cropped_0009_label_WgYVYe3Q_3360_1440.png,cropped_0009_label_WgYVYe3Q_3360_1440_mask.png
cropped_0009_label_WgYVYe3Q_2880_2400.png,cropped_0009_label_WgYVYe3Q_2880_2400_mask.png
cropped_0009_label_WgYVYe3Q_2400_960.png,cropped_0009_label_WgYVYe3Q_2400_960_mask.png
cropped_0009_label_WgYVYe3Q_2400_480.png,cropped_0009_label_WgYVYe3Q_2400_480_mask.png
cropped_0009_label_WgYVYe3Q_1440_1920.png,cropped_0009_label_WgYVYe3Q_1440_1920_mask.png
cropped_0009_label_WgYVYe3Q_2400_2400.png,cropped_0009_label_WgYVYe3Q_2400_2400_mask.png
cropped_0009_label_WgYVYe3Q_960_1440.png,cropped_0009_label_WgYVYe3Q_960_1440_mask.png
cropped_0009_label_WgYVYe3Q_3840_960.png,cropped_0009_label_WgYVYe3Q_3840_960_mask.png
cropped_0009_label_WgYVYe3Q_1440_2880.png,cropped_0009_label_WgYVYe3Q_1440_2880_mask.png
cropped_0009_label_WgYVYe3Q_960_2880.png,cropped_0009_label_WgYVYe3Q_960_2880_mask.png
cropped_0009_label_WgYVYe3Q_1920_1920.png,cropped_0009_label_WgYVYe3Q_1920_1920_mask.png
cropped_0009_label_WgYVYe3Q_1440_1440.png,cropped_0009_label_WgYVYe3Q_1440_1440_mask.png
cropped_0009_label_WgYVYe3Q_3360_2400.png,cropped_0009_label_WgYVYe3Q_3360_2400_mask.png
cropped_0009_label_WgYVYe3Q_0_1920.png,cropped_0009_label_WgYVYe3Q_0_1920_mask.png
cropped_0009_label_WgYVYe3Q_480_1920.png,cropped_0009_label_WgYVYe3Q_480_1920_mask.png
cropped_0009_label_WgYVYe3Q_2880_1440.png,cropped_0009_label_WgYVYe3Q_2880_1440_mask.png
cropped_0009_label_WgYVYe3Q_3840_0.png,cropped_0009_label_WgYVYe3Q_3840_0_mask.png
cropped_0009_label_WgYVYe3Q_1920_2400.png,cropped_0009_label_WgYVYe3Q_1920_2400_mask.png
cropped_0009_label_WgYVYe3Q_1920_1440.png,cropped_0009_label_WgYVYe3Q_1920_1440_mask.png
cropped_00000037_3_3360_1920.png,cropped_00000037_3_3360_1920_mask.png
cropped_00000037_3_1920_2400.png,cropped_00000037_3_1920_2400_mask.png
cropped_00000037_3_1440_960.png,cropped_00000037_3_1440_960_mask.png
cropped_00000037_3_2400_480.png,cropped_00000037_3_2400_480_mask.png
cropped_00000037_3_2400_1440.png,cropped_00000037_3_2400_1440_mask.png
cropped_00000037_3_1440_2880.png,cropped_00000037_3_1440_2880_mask.png
cropped_00000037_3_3840_1440.png,cropped_00000037_3_3840_1440_mask.png
cropped_00000037_3_2880_0.png,cropped_00000037_3_2880_0_mask.png
cropped_00000037_3_3360_480.png,cropped_00000037_3_3360_480_mask.png
cropped_00000037_3_3360_2400.png,cropped_00000037_3_3360_2400_mask.png
cropped_00000037_3_2880_1920.png,cropped_00000037_3_2880_1920_mask.png
cropped_00000037_3_480_960.png,cropped_00000037_3_480_960_mask.png
cropped_00000037_3_0_960.png,cropped_00000037_3_0_960_mask.png
cropped_00000037_3_480_0.png,cropped_00000037_3_480_0_mask.png
cropped_00000037_3_960_480.png,cropped_00000037_3_960_480_mask.png
cropped_00000037_3_0_1440.png,cropped_00000037_3_0_1440_mask.png
cropped_00000037_3_2400_1920.png,cropped_00000037_3_2400_1920_mask.png
cropped_00000037_3_480_1920.png,cropped_00000037_3_480_1920_mask.png
cropped_00000037_3_2880_2880.png,cropped_00000037_3_2880_2880_mask.png
cropped_00000037_3_2400_960.png,cropped_00000037_3_2400_960_mask.png
cropped_00000037_3_480_480.png,cropped_00000037_3_480_480_mask.png
cropped_0011_label_lY40XnMe_0_1440.png,cropped_0011_label_lY40XnMe_0_1440_mask.png
cropped_0011_label_lY40XnMe_2880_2880.png,cropped_0011_label_lY40XnMe_2880_2880_mask.png
cropped_0011_label_lY40XnMe_2880_960.png,cropped_0011_label_lY40XnMe_2880_960_mask.png
cropped_0011_label_lY40XnMe_3840_480.png,cropped_0011_label_lY40XnMe_3840_480_mask.png
cropped_0011_label_lY40XnMe_1920_960.png,cropped_0011_label_lY40XnMe_1920_960_mask.png
cropped_0011_label_lY40XnMe_1440_960.png,cropped_0011_label_lY40XnMe_1440_960_mask.png
cropped_0011_label_lY40XnMe_3840_1920.png,cropped_0011_label_lY40XnMe_3840_1920_mask.png
cropped_0011_label_lY40XnMe_0_0.png,cropped_0011_label_lY40XnMe_0_0_mask.png
cropped_0011_label_lY40XnMe_480_2880.png,cropped_0011_label_lY40XnMe_480_2880_mask.png
cropped_0011_label_lY40XnMe_1920_2880.png,cropped_0011_label_lY40XnMe_1920_2880_mask.png
cropped_0011_label_lY40XnMe_2400_2400.png,cropped_0011_label_lY40XnMe_2400_2400_mask.png
cropped_0011_label_lY40XnMe_2400_960.png,cropped_0011_label_lY40XnMe_2400_960_mask.png
cropped_0011_label_lY40XnMe_480_2400.png,cropped_0011_label_lY40XnMe_480_2400_mask.png
cropped_0011_label_lY40XnMe_1920_480.png,cropped_0011_label_lY40XnMe_1920_480_mask.png
cropped_0011_label_lY40XnMe_2880_2400.png,cropped_0011_label_lY40XnMe_2880_2400_mask.png
cropped_0011_label_lY40XnMe_2880_1920.png,cropped_0011_label_lY40XnMe_2880_1920_mask.png
cropped_0011_label_lY40XnMe_2400_1920.png,cropped_0011_label_lY40XnMe_2400_1920_mask.png
cropped_0016_label_0xjUoY7D_2880_2880.png,cropped_0016_label_0xjUoY7D_2880_2880_mask.png
cropped_0016_label_0xjUoY7D_1440_0.png,cropped_0016_label_0xjUoY7D_1440_0_mask.png
cropped_0016_label_0xjUoY7D_2400_2880.png,cropped_0016_label_0xjUoY7D_2400_2880_mask.png
cropped_0016_label_0xjUoY7D_3840_1920.png,cropped_0016_label_0xjUoY7D_3840_1920_mask.png
cropped_0016_label_0xjUoY7D_2880_960.png,cropped_0016_label_0xjUoY7D_2880_960_mask.png
cropped_0016_label_0xjUoY7D_0_960.png,cropped_0016_label_0xjUoY7D_0_960_mask.png
cropped_0016_label_0xjUoY7D_960_480.png,cropped_0016_label_0xjUoY7D_960_480_mask.png
cropped_0016_label_0xjUoY7D_3360_480.png,cropped_0016_label_0xjUoY7D_3360_480_mask.png
cropped_0016_label_0xjUoY7D_3840_0.png,cropped_0016_label_0xjUoY7D_3840_0_mask.png
cropped_0016_label_0xjUoY7D_480_2400.png,cropped_0016_label_0xjUoY7D_480_2400_mask.png
cropped_0016_label_0xjUoY7D_960_0.png,cropped_0016_label_0xjUoY7D_960_0_mask.png
cropped_0016_label_0xjUoY7D_3360_2400.png,cropped_0016_label_0xjUoY7D_3360_2400_mask.png
cropped_0016_label_0xjUoY7D_480_0.png,cropped_0016_label_0xjUoY7D_480_0_mask.png
cropped_0016_label_0xjUoY7D_1920_2400.png,cropped_0016_label_0xjUoY7D_1920_2400_mask.png
cropped_0016_label_0xjUoY7D_0_480.png,cropped_0016_label_0xjUoY7D_0_480_mask.png
cropped_0016_label_0xjUoY7D_2400_2400.png,cropped_0016_label_0xjUoY7D_2400_2400_mask.png
cropped_0016_label_0xjUoY7D_2880_1920.png,cropped_0016_label_0xjUoY7D_2880_1920_mask.png
cropped_0016_label_0xjUoY7D_960_2400.png,cropped_0016_label_0xjUoY7D_960_2400_mask.png
cropped_0016_label_0xjUoY7D_3840_1440.png,cropped_0016_label_0xjUoY7D_3840_1440_mask.png
cropped_0016_label_0xjUoY7D_3360_0.png,cropped_0016_label_0xjUoY7D_3360_0_mask.png
cropped_0016_label_0xjUoY7D_1440_2400.png,cropped_0016_label_0xjUoY7D_1440_2400_mask.png
cropped_0011_label_l26civYo_2400_1440.png,cropped_0011_label_l26civYo_2400_1440_mask.png
cropped_0011_label_l26civYo_2880_1920.png,cropped_0011_label_l26civYo_2880_1920_mask.png
cropped_0011_label_l26civYo_960_1440.png,cropped_0011_label_l26civYo_960_1440_mask.png
cropped_0011_label_l26civYo_0_0.png,cropped_0011_label_l26civYo_0_0_mask.png
cropped_0011_label_l26civYo_1440_1440.png,cropped_0011_label_l26civYo_1440_1440_mask.png
cropped_0011_label_l26civYo_0_480.png,cropped_0011_label_l26civYo_0_480_mask.png
cropped_0011_label_l26civYo_1440_960.png,cropped_0011_label_l26civYo_1440_960_mask.png
cropped_0011_label_l26civYo_2880_2400.png,cropped_0011_label_l26civYo_2880_2400_mask.png
cropped_0011_label_l26civYo_3360_1440.png,cropped_0011_label_l26civYo_3360_1440_mask.png
cropped_0011_label_l26civYo_480_2880.png,cropped_0011_label_l26civYo_480_2880_mask.png
cropped_0011_label_l26civYo_960_2880.png,cropped_0011_label_l26civYo_960_2880_mask.png
cropped_0011_label_l26civYo_960_960.png,cropped_0011_label_l26civYo_960_960_mask.png
cropped_0011_label_l26civYo_3840_1440.png,cropped_0011_label_l26civYo_3840_1440_mask.png
cropped_0011_label_l26civYo_1440_480.png,cropped_0011_label_l26civYo_1440_480_mask.png
cropped_0011_label_l26civYo_0_2880.png,cropped_0011_label_l26civYo_0_2880_mask.png
cropped_0011_label_l26civYo_480_1440.png,cropped_0011_label_l26civYo_480_1440_mask.png
cropped_0011_label_l26civYo_3840_0.png,cropped_0011_label_l26civYo_3840_0_mask.png
cropped_0014_label_QbCmZ2ce_1920_2400.png,cropped_0014_label_QbCmZ2ce_1920_2400_mask.png
cropped_0014_label_QbCmZ2ce_1920_0.png,cropped_0014_label_QbCmZ2ce_1920_0_mask.png
cropped_0014_label_QbCmZ2ce_0_0.png,cropped_0014_label_QbCmZ2ce_0_0_mask.png
cropped_0014_label_QbCmZ2ce_3840_960.png,cropped_0014_label_QbCmZ2ce_3840_960_mask.png
cropped_0014_label_QbCmZ2ce_2400_0.png,cropped_0014_label_QbCmZ2ce_2400_0_mask.png
cropped_0014_label_QbCmZ2ce_1440_480.png,cropped_0014_label_QbCmZ2ce_1440_480_mask.png
cropped_0014_label_QbCmZ2ce_3360_0.png,cropped_0014_label_QbCmZ2ce_3360_0_mask.png
cropped_0014_label_QbCmZ2ce_0_2400.png,cropped_0014_label_QbCmZ2ce_0_2400_mask.png
cropped_0014_label_QbCmZ2ce_2880_1920.png,cropped_0014_label_QbCmZ2ce_2880_1920_mask.png
cropped_0014_label_QbCmZ2ce_2400_2880.png,cropped_0014_label_QbCmZ2ce_2400_2880_mask.png
cropped_0014_label_QbCmZ2ce_960_0.png,cropped_0014_label_QbCmZ2ce_960_0_mask.png
cropped_0014_label_QbCmZ2ce_0_1920.png,cropped_0014_label_QbCmZ2ce_0_1920_mask.png
cropped_0014_label_QbCmZ2ce_1440_960.png,cropped_0014_label_QbCmZ2ce_1440_960_mask.png
cropped_0014_label_QbCmZ2ce_3360_2880.png,cropped_0014_label_QbCmZ2ce_3360_2880_mask.png
cropped_0014_label_QbCmZ2ce_2400_480.png,cropped_0014_label_QbCmZ2ce_2400_480_mask.png
cropped_0014_label_QbCmZ2ce_480_2880.png,cropped_0014_label_QbCmZ2ce_480_2880_mask.png
cropped_0014_label_QbCmZ2ce_1920_1440.png,cropped_0014_label_QbCmZ2ce_1920_1440_mask.png
cropped_0014_label_QbCmZ2ce_480_1920.png,cropped_0014_label_QbCmZ2ce_480_1920_mask.png
cropped_0014_label_QbCmZ2ce_1920_480.png,cropped_0014_label_QbCmZ2ce_1920_480_mask.png
cropped_0014_label_QbCmZ2ce_3360_960.png,cropped_0014_label_QbCmZ2ce_3360_960_mask.png
cropped_0014_label_QbCmZ2ce_1440_0.png,cropped_0014_label_QbCmZ2ce_1440_0_mask.png
cropped_0014_label_QbCmZ2ce_2880_960.png,cropped_0014_label_QbCmZ2ce_2880_960_mask.png
cropped_0014_label_QbCmZ2ce_960_480.png,cropped_0014_label_QbCmZ2ce_960_480_mask.png
cropped_0016_label_nKTYvVYf_2880_1440.png,cropped_0016_label_nKTYvVYf_2880_1440_mask.png
cropped_0016_label_nKTYvVYf_480_0.png,cropped_0016_label_nKTYvVYf_480_0_mask.png
cropped_0016_label_nKTYvVYf_1440_480.png,cropped_0016_label_nKTYvVYf_1440_480_mask.png
cropped_0016_label_nKTYvVYf_480_2880.png,cropped_0016_label_nKTYvVYf_480_2880_mask.png
cropped_0016_label_nKTYvVYf_1440_960.png,cropped_0016_label_nKTYvVYf_1440_960_mask.png
cropped_0016_label_nKTYvVYf_0_2880.png,cropped_0016_label_nKTYvVYf_0_2880_mask.png
cropped_0016_label_nKTYvVYf_2400_960.png,cropped_0016_label_nKTYvVYf_2400_960_mask.png
cropped_0016_label_nKTYvVYf_2400_480.png,cropped_0016_label_nKTYvVYf_2400_480_mask.png
cropped_0016_label_nKTYvVYf_3840_480.png,cropped_0016_label_nKTYvVYf_3840_480_mask.png
cropped_0016_label_nKTYvVYf_3360_1440.png,cropped_0016_label_nKTYvVYf_3360_1440_mask.png
cropped_0016_label_nKTYvVYf_1920_480.png,cropped_0016_label_nKTYvVYf_1920_480_mask.png
cropped_0016_label_nKTYvVYf_1920_1920.png,cropped_0016_label_nKTYvVYf_1920_1920_mask.png
cropped_0016_label_nKTYvVYf_2400_1440.png,cropped_0016_label_nKTYvVYf_2400_1440_mask.png
cropped_0016_label_nKTYvVYf_3840_2400.png,cropped_0016_label_nKTYvVYf_3840_2400_mask.png
cropped_0016_label_nKTYvVYf_480_1440.png,cropped_0016_label_nKTYvVYf_480_1440_mask.png
cropped_0016_label_nKTYvVYf_1920_0.png,cropped_0016_label_nKTYvVYf_1920_0_mask.png
cropped_0016_label_nKTYvVYf_1440_1920.png,cropped_0016_label_nKTYvVYf_1440_1920_mask.png
cropped_0016_label_nKTYvVYf_1920_1440.png,cropped_0016_label_nKTYvVYf_1920_1440_mask.png
cropped_0016_label_nKTYvVYf_2880_960.png,cropped_0016_label_nKTYvVYf_2880_960_mask.png
cropped_0016_label_nKTYvVYf_0_1440.png,cropped_0016_label_nKTYvVYf_0_1440_mask.png
cropped_0016_label_nKTYvVYf_960_960.png,cropped_0016_label_nKTYvVYf_960_960_mask.png
cropped_0016_label_nKTYvVYf_2880_2400.png,cropped_0016_label_nKTYvVYf_2880_2400_mask.png
cropped_0016_label_nKTYvVYf_3360_960.png,cropped_0016_label_nKTYvVYf_3360_960_mask.png
cropped_00000004_4_0_480.png,cropped_00000004_4_0_480_mask.png
cropped_00000004_4_1440_2400.png,cropped_00000004_4_1440_2400_mask.png
cropped_00000004_4_480_0.png,cropped_00000004_4_480_0_mask.png
cropped_00000004_4_2400_2400.png,cropped_00000004_4_2400_2400_mask.png
cropped_00000004_4_480_1920.png,cropped_00000004_4_480_1920_mask.png
cropped_00000004_4_2880_0.png,cropped_00000004_4_2880_0_mask.png
cropped_00000004_4_1920_0.png,cropped_00000004_4_1920_0_mask.png
cropped_00000004_4_480_1440.png,cropped_00000004_4_480_1440_mask.png
cropped_00000004_4_2880_2880.png,cropped_00000004_4_2880_2880_mask.png
cropped_00000004_4_0_0.png,cropped_00000004_4_0_0_mask.png
cropped_00000004_4_960_2880.png,cropped_00000004_4_960_2880_mask.png
cropped_00000004_4_1440_960.png,cropped_00000004_4_1440_960_mask.png
cropped_00000004_4_1440_2880.png,cropped_00000004_4_1440_2880_mask.png
cropped_00000004_4_1440_1920.png,cropped_00000004_4_1440_1920_mask.png
cropped_00000004_4_3840_2880.png,cropped_00000004_4_3840_2880_mask.png
cropped_00000004_4_3840_480.png,cropped_00000004_4_3840_480_mask.png
cropped_00000004_4_2400_1440.png,cropped_00000004_4_2400_1440_mask.png
cropped_0011_label_FCjmsocM_2400_0.png,cropped_0011_label_FCjmsocM_2400_0_mask.png
cropped_0011_label_FCjmsocM_2880_480.png,cropped_0011_label_FCjmsocM_2880_480_mask.png
cropped_0011_label_FCjmsocM_3840_2880.png,cropped_0011_label_FCjmsocM_3840_2880_mask.png
cropped_0011_label_FCjmsocM_3360_480.png,cropped_0011_label_FCjmsocM_3360_480_mask.png
cropped_0011_label_FCjmsocM_3840_2400.png,cropped_0011_label_FCjmsocM_3840_2400_mask.png
cropped_0011_label_FCjmsocM_1920_1440.png,cropped_0011_label_FCjmsocM_1920_1440_mask.png
cropped_0011_label_FCjmsocM_480_0.png,cropped_0011_label_FCjmsocM_480_0_mask.png
cropped_0011_label_FCjmsocM_2400_960.png,cropped_0011_label_FCjmsocM_2400_960_mask.png
cropped_0011_label_FCjmsocM_480_2400.png,cropped_0011_label_FCjmsocM_480_2400_mask.png
cropped_0011_label_FCjmsocM_2880_960.png,cropped_0011_label_FCjmsocM_2880_960_mask.png
cropped_0011_label_FCjmsocM_480_480.png,cropped_0011_label_FCjmsocM_480_480_mask.png
cropped_0011_label_FCjmsocM_1440_480.png,cropped_0011_label_FCjmsocM_1440_480_mask.png
cropped_0011_label_FCjmsocM_2400_1440.png,cropped_0011_label_FCjmsocM_2400_1440_mask.png
cropped_0011_label_FCjmsocM_0_1440.png,cropped_0011_label_FCjmsocM_0_1440_mask.png
cropped_0011_label_FCjmsocM_2400_1920.png,cropped_0011_label_FCjmsocM_2400_1920_mask.png
cropped_0011_label_FCjmsocM_960_480.png,cropped_0011_label_FCjmsocM_960_480_mask.png
cropped_0011_label_FCjmsocM_1440_960.png,cropped_0011_label_FCjmsocM_1440_960_mask.png
cropped_0011_label_FCjmsocM_1440_2880.png,cropped_0011_label_FCjmsocM_1440_2880_mask.png
cropped_0009_label_F5Njd0Gq_2400_1920.png,cropped_0009_label_F5Njd0Gq_2400_1920_mask.png
cropped_0009_label_F5Njd0Gq_3360_0.png,cropped_0009_label_F5Njd0Gq_3360_0_mask.png
cropped_0009_label_F5Njd0Gq_0_1440.png,cropped_0009_label_F5Njd0Gq_0_1440_mask.png
cropped_0009_label_F5Njd0Gq_1920_0.png,cropped_0009_label_F5Njd0Gq_1920_0_mask.png
cropped_0009_label_F5Njd0Gq_1440_2880.png,cropped_0009_label_F5Njd0Gq_1440_2880_mask.png
cropped_0009_label_F5Njd0Gq_0_480.png,cropped_0009_label_F5Njd0Gq_0_480_mask.png
cropped_0009_label_F5Njd0Gq_3840_480.png,cropped_0009_label_F5Njd0Gq_3840_480_mask.png
cropped_0009_label_F5Njd0Gq_480_2400.png,cropped_0009_label_F5Njd0Gq_480_2400_mask.png
cropped_0009_label_F5Njd0Gq_960_1440.png,cropped_0009_label_F5Njd0Gq_960_1440_mask.png
cropped_0009_label_F5Njd0Gq_3840_1440.png,cropped_0009_label_F5Njd0Gq_3840_1440_mask.png
cropped_0009_label_F5Njd0Gq_1440_1440.png,cropped_0009_label_F5Njd0Gq_1440_1440_mask.png
cropped_0009_label_F5Njd0Gq_2400_480.png,cropped_0009_label_F5Njd0Gq_2400_480_mask.png
cropped_0009_label_F5Njd0Gq_1920_1440.png,cropped_0009_label_F5Njd0Gq_1920_1440_mask.png
cropped_0009_label_F5Njd0Gq_3360_2880.png,cropped_0009_label_F5Njd0Gq_3360_2880_mask.png
cropped_0009_label_F5Njd0Gq_1440_1920.png,cropped_0009_label_F5Njd0Gq_1440_1920_mask.png
cropped_0009_label_F5Njd0Gq_1440_0.png,cropped_0009_label_F5Njd0Gq_1440_0_mask.png
cropped_0009_label_F5Njd0Gq_0_1920.png,cropped_0009_label_F5Njd0Gq_0_1920_mask.png
cropped_0009_label_F5Njd0Gq_480_1920.png,cropped_0009_label_F5Njd0Gq_480_1920_mask.png
cropped_00000023_1_960_960.png,cropped_00000023_1_960_960_mask.png
cropped_00000023_1_480_1440.png,cropped_00000023_1_480_1440_mask.png
cropped_00000023_1_2400_1920.png,cropped_00000023_1_2400_1920_mask.png
cropped_00000023_1_0_0.png,cropped_00000023_1_0_0_mask.png
cropped_00000023_1_1920_2400.png,cropped_00000023_1_1920_2400_mask.png
cropped_00000023_1_2400_1440.png,cropped_00000023_1_2400_1440_mask.png
cropped_00000023_1_3360_1920.png,cropped_00000023_1_3360_1920_mask.png
cropped_00000023_1_1920_960.png,cropped_00000023_1_1920_960_mask.png
cropped_00000023_1_1440_960.png,cropped_00000023_1_1440_960_mask.png
cropped_00000023_1_480_1920.png,cropped_00000023_1_480_1920_mask.png
cropped_00000023_1_2880_1440.png,cropped_00000023_1_2880_1440_mask.png
cropped_00000023_1_3360_480.png,cropped_00000023_1_3360_480_mask.png
cropped_00000023_1_3360_960.png,cropped_00000023_1_3360_960_mask.png
cropped_00000023_1_0_2880.png,cropped_00000023_1_0_2880_mask.png
cropped_00000023_1_960_1440.png,cropped_00000023_1_960_1440_mask.png
cropped_00000023_1_480_2400.png,cropped_00000023_1_480_2400_mask.png
cropped_00000023_1_3840_960.png,cropped_00000023_1_3840_960_mask.png
cropped_00000023_1_2880_960.png,cropped_00000023_1_2880_960_mask.png
cropped_00000023_1_2400_960.png,cropped_00000023_1_2400_960_mask.png
cropped_00000023_1_1920_1440.png,cropped_00000023_1_1920_1440_mask.png
cropped_0003_label_PmivjAla_960_0.png,cropped_0003_label_PmivjAla_960_0_mask.png
cropped_0003_label_PmivjAla_0_2880.png,cropped_0003_label_PmivjAla_0_2880_mask.png
cropped_0003_label_PmivjAla_2400_1440.png,cropped_0003_label_PmivjAla_2400_1440_mask.png
cropped_0003_label_PmivjAla_2880_480.png,cropped_0003_label_PmivjAla_2880_480_mask.png
cropped_0003_label_PmivjAla_2880_1440.png,cropped_0003_label_PmivjAla_2880_1440_mask.png
cropped_0003_label_PmivjAla_0_1440.png,cropped_0003_label_PmivjAla_0_1440_mask.png
cropped_0003_label_PmivjAla_2400_1920.png,cropped_0003_label_PmivjAla_2400_1920_mask.png
cropped_0003_label_PmivjAla_480_2880.png,cropped_0003_label_PmivjAla_480_2880_mask.png
cropped_0003_label_PmivjAla_1920_960.png,cropped_0003_label_PmivjAla_1920_960_mask.png
cropped_0003_label_PmivjAla_960_960.png,cropped_0003_label_PmivjAla_960_960_mask.png
cropped_0003_label_PmivjAla_0_1920.png,cropped_0003_label_PmivjAla_0_1920_mask.png
cropped_0003_label_PmivjAla_2400_480.png,cropped_0003_label_PmivjAla_2400_480_mask.png
cropped_0003_label_PmivjAla_0_960.png,cropped_0003_label_PmivjAla_0_960_mask.png
cropped_0003_label_PmivjAla_2400_2880.png,cropped_0003_label_PmivjAla_2400_2880_mask.png
cropped_0003_label_PmivjAla_480_0.png,cropped_0003_label_PmivjAla_480_0_mask.png
cropped_0003_label_PmivjAla_1920_0.png,cropped_0003_label_PmivjAla_1920_0_mask.png
cropped_0003_label_PmivjAla_960_1920.png,cropped_0003_label_PmivjAla_960_1920_mask.png
cropped_0003_label_PmivjAla_480_960.png,cropped_0003_label_PmivjAla_480_960_mask.png
cropped_0003_label_PmivjAla_1920_1440.png,cropped_0003_label_PmivjAla_1920_1440_mask.png
cropped_0003_label_PmivjAla_960_1440.png,cropped_0003_label_PmivjAla_960_1440_mask.png
cropped_0003_label_PmivjAla_2880_960.png,cropped_0003_label_PmivjAla_2880_960_mask.png
cropped_0003_label_PmivjAla_480_1440.png,cropped_0003_label_PmivjAla_480_1440_mask.png
cropped_0003_label_PmivjAla_480_2400.png,cropped_0003_label_PmivjAla_480_2400_mask.png
cropped_0003_label_PmivjAla_1920_480.png,cropped_0003_label_PmivjAla_1920_480_mask.png
cropped_0003_label_PmivjAla_0_0.png,cropped_0003_label_PmivjAla_0_0_mask.png
cropped_0003_label_PmivjAla_3360_0.png,cropped_0003_label_PmivjAla_3360_0_mask.png
cropped_0003_label_PmivjAla_3840_2400.png,cropped_0003_label_PmivjAla_3840_2400_mask.png
cropped_0004_label_uCXpTeJJ_3360_0.png,cropped_0004_label_uCXpTeJJ_3360_0_mask.png
cropped_0004_label_uCXpTeJJ_3840_0.png,cropped_0004_label_uCXpTeJJ_3840_0_mask.png
cropped_0004_label_uCXpTeJJ_3840_1440.png,cropped_0004_label_uCXpTeJJ_3840_1440_mask.png
cropped_0004_label_uCXpTeJJ_2880_2400.png,cropped_0004_label_uCXpTeJJ_2880_2400_mask.png
cropped_0004_label_uCXpTeJJ_480_1920.png,cropped_0004_label_uCXpTeJJ_480_1920_mask.png
cropped_0004_label_uCXpTeJJ_2880_480.png,cropped_0004_label_uCXpTeJJ_2880_480_mask.png
cropped_0004_label_uCXpTeJJ_2400_1920.png,cropped_0004_label_uCXpTeJJ_2400_1920_mask.png
cropped_0004_label_uCXpTeJJ_0_2880.png,cropped_0004_label_uCXpTeJJ_0_2880_mask.png
cropped_0004_label_uCXpTeJJ_1920_2400.png,cropped_0004_label_uCXpTeJJ_1920_2400_mask.png
cropped_0004_label_uCXpTeJJ_480_2400.png,cropped_0004_label_uCXpTeJJ_480_2400_mask.png
cropped_0004_label_uCXpTeJJ_1440_1440.png,cropped_0004_label_uCXpTeJJ_1440_1440_mask.png
cropped_0004_label_uCXpTeJJ_1440_2880.png,cropped_0004_label_uCXpTeJJ_1440_2880_mask.png
cropped_0004_label_uCXpTeJJ_2880_960.png,cropped_0004_label_uCXpTeJJ_2880_960_mask.png
cropped_0004_label_uCXpTeJJ_1440_480.png,cropped_0004_label_uCXpTeJJ_1440_480_mask.png
cropped_0004_label_uCXpTeJJ_2400_2400.png,cropped_0004_label_uCXpTeJJ_2400_2400_mask.png
cropped_0004_label_uCXpTeJJ_2400_2880.png,cropped_0004_label_uCXpTeJJ_2400_2880_mask.png
cropped_0004_label_uCXpTeJJ_2400_960.png,cropped_0004_label_uCXpTeJJ_2400_960_mask.png
cropped_0004_label_uCXpTeJJ_1440_1920.png,cropped_0004_label_uCXpTeJJ_1440_1920_mask.png
cropped_0004_label_uCXpTeJJ_3360_480.png,cropped_0004_label_uCXpTeJJ_3360_480_mask.png
cropped_0004_label_uCXpTeJJ_480_960.png,cropped_0004_label_uCXpTeJJ_480_960_mask.png
cropped_0004_label_uCXpTeJJ_960_2400.png,cropped_0004_label_uCXpTeJJ_960_2400_mask.png
cropped_0004_label_uCXpTeJJ_960_1920.png,cropped_0004_label_uCXpTeJJ_960_1920_mask.png
cropped_0004_label_uCXpTeJJ_0_960.png,cropped_0004_label_uCXpTeJJ_0_960_mask.png
cropped_0004_label_uCXpTeJJ_2880_2880.png,cropped_0004_label_uCXpTeJJ_2880_2880_mask.png
cropped_0004_label_uCXpTeJJ_480_1440.png,cropped_0004_label_uCXpTeJJ_480_1440_mask.png
cropped_0004_label_uCXpTeJJ_1920_480.png,cropped_0004_label_uCXpTeJJ_1920_480_mask.png
cropped_0016_label_M4HYDr16_2880_1440.png,cropped_0016_label_M4HYDr16_2880_1440_mask.png
cropped_0016_label_M4HYDr16_3840_480.png,cropped_0016_label_M4HYDr16_3840_480_mask.png
cropped_0016_label_M4HYDr16_480_480.png,cropped_0016_label_M4HYDr16_480_480_mask.png
cropped_0016_label_M4HYDr16_2400_1920.png,cropped_0016_label_M4HYDr16_2400_1920_mask.png
cropped_0016_label_M4HYDr16_3840_2400.png,cropped_0016_label_M4HYDr16_3840_2400_mask.png
cropped_0016_label_M4HYDr16_3840_960.png,cropped_0016_label_M4HYDr16_3840_960_mask.png
cropped_0016_label_M4HYDr16_2400_2880.png,cropped_0016_label_M4HYDr16_2400_2880_mask.png
cropped_0016_label_M4HYDr16_0_960.png,cropped_0016_label_M4HYDr16_0_960_mask.png
cropped_0016_label_M4HYDr16_480_1440.png,cropped_0016_label_M4HYDr16_480_1440_mask.png
cropped_0016_label_M4HYDr16_0_1920.png,cropped_0016_label_M4HYDr16_0_1920_mask.png
cropped_0016_label_M4HYDr16_2880_2880.png,cropped_0016_label_M4HYDr16_2880_2880_mask.png
cropped_0016_label_M4HYDr16_2880_480.png,cropped_0016_label_M4HYDr16_2880_480_mask.png
cropped_0016_label_M4HYDr16_0_480.png,cropped_0016_label_M4HYDr16_0_480_mask.png
cropped_0016_label_M4HYDr16_0_0.png,cropped_0016_label_M4HYDr16_0_0_mask.png
cropped_0016_label_M4HYDr16_1440_480.png,cropped_0016_label_M4HYDr16_1440_480_mask.png
cropped_0016_label_M4HYDr16_3840_0.png,cropped_0016_label_M4HYDr16_3840_0_mask.png
cropped_0016_label_M4HYDr16_1920_960.png,cropped_0016_label_M4HYDr16_1920_960_mask.png
cropped_0016_label_M4HYDr16_3840_2880.png,cropped_0016_label_M4HYDr16_3840_2880_mask.png
cropped_0016_label_M4HYDr16_2880_960.png,cropped_0016_label_M4HYDr16_2880_960_mask.png
cropped_0016_label_M4HYDr16_2400_0.png,cropped_0016_label_M4HYDr16_2400_0_mask.png
cropped_0016_label_M4HYDr16_960_2400.png,cropped_0016_label_M4HYDr16_960_2400_mask.png
cropped_0016_label_M4HYDr16_960_480.png,cropped_0016_label_M4HYDr16_960_480_mask.png
cropped_0000_label_FCjmsocM_480_2880.png,cropped_0000_label_FCjmsocM_480_2880_mask.png
cropped_0000_label_FCjmsocM_480_0.png,cropped_0000_label_FCjmsocM_480_0_mask.png
cropped_0000_label_FCjmsocM_3840_480.png,cropped_0000_label_FCjmsocM_3840_480_mask.png
cropped_0000_label_FCjmsocM_1920_0.png,cropped_0000_label_FCjmsocM_1920_0_mask.png
cropped_0000_label_FCjmsocM_3360_1440.png,cropped_0000_label_FCjmsocM_3360_1440_mask.png
cropped_0000_label_FCjmsocM_960_480.png,cropped_0000_label_FCjmsocM_960_480_mask.png
cropped_0000_label_FCjmsocM_960_1440.png,cropped_0000_label_FCjmsocM_960_1440_mask.png
cropped_0000_label_FCjmsocM_3360_1920.png,cropped_0000_label_FCjmsocM_3360_1920_mask.png
cropped_0000_label_FCjmsocM_1440_2880.png,cropped_0000_label_FCjmsocM_1440_2880_mask.png
cropped_0000_label_FCjmsocM_1440_960.png,cropped_0000_label_FCjmsocM_1440_960_mask.png
cropped_0000_label_FCjmsocM_1440_2400.png,cropped_0000_label_FCjmsocM_1440_2400_mask.png
cropped_0000_label_FCjmsocM_3360_960.png,cropped_0000_label_FCjmsocM_3360_960_mask.png
cropped_0000_label_FCjmsocM_3840_960.png,cropped_0000_label_FCjmsocM_3840_960_mask.png
cropped_0000_label_FCjmsocM_1920_480.png,cropped_0000_label_FCjmsocM_1920_480_mask.png
cropped_0000_label_FCjmsocM_2400_480.png,cropped_0000_label_FCjmsocM_2400_480_mask.png
cropped_0000_label_FCjmsocM_480_2400.png,cropped_0000_label_FCjmsocM_480_2400_mask.png
cropped_0000_label_FCjmsocM_0_2400.png,cropped_0000_label_FCjmsocM_0_2400_mask.png
cropped_0000_label_FCjmsocM_3840_1440.png,cropped_0000_label_FCjmsocM_3840_1440_mask.png
cropped_0009_label_tALCG3Yy_2880_1440.png,cropped_0009_label_tALCG3Yy_2880_1440_mask.png
cropped_0009_label_tALCG3Yy_1440_2400.png,cropped_0009_label_tALCG3Yy_1440_2400_mask.png
cropped_0009_label_tALCG3Yy_2880_1920.png,cropped_0009_label_tALCG3Yy_2880_1920_mask.png
cropped_0009_label_tALCG3Yy_1920_960.png,cropped_0009_label_tALCG3Yy_1920_960_mask.png
cropped_0009_label_tALCG3Yy_3840_0.png,cropped_0009_label_tALCG3Yy_3840_0_mask.png
cropped_0009_label_tALCG3Yy_3360_480.png,cropped_0009_label_tALCG3Yy_3360_480_mask.png
cropped_0009_label_tALCG3Yy_1440_1440.png,cropped_0009_label_tALCG3Yy_1440_1440_mask.png
cropped_0009_label_tALCG3Yy_3840_480.png,cropped_0009_label_tALCG3Yy_3840_480_mask.png
cropped_0009_label_tALCG3Yy_2880_480.png,cropped_0009_label_tALCG3Yy_2880_480_mask.png
cropped_0009_label_tALCG3Yy_2880_0.png,cropped_0009_label_tALCG3Yy_2880_0_mask.png
cropped_0009_label_tALCG3Yy_480_2880.png,cropped_0009_label_tALCG3Yy_480_2880_mask.png
cropped_0009_label_tALCG3Yy_3360_0.png,cropped_0009_label_tALCG3Yy_3360_0_mask.png
cropped_0009_label_tALCG3Yy_1920_0.png,cropped_0009_label_tALCG3Yy_1920_0_mask.png
cropped_0009_label_tALCG3Yy_3360_1920.png,cropped_0009_label_tALCG3Yy_3360_1920_mask.png
cropped_0009_label_tALCG3Yy_1440_2880.png,cropped_0009_label_tALCG3Yy_1440_2880_mask.png
cropped_0009_label_tALCG3Yy_960_480.png,cropped_0009_label_tALCG3Yy_960_480_mask.png
cropped_0009_label_tALCG3Yy_480_480.png,cropped_0009_label_tALCG3Yy_480_480_mask.png
cropped_0009_label_tALCG3Yy_3840_1440.png,cropped_0009_label_tALCG3Yy_3840_1440_mask.png
cropped_0009_label_tALCG3Yy_2880_960.png,cropped_0009_label_tALCG3Yy_2880_960_mask.png
cropped_0009_label_tALCG3Yy_1920_1440.png,cropped_0009_label_tALCG3Yy_1920_1440_mask.png
cropped_0007_label_5YuL3VcR_480_1440.png,cropped_0007_label_5YuL3VcR_480_1440_mask.png
cropped_0007_label_5YuL3VcR_3840_960.png,cropped_0007_label_5YuL3VcR_3840_960_mask.png
cropped_0007_label_5YuL3VcR_2400_2400.png,cropped_0007_label_5YuL3VcR_2400_2400_mask.png
cropped_0007_label_5YuL3VcR_3840_480.png,cropped_0007_label_5YuL3VcR_3840_480_mask.png
cropped_0007_label_5YuL3VcR_0_960.png,cropped_0007_label_5YuL3VcR_0_960_mask.png
cropped_0007_label_5YuL3VcR_2880_1440.png,cropped_0007_label_5YuL3VcR_2880_1440_mask.png
cropped_0007_label_5YuL3VcR_2880_0.png,cropped_0007_label_5YuL3VcR_2880_0_mask.png
cropped_0007_label_5YuL3VcR_2400_1920.png,cropped_0007_label_5YuL3VcR_2400_1920_mask.png
cropped_0007_label_5YuL3VcR_0_1920.png,cropped_0007_label_5YuL3VcR_0_1920_mask.png
cropped_0007_label_5YuL3VcR_2880_960.png,cropped_0007_label_5YuL3VcR_2880_960_mask.png
cropped_0007_label_5YuL3VcR_1920_960.png,cropped_0007_label_5YuL3VcR_1920_960_mask.png
cropped_0007_label_5YuL3VcR_3360_1440.png,cropped_0007_label_5YuL3VcR_3360_1440_mask.png
cropped_0007_label_5YuL3VcR_960_960.png,cropped_0007_label_5YuL3VcR_960_960_mask.png
cropped_0007_label_5YuL3VcR_0_2400.png,cropped_0007_label_5YuL3VcR_0_2400_mask.png
cropped_0007_label_5YuL3VcR_480_2400.png,cropped_0007_label_5YuL3VcR_480_2400_mask.png
cropped_0007_label_5YuL3VcR_3360_960.png,cropped_0007_label_5YuL3VcR_3360_960_mask.png
cropped_0007_label_5YuL3VcR_480_960.png,cropped_0007_label_5YuL3VcR_480_960_mask.png
cropped_0007_label_5YuL3VcR_2400_2880.png,cropped_0007_label_5YuL3VcR_2400_2880_mask.png
cropped_0007_label_5YuL3VcR_2400_960.png,cropped_0007_label_5YuL3VcR_2400_960_mask.png
cropped_0007_label_5YuL3VcR_3360_480.png,cropped_0007_label_5YuL3VcR_3360_480_mask.png
cropped_0007_label_5YuL3VcR_2880_2880.png,cropped_0007_label_5YuL3VcR_2880_2880_mask.png
cropped_0007_label_5YuL3VcR_2880_2400.png,cropped_0007_label_5YuL3VcR_2880_2400_mask.png
cropped_0007_label_5YuL3VcR_1440_1440.png,cropped_0007_label_5YuL3VcR_1440_1440_mask.png
cropped_00000035_2_1920_1920.png,cropped_00000035_2_1920_1920_mask.png
cropped_00000035_2_3360_2400.png,cropped_00000035_2_3360_2400_mask.png
cropped_00000035_2_2880_2880.png,cropped_00000035_2_2880_2880_mask.png
cropped_00000035_2_2400_1440.png,cropped_00000035_2_2400_1440_mask.png
cropped_00000035_2_3840_2400.png,cropped_00000035_2_3840_2400_mask.png
cropped_00000035_2_2880_2400.png,cropped_00000035_2_2880_2400_mask.png
cropped_00000035_2_2880_1440.png,cropped_00000035_2_2880_1440_mask.png
cropped_00000035_2_3360_0.png,cropped_00000035_2_3360_0_mask.png
cropped_00000035_2_3360_2880.png,cropped_00000035_2_3360_2880_mask.png
cropped_00000035_2_2880_960.png,cropped_00000035_2_2880_960_mask.png
cropped_00000035_2_2400_960.png,cropped_00000035_2_2400_960_mask.png
cropped_00000035_2_3840_2880.png,cropped_00000035_2_3840_2880_mask.png
cropped_00000035_2_3840_480.png,cropped_00000035_2_3840_480_mask.png
cropped_00000035_2_1920_960.png,cropped_00000035_2_1920_960_mask.png
cropped_00000035_2_3360_1440.png,cropped_00000035_2_3360_1440_mask.png
cropped_00000035_2_0_0.png,cropped_00000035_2_0_0_mask.png
cropped_00000035_2_3360_1920.png,cropped_00000035_2_3360_1920_mask.png
cropped_00000035_2_2880_1920.png,cropped_00000035_2_2880_1920_mask.png
cropped_0015_label_G2fWPEgz_2880_1440.png,cropped_0015_label_G2fWPEgz_2880_1440_mask.png
cropped_0015_label_G2fWPEgz_960_960.png,cropped_0015_label_G2fWPEgz_960_960_mask.png
cropped_0015_label_G2fWPEgz_1920_960.png,cropped_0015_label_G2fWPEgz_1920_960_mask.png
cropped_0015_label_G2fWPEgz_1920_1920.png,cropped_0015_label_G2fWPEgz_1920_1920_mask.png
cropped_0015_label_G2fWPEgz_1440_2880.png,cropped_0015_label_G2fWPEgz_1440_2880_mask.png
cropped_0015_label_G2fWPEgz_3840_480.png,cropped_0015_label_G2fWPEgz_3840_480_mask.png
cropped_0015_label_G2fWPEgz_3360_0.png,cropped_0015_label_G2fWPEgz_3360_0_mask.png
cropped_0015_label_G2fWPEgz_3360_1440.png,cropped_0015_label_G2fWPEgz_3360_1440_mask.png
cropped_0015_label_G2fWPEgz_1440_960.png,cropped_0015_label_G2fWPEgz_1440_960_mask.png
cropped_0015_label_G2fWPEgz_480_1920.png,cropped_0015_label_G2fWPEgz_480_1920_mask.png
cropped_0015_label_G2fWPEgz_2880_1920.png,cropped_0015_label_G2fWPEgz_2880_1920_mask.png
cropped_0015_label_G2fWPEgz_2400_0.png,cropped_0015_label_G2fWPEgz_2400_0_mask.png
cropped_0015_label_G2fWPEgz_2400_1440.png,cropped_0015_label_G2fWPEgz_2400_1440_mask.png
cropped_0015_label_G2fWPEgz_960_2880.png,cropped_0015_label_G2fWPEgz_960_2880_mask.png
cropped_0015_label_G2fWPEgz_960_1920.png,cropped_0015_label_G2fWPEgz_960_1920_mask.png
cropped_0015_label_G2fWPEgz_480_960.png,cropped_0015_label_G2fWPEgz_480_960_mask.png
cropped_0015_label_G2fWPEgz_1920_480.png,cropped_0015_label_G2fWPEgz_1920_480_mask.png
cropped_0015_label_G2fWPEgz_2400_2400.png,cropped_0015_label_G2fWPEgz_2400_2400_mask.png
cropped_0015_label_G2fWPEgz_3840_2880.png,cropped_0015_label_G2fWPEgz_3840_2880_mask.png
cropped_0015_label_G2fWPEgz_1920_0.png,cropped_0015_label_G2fWPEgz_1920_0_mask.png
cropped_0015_label_G2fWPEgz_2400_960.png,cropped_0015_label_G2fWPEgz_2400_960_mask.png
cropped_0015_label_G2fWPEgz_0_1440.png,cropped_0015_label_G2fWPEgz_0_1440_mask.png
cropped_00000028_1_1440_1440.png,cropped_00000028_1_1440_1440_mask.png
cropped_00000028_1_0_1920.png,cropped_00000028_1_0_1920_mask.png
cropped_00000028_1_480_2880.png,cropped_00000028_1_480_2880_mask.png
cropped_00000028_1_480_960.png,cropped_00000028_1_480_960_mask.png
cropped_00000028_1_0_960.png,cropped_00000028_1_0_960_mask.png
cropped_00000028_1_1440_1920.png,cropped_00000028_1_1440_1920_mask.png
cropped_00000028_1_3360_1920.png,cropped_00000028_1_3360_1920_mask.png
cropped_00000028_1_960_960.png,cropped_00000028_1_960_960_mask.png
cropped_00000028_1_2880_2400.png,cropped_00000028_1_2880_2400_mask.png
cropped_00000028_1_2400_0.png,cropped_00000028_1_2400_0_mask.png
cropped_00000028_1_3840_1920.png,cropped_00000028_1_3840_1920_mask.png
cropped_00000028_1_1920_2880.png,cropped_00000028_1_1920_2880_mask.png
cropped_00000028_1_1920_960.png,cropped_00000028_1_1920_960_mask.png
cropped_00000028_1_2400_960.png,cropped_00000028_1_2400_960_mask.png
cropped_00000028_1_3840_480.png,cropped_00000028_1_3840_480_mask.png
cropped_00000028_1_2400_2880.png,cropped_00000028_1_2400_2880_mask.png
cropped_00000028_1_2880_1440.png,cropped_00000028_1_2880_1440_mask.png
cropped_00000028_1_2880_960.png,cropped_00000028_1_2880_960_mask.png
cropped_00000028_1_3360_1440.png,cropped_00000028_1_3360_1440_mask.png
cropped_00000028_1_2880_480.png,cropped_00000028_1_2880_480_mask.png
cropped_00000028_1_480_480.png,cropped_00000028_1_480_480_mask.png
cropped_00000028_1_1920_2400.png,cropped_00000028_1_1920_2400_mask.png
cropped_0005_label_PmivjAla_0_2400.png,cropped_0005_label_PmivjAla_0_2400_mask.png
cropped_0005_label_PmivjAla_3840_2400.png,cropped_0005_label_PmivjAla_3840_2400_mask.png
cropped_0005_label_PmivjAla_2880_960.png,cropped_0005_label_PmivjAla_2880_960_mask.png
cropped_0005_label_PmivjAla_0_480.png,cropped_0005_label_PmivjAla_0_480_mask.png
cropped_0005_label_PmivjAla_1440_1920.png,cropped_0005_label_PmivjAla_1440_1920_mask.png
cropped_0005_label_PmivjAla_1440_0.png,cropped_0005_label_PmivjAla_1440_0_mask.png
cropped_0005_label_PmivjAla_3360_480.png,cropped_0005_label_PmivjAla_3360_480_mask.png
cropped_0005_label_PmivjAla_960_480.png,cropped_0005_label_PmivjAla_960_480_mask.png
cropped_0005_label_PmivjAla_3840_480.png,cropped_0005_label_PmivjAla_3840_480_mask.png
cropped_0005_label_PmivjAla_3840_2880.png,cropped_0005_label_PmivjAla_3840_2880_mask.png
cropped_0005_label_PmivjAla_3360_960.png,cropped_0005_label_PmivjAla_3360_960_mask.png
cropped_0005_label_PmivjAla_960_0.png,cropped_0005_label_PmivjAla_960_0_mask.png
cropped_0005_label_PmivjAla_3840_960.png,cropped_0005_label_PmivjAla_3840_960_mask.png
cropped_0005_label_PmivjAla_2880_2880.png,cropped_0005_label_PmivjAla_2880_2880_mask.png
cropped_0005_label_PmivjAla_2400_1440.png,cropped_0005_label_PmivjAla_2400_1440_mask.png
cropped_0005_label_PmivjAla_2400_1920.png,cropped_0005_label_PmivjAla_2400_1920_mask.png
cropped_0005_label_PmivjAla_960_1440.png,cropped_0005_label_PmivjAla_960_1440_mask.png
cropped_0005_label_PmivjAla_2880_0.png,cropped_0005_label_PmivjAla_2880_0_mask.png
cropped_0005_label_PmivjAla_960_2400.png,cropped_0005_label_PmivjAla_960_2400_mask.png
cropped_00000007_1_1920_960.png,cropped_00000007_1_1920_960_mask.png
cropped_00000007_1_3840_2400.png,cropped_00000007_1_3840_2400_mask.png
cropped_00000007_1_480_480.png,cropped_00000007_1_480_480_mask.png
cropped_00000007_1_1440_0.png,cropped_00000007_1_1440_0_mask.png
cropped_00000007_1_3360_2400.png,cropped_00000007_1_3360_2400_mask.png
cropped_00000007_1_0_2400.png,cropped_00000007_1_0_2400_mask.png
cropped_00000007_1_1920_480.png,cropped_00000007_1_1920_480_mask.png
cropped_00000007_1_2400_960.png,cropped_00000007_1_2400_960_mask.png
cropped_00000007_1_2880_2880.png,cropped_00000007_1_2880_2880_mask.png
cropped_00000007_1_1920_2880.png,cropped_00000007_1_1920_2880_mask.png
cropped_00000007_1_1920_1440.png,cropped_00000007_1_1920_1440_mask.png
cropped_00000007_1_3840_1920.png,cropped_00000007_1_3840_1920_mask.png
cropped_00000007_1_2400_1920.png,cropped_00000007_1_2400_1920_mask.png
cropped_00000007_1_0_480.png,cropped_00000007_1_0_480_mask.png
cropped_00000007_1_3840_480.png,cropped_00000007_1_3840_480_mask.png
cropped_00000007_1_2880_2400.png,cropped_00000007_1_2880_2400_mask.png
cropped_00000007_1_2880_0.png,cropped_00000007_1_2880_0_mask.png
cropped_00000007_1_2400_2400.png,cropped_00000007_1_2400_2400_mask.png
cropped_00000007_1_2400_2880.png,cropped_00000007_1_2400_2880_mask.png
cropped_00000007_1_2880_1920.png,cropped_00000007_1_2880_1920_mask.png
cropped_00000007_1_3840_960.png,cropped_00000007_1_3840_960_mask.png
cropped_00000007_1_3360_2880.png,cropped_00000007_1_3360_2880_mask.png
cropped_00000007_1_3360_1920.png,cropped_00000007_1_3360_1920_mask.png
cropped_00000007_1_2400_1440.png,cropped_00000007_1_2400_1440_mask.png
cropped_0009_label_KhubE3m1_480_1440.png,cropped_0009_label_KhubE3m1_480_1440_mask.png
cropped_0009_label_KhubE3m1_3840_960.png,cropped_0009_label_KhubE3m1_3840_960_mask.png
cropped_0009_label_KhubE3m1_1440_960.png,cropped_0009_label_KhubE3m1_1440_960_mask.png
cropped_0009_label_KhubE3m1_0_960.png,cropped_0009_label_KhubE3m1_0_960_mask.png
cropped_0009_label_KhubE3m1_480_1920.png,cropped_0009_label_KhubE3m1_480_1920_mask.png
cropped_0009_label_KhubE3m1_3360_2400.png,cropped_0009_label_KhubE3m1_3360_2400_mask.png
cropped_0009_label_KhubE3m1_2880_2880.png,cropped_0009_label_KhubE3m1_2880_2880_mask.png
cropped_0009_label_KhubE3m1_1920_1920.png,cropped_0009_label_KhubE3m1_1920_1920_mask.png
cropped_0009_label_KhubE3m1_2880_480.png,cropped_0009_label_KhubE3m1_2880_480_mask.png
cropped_0009_label_KhubE3m1_1440_1440.png,cropped_0009_label_KhubE3m1_1440_1440_mask.png
cropped_0009_label_KhubE3m1_960_960.png,cropped_0009_label_KhubE3m1_960_960_mask.png
cropped_0009_label_KhubE3m1_1920_480.png,cropped_0009_label_KhubE3m1_1920_480_mask.png
cropped_0009_label_KhubE3m1_960_1440.png,cropped_0009_label_KhubE3m1_960_1440_mask.png
cropped_0009_label_KhubE3m1_1440_0.png,cropped_0009_label_KhubE3m1_1440_0_mask.png
cropped_0009_label_KhubE3m1_1920_960.png,cropped_0009_label_KhubE3m1_1920_960_mask.png
cropped_0009_label_KhubE3m1_3360_1920.png,cropped_0009_label_KhubE3m1_3360_1920_mask.png
cropped_0009_label_KhubE3m1_2880_960.png,cropped_0009_label_KhubE3m1_2880_960_mask.png
cropped_0009_label_KhubE3m1_0_2880.png,cropped_0009_label_KhubE3m1_0_2880_mask.png
cropped_0006_label_F5Njd0Gq_2880_2400.png,cropped_0006_label_F5Njd0Gq_2880_2400_mask.png
cropped_0006_label_F5Njd0Gq_1440_1440.png,cropped_0006_label_F5Njd0Gq_1440_1440_mask.png
cropped_0006_label_F5Njd0Gq_2400_2400.png,cropped_0006_label_F5Njd0Gq_2400_2400_mask.png
cropped_0006_label_F5Njd0Gq_0_1920.png,cropped_0006_label_F5Njd0Gq_0_1920_mask.png
cropped_0006_label_F5Njd0Gq_3840_1920.png,cropped_0006_label_F5Njd0Gq_3840_1920_mask.png
cropped_0006_label_F5Njd0Gq_3840_1440.png,cropped_0006_label_F5Njd0Gq_3840_1440_mask.png
cropped_0006_label_F5Njd0Gq_2400_1920.png,cropped_0006_label_F5Njd0Gq_2400_1920_mask.png
cropped_0006_label_F5Njd0Gq_3360_2880.png,cropped_0006_label_F5Njd0Gq_3360_2880_mask.png
cropped_0006_label_F5Njd0Gq_960_2880.png,cropped_0006_label_F5Njd0Gq_960_2880_mask.png
cropped_0006_label_F5Njd0Gq_1920_480.png,cropped_0006_label_F5Njd0Gq_1920_480_mask.png
cropped_0006_label_F5Njd0Gq_480_480.png,cropped_0006_label_F5Njd0Gq_480_480_mask.png
cropped_0006_label_F5Njd0Gq_3840_960.png,cropped_0006_label_F5Njd0Gq_3840_960_mask.png
cropped_0006_label_F5Njd0Gq_1440_2880.png,cropped_0006_label_F5Njd0Gq_1440_2880_mask.png
cropped_0006_label_F5Njd0Gq_2880_480.png,cropped_0006_label_F5Njd0Gq_2880_480_mask.png
cropped_0006_label_F5Njd0Gq_960_0.png,cropped_0006_label_F5Njd0Gq_960_0_mask.png
cropped_0006_label_F5Njd0Gq_480_2400.png,cropped_0006_label_F5Njd0Gq_480_2400_mask.png
cropped_0006_label_F5Njd0Gq_1440_2400.png,cropped_0006_label_F5Njd0Gq_1440_2400_mask.png
cropped_0006_label_F5Njd0Gq_1920_1440.png,cropped_0006_label_F5Njd0Gq_1920_1440_mask.png
cropped_00000032_2_3840_1920.png,cropped_00000032_2_3840_1920_mask.png
cropped_00000032_2_1440_480.png,cropped_00000032_2_1440_480_mask.png
cropped_00000032_2_2400_1920.png,cropped_00000032_2_2400_1920_mask.png
cropped_00000032_2_960_2400.png,cropped_00000032_2_960_2400_mask.png
cropped_00000032_2_2880_480.png,cropped_00000032_2_2880_480_mask.png
cropped_00000032_2_960_960.png,cropped_00000032_2_960_960_mask.png
cropped_00000032_2_3360_2880.png,cropped_00000032_2_3360_2880_mask.png
cropped_00000032_2_3840_1440.png,cropped_00000032_2_3840_1440_mask.png
cropped_00000032_2_1440_1440.png,cropped_00000032_2_1440_1440_mask.png
cropped_00000032_2_3360_2400.png,cropped_00000032_2_3360_2400_mask.png
cropped_00000032_2_3360_1920.png,cropped_00000032_2_3360_1920_mask.png
cropped_00000032_2_0_2400.png,cropped_00000032_2_0_2400_mask.png
cropped_00000032_2_480_2400.png,cropped_00000032_2_480_2400_mask.png
cropped_00000032_2_480_2880.png,cropped_00000032_2_480_2880_mask.png
cropped_00000032_2_3360_960.png,cropped_00000032_2_3360_960_mask.png
cropped_00000032_2_1920_2880.png,cropped_00000032_2_1920_2880_mask.png
cropped_00000032_2_3360_0.png,cropped_00000032_2_3360_0_mask.png
cropped_00000032_2_3360_1440.png,cropped_00000032_2_3360_1440_mask.png
cropped_00000032_2_3840_2400.png,cropped_00000032_2_3840_2400_mask.png
cropped_00000032_2_2880_0.png,cropped_00000032_2_2880_0_mask.png
cropped_00000032_2_2880_960.png,cropped_00000032_2_2880_960_mask.png
cropped_00000032_2_2880_1440.png,cropped_00000032_2_2880_1440_mask.png
cropped_0003_label_0xjUoY7D_3840_960.png,cropped_0003_label_0xjUoY7D_3840_960_mask.png
cropped_0003_label_0xjUoY7D_2880_2400.png,cropped_0003_label_0xjUoY7D_2880_2400_mask.png
cropped_0003_label_0xjUoY7D_2880_1440.png,cropped_0003_label_0xjUoY7D_2880_1440_mask.png
cropped_0003_label_0xjUoY7D_3360_960.png,cropped_0003_label_0xjUoY7D_3360_960_mask.png
cropped_0003_label_0xjUoY7D_960_960.png,cropped_0003_label_0xjUoY7D_960_960_mask.png
cropped_0003_label_0xjUoY7D_1920_0.png,cropped_0003_label_0xjUoY7D_1920_0_mask.png
cropped_0003_label_0xjUoY7D_3840_2400.png,cropped_0003_label_0xjUoY7D_3840_2400_mask.png
cropped_0003_label_0xjUoY7D_3840_0.png,cropped_0003_label_0xjUoY7D_3840_0_mask.png
cropped_0003_label_0xjUoY7D_0_0.png,cropped_0003_label_0xjUoY7D_0_0_mask.png
cropped_0003_label_0xjUoY7D_2400_1440.png,cropped_0003_label_0xjUoY7D_2400_1440_mask.png
cropped_0003_label_0xjUoY7D_2880_1920.png,cropped_0003_label_0xjUoY7D_2880_1920_mask.png
cropped_0003_label_0xjUoY7D_2880_960.png,cropped_0003_label_0xjUoY7D_2880_960_mask.png
cropped_0003_label_0xjUoY7D_1440_0.png,cropped_0003_label_0xjUoY7D_1440_0_mask.png
cropped_0003_label_0xjUoY7D_1920_960.png,cropped_0003_label_0xjUoY7D_1920_960_mask.png
cropped_0003_label_0xjUoY7D_1920_2400.png,cropped_0003_label_0xjUoY7D_1920_2400_mask.png
cropped_0003_label_0xjUoY7D_960_2880.png,cropped_0003_label_0xjUoY7D_960_2880_mask.png
cropped_0003_label_0xjUoY7D_2880_2880.png,cropped_0003_label_0xjUoY7D_2880_2880_mask.png
cropped_0003_label_0xjUoY7D_1440_2400.png,cropped_0003_label_0xjUoY7D_1440_2400_mask.png
cropped_0003_label_0xjUoY7D_3360_2880.png,cropped_0003_label_0xjUoY7D_3360_2880_mask.png
cropped_0003_label_0xjUoY7D_3840_2880.png,cropped_0003_label_0xjUoY7D_3840_2880_mask.png
cropped_0003_label_0xjUoY7D_2880_0.png,cropped_0003_label_0xjUoY7D_2880_0_mask.png
cropped_0003_label_0xjUoY7D_3840_480.png,cropped_0003_label_0xjUoY7D_3840_480_mask.png
cropped_0003_label_0xjUoY7D_480_960.png,cropped_0003_label_0xjUoY7D_480_960_mask.png
cropped_0003_label_0xjUoY7D_3840_1440.png,cropped_0003_label_0xjUoY7D_3840_1440_mask.png
cropped_0003_label_0xjUoY7D_0_480.png,cropped_0003_label_0xjUoY7D_0_480_mask.png
cropped_0003_label_0xjUoY7D_2400_2400.png,cropped_0003_label_0xjUoY7D_2400_2400_mask.png
cropped_0003_label_0xjUoY7D_1920_2880.png,cropped_0003_label_0xjUoY7D_1920_2880_mask.png
cropped_0003_label_0xjUoY7D_3360_1440.png,cropped_0003_label_0xjUoY7D_3360_1440_mask.png
cropped_0003_label_0xjUoY7D_2400_0.png,cropped_0003_label_0xjUoY7D_2400_0_mask.png
cropped_0003_label_0xjUoY7D_3360_1920.png,cropped_0003_label_0xjUoY7D_3360_1920_mask.png
cropped_0003_label_0xjUoY7D_480_1920.png,cropped_0003_label_0xjUoY7D_480_1920_mask.png
cropped_0003_label_0xjUoY7D_3360_0.png,cropped_0003_label_0xjUoY7D_3360_0_mask.png
cropped_0003_label_0xjUoY7D_1920_480.png,cropped_0003_label_0xjUoY7D_1920_480_mask.png
cropped_0003_label_0xjUoY7D_0_1920.png,cropped_0003_label_0xjUoY7D_0_1920_mask.png
cropped_0003_label_0xjUoY7D_3360_480.png,cropped_0003_label_0xjUoY7D_3360_480_mask.png
cropped_0003_label_0xjUoY7D_480_2880.png,cropped_0003_label_0xjUoY7D_480_2880_mask.png
cropped_0019_label_iSVx22hl_3840_1440.png,cropped_0019_label_iSVx22hl_3840_1440_mask.png
cropped_0019_label_iSVx22hl_1920_2880.png,cropped_0019_label_iSVx22hl_1920_2880_mask.png
cropped_0019_label_iSVx22hl_0_480.png,cropped_0019_label_iSVx22hl_0_480_mask.png
cropped_0019_label_iSVx22hl_3360_0.png,cropped_0019_label_iSVx22hl_3360_0_mask.png
cropped_0019_label_iSVx22hl_0_960.png,cropped_0019_label_iSVx22hl_0_960_mask.png
cropped_0019_label_iSVx22hl_3840_960.png,cropped_0019_label_iSVx22hl_3840_960_mask.png
cropped_0019_label_iSVx22hl_2880_2400.png,cropped_0019_label_iSVx22hl_2880_2400_mask.png
cropped_0019_label_iSVx22hl_3360_1440.png,cropped_0019_label_iSVx22hl_3360_1440_mask.png
cropped_0019_label_iSVx22hl_3840_1920.png,cropped_0019_label_iSVx22hl_3840_1920_mask.png
cropped_0019_label_iSVx22hl_1440_2880.png,cropped_0019_label_iSVx22hl_1440_2880_mask.png
cropped_0019_label_iSVx22hl_3360_1920.png,cropped_0019_label_iSVx22hl_3360_1920_mask.png
cropped_0019_label_iSVx22hl_480_2400.png,cropped_0019_label_iSVx22hl_480_2400_mask.png
cropped_0019_label_iSVx22hl_2880_1920.png,cropped_0019_label_iSVx22hl_2880_1920_mask.png
cropped_0019_label_iSVx22hl_2400_2400.png,cropped_0019_label_iSVx22hl_2400_2400_mask.png
cropped_0018_label_iGFOdcQt_2880_1920.png,cropped_0018_label_iGFOdcQt_2880_1920_mask.png
cropped_0018_label_iGFOdcQt_2880_1440.png,cropped_0018_label_iGFOdcQt_2880_1440_mask.png
cropped_0018_label_iGFOdcQt_3840_2400.png,cropped_0018_label_iGFOdcQt_3840_2400_mask.png
cropped_0018_label_iGFOdcQt_480_960.png,cropped_0018_label_iGFOdcQt_480_960_mask.png
cropped_0018_label_iGFOdcQt_2880_2880.png,cropped_0018_label_iGFOdcQt_2880_2880_mask.png
cropped_0018_label_iGFOdcQt_1440_0.png,cropped_0018_label_iGFOdcQt_1440_0_mask.png
cropped_0018_label_iGFOdcQt_2400_1440.png,cropped_0018_label_iGFOdcQt_2400_1440_mask.png
cropped_0018_label_iGFOdcQt_3360_1920.png,cropped_0018_label_iGFOdcQt_3360_1920_mask.png
cropped_0018_label_iGFOdcQt_3840_2880.png,cropped_0018_label_iGFOdcQt_3840_2880_mask.png
cropped_0018_label_iGFOdcQt_1920_480.png,cropped_0018_label_iGFOdcQt_1920_480_mask.png
cropped_0018_label_iGFOdcQt_2880_0.png,cropped_0018_label_iGFOdcQt_2880_0_mask.png
cropped_0018_label_iGFOdcQt_3840_1920.png,cropped_0018_label_iGFOdcQt_3840_1920_mask.png
cropped_0018_label_iGFOdcQt_1440_2400.png,cropped_0018_label_iGFOdcQt_1440_2400_mask.png
cropped_0018_label_iGFOdcQt_0_1440.png,cropped_0018_label_iGFOdcQt_0_1440_mask.png
cropped_0018_label_iGFOdcQt_3360_2400.png,cropped_0018_label_iGFOdcQt_3360_2400_mask.png
cropped_0018_label_iGFOdcQt_0_1920.png,cropped_0018_label_iGFOdcQt_0_1920_mask.png
cropped_0018_label_iGFOdcQt_1920_0.png,cropped_0018_label_iGFOdcQt_1920_0_mask.png
cropped_0018_label_iGFOdcQt_0_960.png,cropped_0018_label_iGFOdcQt_0_960_mask.png
cropped_0018_label_iGFOdcQt_1920_960.png,cropped_0018_label_iGFOdcQt_1920_960_mask.png
cropped_0018_label_iGFOdcQt_1920_2400.png,cropped_0018_label_iGFOdcQt_1920_2400_mask.png
cropped_0018_label_iGFOdcQt_3360_0.png,cropped_0018_label_iGFOdcQt_3360_0_mask.png
cropped_00000021_2_1920_2880.png,cropped_00000021_2_1920_2880_mask.png
cropped_00000021_2_480_2400.png,cropped_00000021_2_480_2400_mask.png
cropped_00000021_2_1440_960.png,cropped_00000021_2_1440_960_mask.png
cropped_00000021_2_2880_2400.png,cropped_00000021_2_2880_2400_mask.png
cropped_00000021_2_480_480.png,cropped_00000021_2_480_480_mask.png
cropped_00000021_2_960_1440.png,cropped_00000021_2_960_1440_mask.png
cropped_00000021_2_480_0.png,cropped_00000021_2_480_0_mask.png
cropped_00000021_2_3360_480.png,cropped_00000021_2_3360_480_mask.png
cropped_00000021_2_1440_1440.png,cropped_00000021_2_1440_1440_mask.png
cropped_00000021_2_3840_480.png,cropped_00000021_2_3840_480_mask.png
cropped_00000021_2_2880_1440.png,cropped_00000021_2_2880_1440_mask.png
cropped_00000021_2_1440_1920.png,cropped_00000021_2_1440_1920_mask.png
cropped_00000021_2_3840_960.png,cropped_00000021_2_3840_960_mask.png
cropped_00000022_2_3360_1440.png,cropped_00000022_2_3360_1440_mask.png
cropped_00000022_2_0_1440.png,cropped_00000022_2_0_1440_mask.png
cropped_00000022_2_3840_480.png,cropped_00000022_2_3840_480_mask.png
cropped_00000022_2_1440_480.png,cropped_00000022_2_1440_480_mask.png
cropped_00000022_2_2880_2400.png,cropped_00000022_2_2880_2400_mask.png
cropped_00000022_2_2880_480.png,cropped_00000022_2_2880_480_mask.png
cropped_00000022_2_0_0.png,cropped_00000022_2_0_0_mask.png
cropped_00000022_2_2880_1440.png,cropped_00000022_2_2880_1440_mask.png
cropped_00000022_2_960_2400.png,cropped_00000022_2_960_2400_mask.png
cropped_00000022_2_2400_2880.png,cropped_00000022_2_2400_2880_mask.png
cropped_00000022_2_3360_2880.png,cropped_00000022_2_3360_2880_mask.png
cropped_00000022_2_480_0.png,cropped_00000022_2_480_0_mask.png
cropped_00000022_2_1440_960.png,cropped_00000022_2_1440_960_mask.png
cropped_00000022_2_1920_2400.png,cropped_00000022_2_1920_2400_mask.png
cropped_00000022_2_3840_1920.png,cropped_00000022_2_3840_1920_mask.png
cropped_0015_label_M4HYDr16_480_2880.png,cropped_0015_label_M4HYDr16_480_2880_mask.png
cropped_0015_label_M4HYDr16_480_1920.png,cropped_0015_label_M4HYDr16_480_1920_mask.png
cropped_0015_label_M4HYDr16_3360_1920.png,cropped_0015_label_M4HYDr16_3360_1920_mask.png
cropped_0015_label_M4HYDr16_480_480.png,cropped_0015_label_M4HYDr16_480_480_mask.png
cropped_0015_label_M4HYDr16_960_960.png,cropped_0015_label_M4HYDr16_960_960_mask.png
cropped_0015_label_M4HYDr16_1920_480.png,cropped_0015_label_M4HYDr16_1920_480_mask.png
cropped_0015_label_M4HYDr16_1440_0.png,cropped_0015_label_M4HYDr16_1440_0_mask.png
cropped_0015_label_M4HYDr16_2880_1440.png,cropped_0015_label_M4HYDr16_2880_1440_mask.png
cropped_0015_label_M4HYDr16_0_2400.png,cropped_0015_label_M4HYDr16_0_2400_mask.png
cropped_0015_label_M4HYDr16_2880_2400.png,cropped_0015_label_M4HYDr16_2880_2400_mask.png
cropped_0015_label_M4HYDr16_960_480.png,cropped_0015_label_M4HYDr16_960_480_mask.png
cropped_0015_label_M4HYDr16_1440_480.png,cropped_0015_label_M4HYDr16_1440_480_mask.png
cropped_0015_label_M4HYDr16_1440_2400.png,cropped_0015_label_M4HYDr16_1440_2400_mask.png
cropped_0015_label_M4HYDr16_2400_2880.png,cropped_0015_label_M4HYDr16_2400_2880_mask.png
cropped_0015_label_M4HYDr16_960_2880.png,cropped_0015_label_M4HYDr16_960_2880_mask.png
cropped_0015_label_M4HYDr16_1920_960.png,cropped_0015_label_M4HYDr16_1920_960_mask.png
cropped_0015_label_M4HYDr16_480_2400.png,cropped_0015_label_M4HYDr16_480_2400_mask.png
cropped_0015_label_M4HYDr16_1920_0.png,cropped_0015_label_M4HYDr16_1920_0_mask.png
cropped_0015_label_M4HYDr16_480_0.png,cropped_0015_label_M4HYDr16_480_0_mask.png
cropped_0001_label_l26civYo_3360_0.png,cropped_0001_label_l26civYo_3360_0_mask.png
cropped_0001_label_l26civYo_2880_1440.png,cropped_0001_label_l26civYo_2880_1440_mask.png
cropped_0001_label_l26civYo_1440_0.png,cropped_0001_label_l26civYo_1440_0_mask.png
cropped_0001_label_l26civYo_3360_2880.png,cropped_0001_label_l26civYo_3360_2880_mask.png
cropped_0001_label_l26civYo_1920_1440.png,cropped_0001_label_l26civYo_1920_1440_mask.png
cropped_0001_label_l26civYo_960_2880.png,cropped_0001_label_l26civYo_960_2880_mask.png
cropped_0001_label_l26civYo_3360_1920.png,cropped_0001_label_l26civYo_3360_1920_mask.png
cropped_0001_label_l26civYo_960_2400.png,cropped_0001_label_l26civYo_960_2400_mask.png
cropped_0001_label_l26civYo_0_2400.png,cropped_0001_label_l26civYo_0_2400_mask.png
cropped_0001_label_l26civYo_3360_480.png,cropped_0001_label_l26civYo_3360_480_mask.png
cropped_0001_label_l26civYo_480_0.png,cropped_0001_label_l26civYo_480_0_mask.png
cropped_0001_label_l26civYo_0_1920.png,cropped_0001_label_l26civYo_0_1920_mask.png
cropped_0001_label_l26civYo_2880_1920.png,cropped_0001_label_l26civYo_2880_1920_mask.png
cropped_0001_label_l26civYo_3360_1440.png,cropped_0001_label_l26civYo_3360_1440_mask.png
cropped_0001_label_l26civYo_960_960.png,cropped_0001_label_l26civYo_960_960_mask.png
cropped_0001_label_l26civYo_3360_960.png,cropped_0001_label_l26civYo_3360_960_mask.png
cropped_0001_label_l26civYo_0_960.png,cropped_0001_label_l26civYo_0_960_mask.png
cropped_0001_label_l26civYo_0_0.png,cropped_0001_label_l26civYo_0_0_mask.png
cropped_0001_label_l26civYo_2400_0.png,cropped_0001_label_l26civYo_2400_0_mask.png
cropped_0001_label_l26civYo_1440_480.png,cropped_0001_label_l26civYo_1440_480_mask.png
cropped_0001_label_l26civYo_3840_1440.png,cropped_0001_label_l26civYo_3840_1440_mask.png
cropped_0001_label_l26civYo_0_2880.png,cropped_0001_label_l26civYo_0_2880_mask.png
cropped_0001_label_l26civYo_2400_960.png,cropped_0001_label_l26civYo_2400_960_mask.png
cropped_0015_label_tALCG3Yy_2400_480.png,cropped_0015_label_tALCG3Yy_2400_480_mask.png
cropped_0015_label_tALCG3Yy_1440_480.png,cropped_0015_label_tALCG3Yy_1440_480_mask.png
cropped_0015_label_tALCG3Yy_1920_1440.png,cropped_0015_label_tALCG3Yy_1920_1440_mask.png
cropped_0015_label_tALCG3Yy_3840_1920.png,cropped_0015_label_tALCG3Yy_3840_1920_mask.png
cropped_0015_label_tALCG3Yy_2880_2880.png,cropped_0015_label_tALCG3Yy_2880_2880_mask.png
cropped_0015_label_tALCG3Yy_3360_0.png,cropped_0015_label_tALCG3Yy_3360_0_mask.png
cropped_0015_label_tALCG3Yy_960_480.png,cropped_0015_label_tALCG3Yy_960_480_mask.png
cropped_0015_label_tALCG3Yy_0_1920.png,cropped_0015_label_tALCG3Yy_0_1920_mask.png
cropped_0015_label_tALCG3Yy_3360_1920.png,cropped_0015_label_tALCG3Yy_3360_1920_mask.png
cropped_0015_label_tALCG3Yy_2400_2400.png,cropped_0015_label_tALCG3Yy_2400_2400_mask.png
cropped_0015_label_tALCG3Yy_2400_960.png,cropped_0015_label_tALCG3Yy_2400_960_mask.png
cropped_0015_label_tALCG3Yy_480_2880.png,cropped_0015_label_tALCG3Yy_480_2880_mask.png
cropped_0015_label_tALCG3Yy_480_2400.png,cropped_0015_label_tALCG3Yy_480_2400_mask.png
cropped_0008_label_1XDZxhBC_960_2400.png,cropped_0008_label_1XDZxhBC_960_2400_mask.png
cropped_0008_label_1XDZxhBC_1920_960.png,cropped_0008_label_1XDZxhBC_1920_960_mask.png
cropped_0008_label_1XDZxhBC_2400_2880.png,cropped_0008_label_1XDZxhBC_2400_2880_mask.png
cropped_0008_label_1XDZxhBC_960_0.png,cropped_0008_label_1XDZxhBC_960_0_mask.png
cropped_0008_label_1XDZxhBC_1440_2400.png,cropped_0008_label_1XDZxhBC_1440_2400_mask.png
cropped_0008_label_1XDZxhBC_1920_2880.png,cropped_0008_label_1XDZxhBC_1920_2880_mask.png
cropped_0008_label_1XDZxhBC_0_1920.png,cropped_0008_label_1XDZxhBC_0_1920_mask.png
cropped_0008_label_1XDZxhBC_2880_2880.png,cropped_0008_label_1XDZxhBC_2880_2880_mask.png
cropped_0008_label_1XDZxhBC_2400_2400.png,cropped_0008_label_1XDZxhBC_2400_2400_mask.png
cropped_0008_label_1XDZxhBC_3360_960.png,cropped_0008_label_1XDZxhBC_3360_960_mask.png
cropped_0008_label_1XDZxhBC_960_1920.png,cropped_0008_label_1XDZxhBC_960_1920_mask.png
cropped_0008_label_1XDZxhBC_960_960.png,cropped_0008_label_1XDZxhBC_960_960_mask.png
cropped_0008_label_1XDZxhBC_1920_480.png,cropped_0008_label_1XDZxhBC_1920_480_mask.png
cropped_0008_label_1XDZxhBC_480_1440.png,cropped_0008_label_1XDZxhBC_480_1440_mask.png
cropped_0008_label_1XDZxhBC_0_1440.png,cropped_0008_label_1XDZxhBC_0_1440_mask.png
cropped_0001_label_5YuL3VcR_1920_1440.png,cropped_0001_label_5YuL3VcR_1920_1440_mask.png
cropped_0001_label_5YuL3VcR_2400_2880.png,cropped_0001_label_5YuL3VcR_2400_2880_mask.png
cropped_0001_label_5YuL3VcR_960_2400.png,cropped_0001_label_5YuL3VcR_960_2400_mask.png
cropped_0001_label_5YuL3VcR_3840_2880.png,cropped_0001_label_5YuL3VcR_3840_2880_mask.png
cropped_0001_label_5YuL3VcR_2400_1440.png,cropped_0001_label_5YuL3VcR_2400_1440_mask.png
cropped_0001_label_5YuL3VcR_2400_480.png,cropped_0001_label_5YuL3VcR_2400_480_mask.png
cropped_0001_label_5YuL3VcR_2880_2400.png,cropped_0001_label_5YuL3VcR_2880_2400_mask.png
cropped_0001_label_5YuL3VcR_2400_0.png,cropped_0001_label_5YuL3VcR_2400_0_mask.png
cropped_0001_label_5YuL3VcR_960_2880.png,cropped_0001_label_5YuL3VcR_960_2880_mask.png
cropped_0001_label_5YuL3VcR_1920_2880.png,cropped_0001_label_5YuL3VcR_1920_2880_mask.png
cropped_0001_label_5YuL3VcR_1920_480.png,cropped_0001_label_5YuL3VcR_1920_480_mask.png
cropped_0001_label_5YuL3VcR_1440_1440.png,cropped_0001_label_5YuL3VcR_1440_1440_mask.png
cropped_0001_label_5YuL3VcR_2880_1920.png,cropped_0001_label_5YuL3VcR_2880_1920_mask.png
cropped_0001_label_5YuL3VcR_1440_1920.png,cropped_0001_label_5YuL3VcR_1440_1920_mask.png
cropped_0001_label_5YuL3VcR_480_2400.png,cropped_0001_label_5YuL3VcR_480_2400_mask.png
cropped_0001_label_5YuL3VcR_0_1920.png,cropped_0001_label_5YuL3VcR_0_1920_mask.png
cropped_0001_label_5YuL3VcR_1440_960.png,cropped_0001_label_5YuL3VcR_1440_960_mask.png
cropped_0001_label_5YuL3VcR_1440_2880.png,cropped_0001_label_5YuL3VcR_1440_2880_mask.png
cropped_0001_label_5YuL3VcR_2400_1920.png,cropped_0001_label_5YuL3VcR_2400_1920_mask.png
cropped_0001_label_5YuL3VcR_960_960.png,cropped_0001_label_5YuL3VcR_960_960_mask.png
cropped_0001_label_5YuL3VcR_480_480.png,cropped_0001_label_5YuL3VcR_480_480_mask.png
cropped_0001_label_5YuL3VcR_3360_2400.png,cropped_0001_label_5YuL3VcR_3360_2400_mask.png
cropped_0001_label_5YuL3VcR_2400_2400.png,cropped_0001_label_5YuL3VcR_2400_2400_mask.png
cropped_0001_label_5YuL3VcR_1440_2400.png,cropped_0001_label_5YuL3VcR_1440_2400_mask.png
cropped_00000029_2_3840_1440.png,cropped_00000029_2_3840_1440_mask.png
cropped_00000029_2_3360_960.png,cropped_00000029_2_3360_960_mask.png
cropped_00000029_2_0_2880.png,cropped_00000029_2_0_2880_mask.png
cropped_00000029_2_0_2400.png,cropped_00000029_2_0_2400_mask.png
cropped_00000029_2_960_480.png,cropped_00000029_2_960_480_mask.png
cropped_00000029_2_1920_1920.png,cropped_00000029_2_1920_1920_mask.png
cropped_00000029_2_2880_0.png,cropped_00000029_2_2880_0_mask.png
cropped_00000029_2_1920_1440.png,cropped_00000029_2_1920_1440_mask.png
cropped_00000029_2_2400_2400.png,cropped_00000029_2_2400_2400_mask.png
cropped_00000029_2_2400_1440.png,cropped_00000029_2_2400_1440_mask.png
cropped_00000029_2_2400_0.png,cropped_00000029_2_2400_0_mask.png
cropped_00000029_2_1440_1920.png,cropped_00000029_2_1440_1920_mask.png
cropped_00000029_2_480_2880.png,cropped_00000029_2_480_2880_mask.png
cropped_0019_label_Y0sRpXgl_3840_1440.png,cropped_0019_label_Y0sRpXgl_3840_1440_mask.png
cropped_0019_label_Y0sRpXgl_960_2400.png,cropped_0019_label_Y0sRpXgl_960_2400_mask.png
cropped_0019_label_Y0sRpXgl_2880_1920.png,cropped_0019_label_Y0sRpXgl_2880_1920_mask.png
cropped_0019_label_Y0sRpXgl_480_1920.png,cropped_0019_label_Y0sRpXgl_480_1920_mask.png
cropped_0019_label_Y0sRpXgl_2400_1440.png,cropped_0019_label_Y0sRpXgl_2400_1440_mask.png
cropped_0019_label_Y0sRpXgl_2880_2400.png,cropped_0019_label_Y0sRpXgl_2880_2400_mask.png
cropped_0019_label_Y0sRpXgl_2400_2880.png,cropped_0019_label_Y0sRpXgl_2400_2880_mask.png
cropped_0019_label_Y0sRpXgl_1920_2400.png,cropped_0019_label_Y0sRpXgl_1920_2400_mask.png
cropped_0019_label_Y0sRpXgl_1440_1920.png,cropped_0019_label_Y0sRpXgl_1440_1920_mask.png
cropped_0019_label_Y0sRpXgl_1440_960.png,cropped_0019_label_Y0sRpXgl_1440_960_mask.png
cropped_0019_label_Y0sRpXgl_2880_2880.png,cropped_0019_label_Y0sRpXgl_2880_2880_mask.png
cropped_0019_label_Y0sRpXgl_2400_2400.png,cropped_0019_label_Y0sRpXgl_2400_2400_mask.png
cropped_0019_label_Y0sRpXgl_480_0.png,cropped_0019_label_Y0sRpXgl_480_0_mask.png
cropped_0019_label_Y0sRpXgl_3360_1440.png,cropped_0019_label_Y0sRpXgl_3360_1440_mask.png
cropped_0019_label_Y0sRpXgl_2880_0.png,cropped_0019_label_Y0sRpXgl_2880_0_mask.png
cropped_0019_label_Y0sRpXgl_1920_1920.png,cropped_0019_label_Y0sRpXgl_1920_1920_mask.png
cropped_0019_label_Y0sRpXgl_960_1920.png,cropped_0019_label_Y0sRpXgl_960_1920_mask.png
cropped_0019_label_ckrYP90D_1440_2880.png,cropped_0019_label_ckrYP90D_1440_2880_mask.png
cropped_0019_label_ckrYP90D_3360_1920.png,cropped_0019_label_ckrYP90D_3360_1920_mask.png
cropped_0019_label_ckrYP90D_1440_1440.png,cropped_0019_label_ckrYP90D_1440_1440_mask.png
cropped_0019_label_ckrYP90D_2880_0.png,cropped_0019_label_ckrYP90D_2880_0_mask.png
cropped_0019_label_ckrYP90D_3360_1440.png,cropped_0019_label_ckrYP90D_3360_1440_mask.png
cropped_0019_label_ckrYP90D_960_1440.png,cropped_0019_label_ckrYP90D_960_1440_mask.png
cropped_0019_label_ckrYP90D_3840_1440.png,cropped_0019_label_ckrYP90D_3840_1440_mask.png
cropped_0019_label_ckrYP90D_960_480.png,cropped_0019_label_ckrYP90D_960_480_mask.png
cropped_0019_label_ckrYP90D_0_0.png,cropped_0019_label_ckrYP90D_0_0_mask.png
cropped_0019_label_ckrYP90D_960_1920.png,cropped_0019_label_ckrYP90D_960_1920_mask.png
cropped_0019_label_ckrYP90D_1440_2400.png,cropped_0019_label_ckrYP90D_1440_2400_mask.png
cropped_0019_label_ckrYP90D_3360_480.png,cropped_0019_label_ckrYP90D_3360_480_mask.png
cropped_0019_label_ckrYP90D_1920_2400.png,cropped_0019_label_ckrYP90D_1920_2400_mask.png
cropped_0019_label_ckrYP90D_2400_1440.png,cropped_0019_label_ckrYP90D_2400_1440_mask.png
cropped_0019_label_ckrYP90D_0_2400.png,cropped_0019_label_ckrYP90D_0_2400_mask.png
cropped_0019_label_ckrYP90D_3840_1920.png,cropped_0019_label_ckrYP90D_3840_1920_mask.png
cropped_0019_label_ckrYP90D_1920_2880.png,cropped_0019_label_ckrYP90D_1920_2880_mask.png
cropped_0019_label_ckrYP90D_2880_480.png,cropped_0019_label_ckrYP90D_2880_480_mask.png
cropped_0019_label_ckrYP90D_480_2880.png,cropped_0019_label_ckrYP90D_480_2880_mask.png
cropped_0019_label_ckrYP90D_2400_0.png,cropped_0019_label_ckrYP90D_2400_0_mask.png
cropped_0019_label_ckrYP90D_3840_960.png,cropped_0019_label_ckrYP90D_3840_960_mask.png
cropped_0019_label_ckrYP90D_3360_960.png,cropped_0019_label_ckrYP90D_3360_960_mask.png
cropped_0019_label_ckrYP90D_1920_0.png,cropped_0019_label_ckrYP90D_1920_0_mask.png
cropped_0011_label_GQ173MEa_1920_1920.png,cropped_0011_label_GQ173MEa_1920_1920_mask.png
cropped_0011_label_GQ173MEa_2880_1920.png,cropped_0011_label_GQ173MEa_2880_1920_mask.png
cropped_0011_label_GQ173MEa_3360_2880.png,cropped_0011_label_GQ173MEa_3360_2880_mask.png
cropped_0011_label_GQ173MEa_960_2880.png,cropped_0011_label_GQ173MEa_960_2880_mask.png
cropped_0011_label_GQ173MEa_2400_480.png,cropped_0011_label_GQ173MEa_2400_480_mask.png
cropped_0011_label_GQ173MEa_0_2400.png,cropped_0011_label_GQ173MEa_0_2400_mask.png
cropped_0011_label_GQ173MEa_0_2880.png,cropped_0011_label_GQ173MEa_0_2880_mask.png
cropped_0011_label_GQ173MEa_3360_2400.png,cropped_0011_label_GQ173MEa_3360_2400_mask.png
cropped_0011_label_GQ173MEa_1920_960.png,cropped_0011_label_GQ173MEa_1920_960_mask.png
cropped_0011_label_GQ173MEa_2400_960.png,cropped_0011_label_GQ173MEa_2400_960_mask.png
cropped_0011_label_GQ173MEa_2400_1440.png,cropped_0011_label_GQ173MEa_2400_1440_mask.png
cropped_0011_label_GQ173MEa_1920_480.png,cropped_0011_label_GQ173MEa_1920_480_mask.png
cropped_0011_label_GQ173MEa_960_0.png,cropped_0011_label_GQ173MEa_960_0_mask.png
cropped_0011_label_GQ173MEa_960_1920.png,cropped_0011_label_GQ173MEa_960_1920_mask.png
cropped_0011_label_GQ173MEa_3360_960.png,cropped_0011_label_GQ173MEa_3360_960_mask.png
cropped_0011_label_GQ173MEa_480_480.png,cropped_0011_label_GQ173MEa_480_480_mask.png
cropped_0011_label_GQ173MEa_1440_960.png,cropped_0011_label_GQ173MEa_1440_960_mask.png
cropped_0011_label_GQ173MEa_480_2400.png,cropped_0011_label_GQ173MEa_480_2400_mask.png
cropped_0011_label_GQ173MEa_1920_1440.png,cropped_0011_label_GQ173MEa_1920_1440_mask.png
cropped_0011_label_GQ173MEa_960_2400.png,cropped_0011_label_GQ173MEa_960_2400_mask.png
cropped_0015_label_FCjmsocM_0_2400.png,cropped_0015_label_FCjmsocM_0_2400_mask.png
cropped_0015_label_FCjmsocM_3360_2400.png,cropped_0015_label_FCjmsocM_3360_2400_mask.png
cropped_0015_label_FCjmsocM_480_1920.png,cropped_0015_label_FCjmsocM_480_1920_mask.png
cropped_0015_label_FCjmsocM_1440_960.png,cropped_0015_label_FCjmsocM_1440_960_mask.png
cropped_0015_label_FCjmsocM_2880_0.png,cropped_0015_label_FCjmsocM_2880_0_mask.png
cropped_0015_label_FCjmsocM_1440_1920.png,cropped_0015_label_FCjmsocM_1440_1920_mask.png
cropped_0015_label_FCjmsocM_1920_2400.png,cropped_0015_label_FCjmsocM_1920_2400_mask.png
cropped_0015_label_FCjmsocM_2880_1920.png,cropped_0015_label_FCjmsocM_2880_1920_mask.png
cropped_0015_label_FCjmsocM_2400_1920.png,cropped_0015_label_FCjmsocM_2400_1920_mask.png
cropped_0015_label_FCjmsocM_0_2880.png,cropped_0015_label_FCjmsocM_0_2880_mask.png
cropped_0015_label_FCjmsocM_1920_480.png,cropped_0015_label_FCjmsocM_1920_480_mask.png
cropped_0015_label_FCjmsocM_480_480.png,cropped_0015_label_FCjmsocM_480_480_mask.png
cropped_0015_label_FCjmsocM_1920_1440.png,cropped_0015_label_FCjmsocM_1920_1440_mask.png
cropped_00000019_1_2880_0.png,cropped_00000019_1_2880_0_mask.png
cropped_00000019_1_480_480.png,cropped_00000019_1_480_480_mask.png
cropped_00000019_1_1440_960.png,cropped_00000019_1_1440_960_mask.png
cropped_00000019_1_3360_1440.png,cropped_00000019_1_3360_1440_mask.png
cropped_00000019_1_3840_960.png,cropped_00000019_1_3840_960_mask.png
cropped_00000019_1_480_1440.png,cropped_00000019_1_480_1440_mask.png
cropped_00000019_1_2880_480.png,cropped_00000019_1_2880_480_mask.png
cropped_00000019_1_1440_1920.png,cropped_00000019_1_1440_1920_mask.png
cropped_00000019_1_3360_960.png,cropped_00000019_1_3360_960_mask.png
cropped_00000019_1_1440_0.png,cropped_00000019_1_1440_0_mask.png
cropped_00000019_1_960_1440.png,cropped_00000019_1_960_1440_mask.png
cropped_00000019_1_2880_2880.png,cropped_00000019_1_2880_2880_mask.png
cropped_00000019_1_960_960.png,cropped_00000019_1_960_960_mask.png
cropped_00000019_1_480_960.png,cropped_00000019_1_480_960_mask.png
cropped_00000019_1_1920_1440.png,cropped_00000019_1_1920_1440_mask.png
cropped_00000019_1_960_480.png,cropped_00000019_1_960_480_mask.png
cropped_00000019_1_0_960.png,cropped_00000019_1_0_960_mask.png
cropped_00000019_1_0_2880.png,cropped_00000019_1_0_2880_mask.png
cropped_00000019_1_2400_480.png,cropped_00000019_1_2400_480_mask.png
cropped_00000019_1_0_1920.png,cropped_00000019_1_0_1920_mask.png
cropped_00000019_1_1920_2400.png,cropped_00000019_1_1920_2400_mask.png
cropped_00000019_1_1920_0.png,cropped_00000019_1_1920_0_mask.png
cropped_00000019_1_3360_1920.png,cropped_00000019_1_3360_1920_mask.png
cropped_00000019_1_480_0.png,cropped_00000019_1_480_0_mask.png
cropped_00000019_1_2400_960.png,cropped_00000019_1_2400_960_mask.png
cropped_00000019_1_3840_2880.png,cropped_00000019_1_3840_2880_mask.png
cropped_00000019_1_0_0.png,cropped_00000019_1_0_0_mask.png
cropped_00000024_1_960_2400.png,cropped_00000024_1_960_2400_mask.png
cropped_00000024_1_3840_2400.png,cropped_00000024_1_3840_2400_mask.png
cropped_00000024_1_2400_0.png,cropped_00000024_1_2400_0_mask.png
cropped_00000024_1_960_1440.png,cropped_00000024_1_960_1440_mask.png
cropped_00000024_1_2400_960.png,cropped_00000024_1_2400_960_mask.png
cropped_00000024_1_960_480.png,cropped_00000024_1_960_480_mask.png
cropped_00000024_1_0_1440.png,cropped_00000024_1_0_1440_mask.png
cropped_00000024_1_1440_480.png,cropped_00000024_1_1440_480_mask.png
cropped_00000024_1_2880_960.png,cropped_00000024_1_2880_960_mask.png
cropped_00000024_1_1440_960.png,cropped_00000024_1_1440_960_mask.png
cropped_00000024_1_1920_2400.png,cropped_00000024_1_1920_2400_mask.png
cropped_00000024_1_0_2400.png,cropped_00000024_1_0_2400_mask.png
cropped_00000024_1_3360_960.png,cropped_00000024_1_3360_960_mask.png
cropped_00000024_1_480_480.png,cropped_00000024_1_480_480_mask.png
cropped_00000024_1_3840_1920.png,cropped_00000024_1_3840_1920_mask.png
cropped_00000024_1_480_960.png,cropped_00000024_1_480_960_mask.png
cropped_00000024_1_1920_960.png,cropped_00000024_1_1920_960_mask.png
cropped_00000024_1_2400_1440.png,cropped_00000024_1_2400_1440_mask.png
cropped_00000024_1_1920_480.png,cropped_00000024_1_1920_480_mask.png
cropped_00000024_1_480_0.png,cropped_00000024_1_480_0_mask.png
cropped_00000024_1_3840_1440.png,cropped_00000024_1_3840_1440_mask.png
cropped_00000024_1_960_960.png,cropped_00000024_1_960_960_mask.png
cropped_00000024_1_0_0.png,cropped_00000024_1_0_0_mask.png
cropped_00000024_1_2880_2880.png,cropped_00000024_1_2880_2880_mask.png
cropped_0005_label_lY40XnMe_3840_1440.png,cropped_0005_label_lY40XnMe_3840_1440_mask.png
cropped_0005_label_lY40XnMe_960_1440.png,cropped_0005_label_lY40XnMe_960_1440_mask.png
cropped_0005_label_lY40XnMe_3360_2880.png,cropped_0005_label_lY40XnMe_3360_2880_mask.png
cropped_0005_label_lY40XnMe_1440_1440.png,cropped_0005_label_lY40XnMe_1440_1440_mask.png
cropped_0005_label_lY40XnMe_0_0.png,cropped_0005_label_lY40XnMe_0_0_mask.png
cropped_0005_label_lY40XnMe_3840_960.png,cropped_0005_label_lY40XnMe_3840_960_mask.png
cropped_0005_label_lY40XnMe_3840_480.png,cropped_0005_label_lY40XnMe_3840_480_mask.png
cropped_0005_label_lY40XnMe_3840_2880.png,cropped_0005_label_lY40XnMe_3840_2880_mask.png
cropped_0005_label_lY40XnMe_480_1920.png,cropped_0005_label_lY40XnMe_480_1920_mask.png
cropped_0005_label_lY40XnMe_960_2400.png,cropped_0005_label_lY40XnMe_960_2400_mask.png
cropped_0005_label_lY40XnMe_2400_2880.png,cropped_0005_label_lY40XnMe_2400_2880_mask.png
cropped_0005_label_lY40XnMe_0_960.png,cropped_0005_label_lY40XnMe_0_960_mask.png
cropped_0005_label_lY40XnMe_0_2400.png,cropped_0005_label_lY40XnMe_0_2400_mask.png
cropped_0001_label_iGFOdcQt_1920_480.png,cropped_0001_label_iGFOdcQt_1920_480_mask.png
cropped_0001_label_iGFOdcQt_2400_1920.png,cropped_0001_label_iGFOdcQt_2400_1920_mask.png
cropped_0001_label_iGFOdcQt_3360_2400.png,cropped_0001_label_iGFOdcQt_3360_2400_mask.png
cropped_0001_label_iGFOdcQt_3840_480.png,cropped_0001_label_iGFOdcQt_3840_480_mask.png
cropped_0001_label_iGFOdcQt_2880_1440.png,cropped_0001_label_iGFOdcQt_2880_1440_mask.png
cropped_0001_label_iGFOdcQt_3840_2880.png,cropped_0001_label_iGFOdcQt_3840_2880_mask.png
cropped_0001_label_iGFOdcQt_2880_1920.png,cropped_0001_label_iGFOdcQt_2880_1920_mask.png
cropped_0001_label_iGFOdcQt_2880_2400.png,cropped_0001_label_iGFOdcQt_2880_2400_mask.png
cropped_0001_label_iGFOdcQt_3360_960.png,cropped_0001_label_iGFOdcQt_3360_960_mask.png
cropped_0001_label_iGFOdcQt_960_960.png,cropped_0001_label_iGFOdcQt_960_960_mask.png
cropped_0001_label_iGFOdcQt_3840_1440.png,cropped_0001_label_iGFOdcQt_3840_1440_mask.png
cropped_0001_label_iGFOdcQt_2880_480.png,cropped_0001_label_iGFOdcQt_2880_480_mask.png
cropped_0001_label_iGFOdcQt_0_2400.png,cropped_0001_label_iGFOdcQt_0_2400_mask.png
cropped_0001_label_iGFOdcQt_960_1440.png,cropped_0001_label_iGFOdcQt_960_1440_mask.png
cropped_0001_label_iGFOdcQt_3360_2880.png,cropped_0001_label_iGFOdcQt_3360_2880_mask.png
cropped_0001_label_iGFOdcQt_0_1440.png,cropped_0001_label_iGFOdcQt_0_1440_mask.png
cropped_0001_label_iGFOdcQt_1440_480.png,cropped_0001_label_iGFOdcQt_1440_480_mask.png
cropped_0001_label_iGFOdcQt_2880_2880.png,cropped_0001_label_iGFOdcQt_2880_2880_mask.png
cropped_0001_label_iGFOdcQt_1920_1920.png,cropped_0001_label_iGFOdcQt_1920_1920_mask.png
cropped_0001_label_iGFOdcQt_3360_1440.png,cropped_0001_label_iGFOdcQt_3360_1440_mask.png
cropped_0001_label_iGFOdcQt_1920_960.png,cropped_0001_label_iGFOdcQt_1920_960_mask.png
cropped_00000019_4_1920_960.png,cropped_00000019_4_1920_960_mask.png
cropped_00000019_4_1920_2400.png,cropped_00000019_4_1920_2400_mask.png
cropped_00000019_4_1920_480.png,cropped_00000019_4_1920_480_mask.png
cropped_00000019_4_480_1440.png,cropped_00000019_4_480_1440_mask.png
cropped_00000019_4_0_480.png,cropped_00000019_4_0_480_mask.png
cropped_00000019_4_1920_0.png,cropped_00000019_4_1920_0_mask.png
cropped_00000019_4_1920_1440.png,cropped_00000019_4_1920_1440_mask.png
cropped_00000019_4_0_2400.png,cropped_00000019_4_0_2400_mask.png
cropped_00000019_4_2400_1920.png,cropped_00000019_4_2400_1920_mask.png
cropped_00000019_4_2400_480.png,cropped_00000019_4_2400_480_mask.png
cropped_00000019_4_2880_0.png,cropped_00000019_4_2880_0_mask.png
cropped_00000019_4_3840_480.png,cropped_00000019_4_3840_480_mask.png
cropped_00000019_4_2400_0.png,cropped_00000019_4_2400_0_mask.png
cropped_0000_label_UdQfh0C1_0_480.png,cropped_0000_label_UdQfh0C1_0_480_mask.png
cropped_0000_label_UdQfh0C1_3840_1440.png,cropped_0000_label_UdQfh0C1_3840_1440_mask.png
cropped_0000_label_UdQfh0C1_480_2880.png,cropped_0000_label_UdQfh0C1_480_2880_mask.png
cropped_0000_label_UdQfh0C1_1920_480.png,cropped_0000_label_UdQfh0C1_1920_480_mask.png
cropped_0000_label_UdQfh0C1_480_960.png,cropped_0000_label_UdQfh0C1_480_960_mask.png
cropped_0000_label_UdQfh0C1_3840_480.png,cropped_0000_label_UdQfh0C1_3840_480_mask.png
cropped_0000_label_UdQfh0C1_2880_1440.png,cropped_0000_label_UdQfh0C1_2880_1440_mask.png
cropped_0000_label_UdQfh0C1_2400_480.png,cropped_0000_label_UdQfh0C1_2400_480_mask.png
cropped_0000_label_UdQfh0C1_2400_0.png,cropped_0000_label_UdQfh0C1_2400_0_mask.png
cropped_0000_label_UdQfh0C1_2400_960.png,cropped_0000_label_UdQfh0C1_2400_960_mask.png
cropped_0000_label_UdQfh0C1_1440_960.png,cropped_0000_label_UdQfh0C1_1440_960_mask.png
cropped_0000_label_UdQfh0C1_1440_480.png,cropped_0000_label_UdQfh0C1_1440_480_mask.png
cropped_00000081_2880_1440.png,cropped_00000081_2880_1440_mask.png
cropped_00000081_3360_960.png,cropped_00000081_3360_960_mask.png
cropped_00000081_2880_1920.png,cropped_00000081_2880_1920_mask.png
cropped_00000081_2400_1440.png,cropped_00000081_2400_1440_mask.png
cropped_00000081_1440_1920.png,cropped_00000081_1440_1920_mask.png
cropped_00000081_960_960.png,cropped_00000081_960_960_mask.png
cropped_00000081_3360_1440.png,cropped_00000081_3360_1440_mask.png
cropped_00000081_2880_0.png,cropped_00000081_2880_0_mask.png
cropped_00000081_3840_960.png,cropped_00000081_3840_960_mask.png
cropped_00000081_0_1920.png,cropped_00000081_0_1920_mask.png
cropped_00000081_3840_1920.png,cropped_00000081_3840_1920_mask.png
cropped_00000081_0_0.png,cropped_00000081_0_0_mask.png
cropped_00000081_1920_960.png,cropped_00000081_1920_960_mask.png
cropped_00000081_0_960.png,cropped_00000081_0_960_mask.png
cropped_00000081_1920_0.png,cropped_00000081_1920_0_mask.png
cropped_00000081_1440_1440.png,cropped_00000081_1440_1440_mask.png
cropped_00000081_3840_480.png,cropped_00000081_3840_480_mask.png
cropped_00000081_480_960.png,cropped_00000081_480_960_mask.png
cropped_00000081_1920_2400.png,cropped_00000081_1920_2400_mask.png
cropped_00000081_1920_480.png,cropped_00000081_1920_480_mask.png
cropped_00000081_960_480.png,cropped_00000081_960_480_mask.png
cropped_00000011_1_480_2880.png,cropped_00000011_1_480_2880_mask.png
cropped_00000011_1_2880_960.png,cropped_00000011_1_2880_960_mask.png
cropped_00000011_1_960_480.png,cropped_00000011_1_960_480_mask.png
cropped_00000011_1_1440_480.png,cropped_00000011_1_1440_480_mask.png
cropped_00000011_1_3840_0.png,cropped_00000011_1_3840_0_mask.png
cropped_00000011_1_0_2400.png,cropped_00000011_1_0_2400_mask.png
cropped_00000011_1_960_1440.png,cropped_00000011_1_960_1440_mask.png
cropped_00000011_1_3360_0.png,cropped_00000011_1_3360_0_mask.png
cropped_00000011_1_2880_2880.png,cropped_00000011_1_2880_2880_mask.png
cropped_00000011_1_3360_1920.png,cropped_00000011_1_3360_1920_mask.png
cropped_00000011_1_1440_0.png,cropped_00000011_1_1440_0_mask.png
cropped_00000011_1_2400_960.png,cropped_00000011_1_2400_960_mask.png
cropped_00000011_1_2400_480.png,cropped_00000011_1_2400_480_mask.png
cropped_00000011_1_2400_0.png,cropped_00000011_1_2400_0_mask.png
cropped_00000011_1_480_480.png,cropped_00000011_1_480_480_mask.png
cropped_00000011_1_2400_2400.png,cropped_00000011_1_2400_2400_mask.png
cropped_00000011_1_0_1920.png,cropped_00000011_1_0_1920_mask.png
cropped_0016_label_5YuL3VcR_960_480.png,cropped_0016_label_5YuL3VcR_960_480_mask.png
cropped_0016_label_5YuL3VcR_480_2400.png,cropped_0016_label_5YuL3VcR_480_2400_mask.png
cropped_0016_label_5YuL3VcR_0_960.png,cropped_0016_label_5YuL3VcR_0_960_mask.png
cropped_0016_label_5YuL3VcR_2400_480.png,cropped_0016_label_5YuL3VcR_2400_480_mask.png
cropped_0016_label_5YuL3VcR_480_480.png,cropped_0016_label_5YuL3VcR_480_480_mask.png
cropped_0016_label_5YuL3VcR_1920_960.png,cropped_0016_label_5YuL3VcR_1920_960_mask.png
cropped_0016_label_5YuL3VcR_0_1440.png,cropped_0016_label_5YuL3VcR_0_1440_mask.png
cropped_0016_label_5YuL3VcR_1920_0.png,cropped_0016_label_5YuL3VcR_1920_0_mask.png
cropped_0016_label_5YuL3VcR_480_960.png,cropped_0016_label_5YuL3VcR_480_960_mask.png
cropped_0016_label_5YuL3VcR_3360_2880.png,cropped_0016_label_5YuL3VcR_3360_2880_mask.png
cropped_0016_label_5YuL3VcR_2400_1920.png,cropped_0016_label_5YuL3VcR_2400_1920_mask.png
cropped_0016_label_5YuL3VcR_1920_1440.png,cropped_0016_label_5YuL3VcR_1920_1440_mask.png
cropped_0016_label_5YuL3VcR_960_1440.png,cropped_0016_label_5YuL3VcR_960_1440_mask.png
cropped_0016_label_5YuL3VcR_2880_1440.png,cropped_0016_label_5YuL3VcR_2880_1440_mask.png
cropped_0016_label_5YuL3VcR_0_0.png,cropped_0016_label_5YuL3VcR_0_0_mask.png
cropped_0016_label_5YuL3VcR_2400_2400.png,cropped_0016_label_5YuL3VcR_2400_2400_mask.png
cropped_0016_label_5YuL3VcR_3840_0.png,cropped_0016_label_5YuL3VcR_3840_0_mask.png
cropped_0016_label_5YuL3VcR_3360_1920.png,cropped_0016_label_5YuL3VcR_3360_1920_mask.png
cropped_0016_label_5YuL3VcR_1920_480.png,cropped_0016_label_5YuL3VcR_1920_480_mask.png
cropped_0016_label_5YuL3VcR_2880_0.png,cropped_0016_label_5YuL3VcR_2880_0_mask.png
cropped_0016_label_5YuL3VcR_960_960.png,cropped_0016_label_5YuL3VcR_960_960_mask.png
cropped_0016_label_5YuL3VcR_2400_1440.png,cropped_0016_label_5YuL3VcR_2400_1440_mask.png
cropped_0016_label_5YuL3VcR_1440_0.png,cropped_0016_label_5YuL3VcR_1440_0_mask.png
cropped_0001_label_ouHctxiB_3840_1440.png,cropped_0001_label_ouHctxiB_3840_1440_mask.png
cropped_0001_label_ouHctxiB_3840_2880.png,cropped_0001_label_ouHctxiB_3840_2880_mask.png
cropped_0001_label_ouHctxiB_960_1440.png,cropped_0001_label_ouHctxiB_960_1440_mask.png
cropped_0001_label_ouHctxiB_2400_1440.png,cropped_0001_label_ouHctxiB_2400_1440_mask.png
cropped_0001_label_ouHctxiB_960_0.png,cropped_0001_label_ouHctxiB_960_0_mask.png
cropped_0001_label_ouHctxiB_960_480.png,cropped_0001_label_ouHctxiB_960_480_mask.png
cropped_0001_label_ouHctxiB_1440_0.png,cropped_0001_label_ouHctxiB_1440_0_mask.png
cropped_0001_label_ouHctxiB_2880_2880.png,cropped_0001_label_ouHctxiB_2880_2880_mask.png
cropped_0001_label_ouHctxiB_960_960.png,cropped_0001_label_ouHctxiB_960_960_mask.png
cropped_0001_label_ouHctxiB_0_960.png,cropped_0001_label_ouHctxiB_0_960_mask.png
cropped_0001_label_ouHctxiB_960_2400.png,cropped_0001_label_ouHctxiB_960_2400_mask.png
cropped_0001_label_ouHctxiB_2400_960.png,cropped_0001_label_ouHctxiB_2400_960_mask.png
cropped_0001_label_ouHctxiB_960_2880.png,cropped_0001_label_ouHctxiB_960_2880_mask.png
cropped_0001_label_ouHctxiB_480_0.png,cropped_0001_label_ouHctxiB_480_0_mask.png
cropped_0001_label_ouHctxiB_960_1920.png,cropped_0001_label_ouHctxiB_960_1920_mask.png
cropped_0001_label_ouHctxiB_1440_1440.png,cropped_0001_label_ouHctxiB_1440_1440_mask.png
cropped_0001_label_ouHctxiB_0_0.png,cropped_0001_label_ouHctxiB_0_0_mask.png
cropped_0001_label_ouHctxiB_1440_960.png,cropped_0001_label_ouHctxiB_1440_960_mask.png
cropped_0001_label_ouHctxiB_1440_480.png,cropped_0001_label_ouHctxiB_1440_480_mask.png
cropped_00000024_2_1920_2400.png,cropped_00000024_2_1920_2400_mask.png
cropped_00000024_2_1920_480.png,cropped_00000024_2_1920_480_mask.png
cropped_00000024_2_3360_1920.png,cropped_00000024_2_3360_1920_mask.png
cropped_00000024_2_480_960.png,cropped_00000024_2_480_960_mask.png
cropped_00000024_2_1440_1440.png,cropped_00000024_2_1440_1440_mask.png
cropped_00000024_2_3360_480.png,cropped_00000024_2_3360_480_mask.png
cropped_00000024_2_1440_480.png,cropped_00000024_2_1440_480_mask.png
cropped_00000024_2_960_1440.png,cropped_00000024_2_960_1440_mask.png
cropped_00000024_2_2880_480.png,cropped_00000024_2_2880_480_mask.png
cropped_00000024_2_960_0.png,cropped_00000024_2_960_0_mask.png
cropped_00000024_2_2400_1440.png,cropped_00000024_2_2400_1440_mask.png
cropped_00000024_2_0_2400.png,cropped_00000024_2_0_2400_mask.png
cropped_00000024_2_2400_0.png,cropped_00000024_2_2400_0_mask.png
cropped_00000024_2_1920_1440.png,cropped_00000024_2_1920_1440_mask.png
cropped_00000024_2_3360_960.png,cropped_00000024_2_3360_960_mask.png
cropped_00000024_2_480_2880.png,cropped_00000024_2_480_2880_mask.png
cropped_00000024_2_0_480.png,cropped_00000024_2_0_480_mask.png
cropped_00000024_2_0_2880.png,cropped_00000024_2_0_2880_mask.png
cropped_00000024_2_3840_2400.png,cropped_00000024_2_3840_2400_mask.png
cropped_00000024_2_1440_2400.png,cropped_00000024_2_1440_2400_mask.png
cropped_00000024_2_480_1440.png,cropped_00000024_2_480_1440_mask.png
cropped_00000024_2_480_0.png,cropped_00000024_2_480_0_mask.png
cropped_0015_label_PmivjAla_2400_2880.png,cropped_0015_label_PmivjAla_2400_2880_mask.png
cropped_0015_label_PmivjAla_2880_1440.png,cropped_0015_label_PmivjAla_2880_1440_mask.png
cropped_0015_label_PmivjAla_960_2400.png,cropped_0015_label_PmivjAla_960_2400_mask.png
cropped_0015_label_PmivjAla_2400_1440.png,cropped_0015_label_PmivjAla_2400_1440_mask.png
cropped_0015_label_PmivjAla_960_960.png,cropped_0015_label_PmivjAla_960_960_mask.png
cropped_0015_label_PmivjAla_1920_0.png,cropped_0015_label_PmivjAla_1920_0_mask.png
cropped_0015_label_PmivjAla_1440_480.png,cropped_0015_label_PmivjAla_1440_480_mask.png
cropped_0015_label_PmivjAla_480_960.png,cropped_0015_label_PmivjAla_480_960_mask.png
cropped_0015_label_PmivjAla_0_1920.png,cropped_0015_label_PmivjAla_0_1920_mask.png
cropped_0015_label_PmivjAla_480_2400.png,cropped_0015_label_PmivjAla_480_2400_mask.png
cropped_0015_label_PmivjAla_960_1440.png,cropped_0015_label_PmivjAla_960_1440_mask.png
cropped_0015_label_PmivjAla_3840_1440.png,cropped_0015_label_PmivjAla_3840_1440_mask.png
cropped_0015_label_PmivjAla_3360_480.png,cropped_0015_label_PmivjAla_3360_480_mask.png
cropped_0015_label_PmivjAla_2880_480.png,cropped_0015_label_PmivjAla_2880_480_mask.png
cropped_0015_label_PmivjAla_2880_1920.png,cropped_0015_label_PmivjAla_2880_1920_mask.png
cropped_0015_label_PmivjAla_3360_2880.png,cropped_0015_label_PmivjAla_3360_2880_mask.png
cropped_0015_label_PmivjAla_1440_2880.png,cropped_0015_label_PmivjAla_1440_2880_mask.png
cropped_0015_label_PmivjAla_2400_960.png,cropped_0015_label_PmivjAla_2400_960_mask.png
cropped_0015_label_PmivjAla_1440_2400.png,cropped_0015_label_PmivjAla_1440_2400_mask.png
cropped_0015_label_PmivjAla_1440_0.png,cropped_0015_label_PmivjAla_1440_0_mask.png
cropped_0015_label_PmivjAla_960_2880.png,cropped_0015_label_PmivjAla_960_2880_mask.png
cropped_0015_label_PmivjAla_3840_960.png,cropped_0015_label_PmivjAla_3840_960_mask.png
cropped_0015_label_PmivjAla_1440_1920.png,cropped_0015_label_PmivjAla_1440_1920_mask.png
cropped_0020_label_iSVx22hl_3840_2880.png,cropped_0020_label_iSVx22hl_3840_2880_mask.png
cropped_0020_label_iSVx22hl_1440_960.png,cropped_0020_label_iSVx22hl_1440_960_mask.png
cropped_0020_label_iSVx22hl_1920_480.png,cropped_0020_label_iSVx22hl_1920_480_mask.png
cropped_0020_label_iSVx22hl_0_0.png,cropped_0020_label_iSVx22hl_0_0_mask.png
cropped_0020_label_iSVx22hl_960_0.png,cropped_0020_label_iSVx22hl_960_0_mask.png
cropped_0020_label_iSVx22hl_2880_2400.png,cropped_0020_label_iSVx22hl_2880_2400_mask.png
cropped_0020_label_iSVx22hl_2400_480.png,cropped_0020_label_iSVx22hl_2400_480_mask.png
cropped_0020_label_iSVx22hl_2880_480.png,cropped_0020_label_iSVx22hl_2880_480_mask.png
cropped_0020_label_iSVx22hl_2880_960.png,cropped_0020_label_iSVx22hl_2880_960_mask.png
cropped_0020_label_iSVx22hl_2400_960.png,cropped_0020_label_iSVx22hl_2400_960_mask.png
cropped_0020_label_iSVx22hl_960_2880.png,cropped_0020_label_iSVx22hl_960_2880_mask.png
cropped_0020_label_iSVx22hl_2400_1920.png,cropped_0020_label_iSVx22hl_2400_1920_mask.png
cropped_0020_label_iSVx22hl_0_2400.png,cropped_0020_label_iSVx22hl_0_2400_mask.png
cropped_0020_label_iSVx22hl_2400_2880.png,cropped_0020_label_iSVx22hl_2400_2880_mask.png
cropped_0020_label_iSVx22hl_2880_2880.png,cropped_0020_label_iSVx22hl_2880_2880_mask.png
cropped_0020_label_iSVx22hl_960_1920.png,cropped_0020_label_iSVx22hl_960_1920_mask.png
cropped_0020_label_iSVx22hl_2400_2400.png,cropped_0020_label_iSVx22hl_2400_2400_mask.png
cropped_0020_label_iSVx22hl_960_2400.png,cropped_0020_label_iSVx22hl_960_2400_mask.png
cropped_0020_label_iSVx22hl_0_1440.png,cropped_0020_label_iSVx22hl_0_1440_mask.png
cropped_0020_label_iSVx22hl_3360_2400.png,cropped_0020_label_iSVx22hl_3360_2400_mask.png
cropped_0020_label_iSVx22hl_0_2880.png,cropped_0020_label_iSVx22hl_0_2880_mask.png
cropped_0020_label_iSVx22hl_480_1440.png,cropped_0020_label_iSVx22hl_480_1440_mask.png
cropped_0020_label_iSVx22hl_1920_1440.png,cropped_0020_label_iSVx22hl_1920_1440_mask.png
cropped_0020_label_iSVx22hl_960_1440.png,cropped_0020_label_iSVx22hl_960_1440_mask.png
cropped_00000053_960_0.png,cropped_00000053_960_0_mask.png
cropped_00000053_1440_1920.png,cropped_00000053_1440_1920_mask.png
cropped_00000053_2400_2400.png,cropped_00000053_2400_2400_mask.png
cropped_00000053_2880_960.png,cropped_00000053_2880_960_mask.png
cropped_00000053_3360_960.png,cropped_00000053_3360_960_mask.png
cropped_00000053_0_1920.png,cropped_00000053_0_1920_mask.png
cropped_00000053_1440_2400.png,cropped_00000053_1440_2400_mask.png
cropped_00000053_1920_1920.png,cropped_00000053_1920_1920_mask.png
cropped_00000053_1920_480.png,cropped_00000053_1920_480_mask.png
cropped_00000053_3840_1440.png,cropped_00000053_3840_1440_mask.png
cropped_00000053_2400_1920.png,cropped_00000053_2400_1920_mask.png
cropped_00000053_1440_480.png,cropped_00000053_1440_480_mask.png
cropped_00000053_0_480.png,cropped_00000053_0_480_mask.png
cropped_00000053_2400_960.png,cropped_00000053_2400_960_mask.png
cropped_00000053_960_2880.png,cropped_00000053_960_2880_mask.png
cropped_00000053_1440_0.png,cropped_00000053_1440_0_mask.png
cropped_00000053_1440_2880.png,cropped_00000053_1440_2880_mask.png
cropped_00000053_960_480.png,cropped_00000053_960_480_mask.png
cropped_00000053_3360_1920.png,cropped_00000053_3360_1920_mask.png
cropped_00000053_480_1920.png,cropped_00000053_480_1920_mask.png
cropped_00000053_1920_960.png,cropped_00000053_1920_960_mask.png
cropped_00000053_1920_1440.png,cropped_00000053_1920_1440_mask.png
cropped_0016_label_ouHctxiB_3360_0.png,cropped_0016_label_ouHctxiB_3360_0_mask.png
cropped_0016_label_ouHctxiB_2880_1920.png,cropped_0016_label_ouHctxiB_2880_1920_mask.png
cropped_0016_label_ouHctxiB_3840_1920.png,cropped_0016_label_ouHctxiB_3840_1920_mask.png
cropped_0016_label_ouHctxiB_1920_0.png,cropped_0016_label_ouHctxiB_1920_0_mask.png
cropped_0016_label_ouHctxiB_2880_0.png,cropped_0016_label_ouHctxiB_2880_0_mask.png
cropped_0016_label_ouHctxiB_960_1440.png,cropped_0016_label_ouHctxiB_960_1440_mask.png
cropped_0016_label_ouHctxiB_2400_480.png,cropped_0016_label_ouHctxiB_2400_480_mask.png
cropped_0016_label_ouHctxiB_3840_480.png,cropped_0016_label_ouHctxiB_3840_480_mask.png
cropped_0016_label_ouHctxiB_2400_0.png,cropped_0016_label_ouHctxiB_2400_0_mask.png
cropped_0016_label_ouHctxiB_2400_2400.png,cropped_0016_label_ouHctxiB_2400_2400_mask.png
cropped_0016_label_ouHctxiB_0_960.png,cropped_0016_label_ouHctxiB_0_960_mask.png
cropped_0016_label_ouHctxiB_1920_1920.png,cropped_0016_label_ouHctxiB_1920_1920_mask.png
cropped_0016_label_ouHctxiB_3840_0.png,cropped_0016_label_ouHctxiB_3840_0_mask.png
cropped_0016_label_ouHctxiB_3360_2400.png,cropped_0016_label_ouHctxiB_3360_2400_mask.png
cropped_0016_label_ouHctxiB_2880_480.png,cropped_0016_label_ouHctxiB_2880_480_mask.png
cropped_0016_label_ouHctxiB_1440_480.png,cropped_0016_label_ouHctxiB_1440_480_mask.png
cropped_0016_label_ouHctxiB_2400_960.png,cropped_0016_label_ouHctxiB_2400_960_mask.png
cropped_0016_label_ouHctxiB_0_0.png,cropped_0016_label_ouHctxiB_0_0_mask.png
cropped_0016_label_ouHctxiB_0_480.png,cropped_0016_label_ouHctxiB_0_480_mask.png
cropped_0016_label_ouHctxiB_480_2880.png,cropped_0016_label_ouHctxiB_480_2880_mask.png
cropped_0016_label_ouHctxiB_1920_1440.png,cropped_0016_label_ouHctxiB_1920_1440_mask.png
cropped_0016_label_ouHctxiB_960_2400.png,cropped_0016_label_ouHctxiB_960_2400_mask.png
cropped_0016_label_ouHctxiB_2880_2400.png,cropped_0016_label_ouHctxiB_2880_2400_mask.png
cropped_0000_label_WgYVYe3Q_1440_2880.png,cropped_0000_label_WgYVYe3Q_1440_2880_mask.png
cropped_0000_label_WgYVYe3Q_480_480.png,cropped_0000_label_WgYVYe3Q_480_480_mask.png
cropped_0000_label_WgYVYe3Q_960_2400.png,cropped_0000_label_WgYVYe3Q_960_2400_mask.png
cropped_0000_label_WgYVYe3Q_2880_1920.png,cropped_0000_label_WgYVYe3Q_2880_1920_mask.png
cropped_0000_label_WgYVYe3Q_3840_480.png,cropped_0000_label_WgYVYe3Q_3840_480_mask.png
cropped_0000_label_WgYVYe3Q_480_1440.png,cropped_0000_label_WgYVYe3Q_480_1440_mask.png
cropped_0000_label_WgYVYe3Q_960_480.png,cropped_0000_label_WgYVYe3Q_960_480_mask.png
cropped_0000_label_WgYVYe3Q_2400_0.png,cropped_0000_label_WgYVYe3Q_2400_0_mask.png
cropped_0000_label_WgYVYe3Q_2880_2400.png,cropped_0000_label_WgYVYe3Q_2880_2400_mask.png
cropped_0000_label_WgYVYe3Q_2400_480.png,cropped_0000_label_WgYVYe3Q_2400_480_mask.png
cropped_0000_label_WgYVYe3Q_3840_2400.png,cropped_0000_label_WgYVYe3Q_3840_2400_mask.png
cropped_0000_label_WgYVYe3Q_960_960.png,cropped_0000_label_WgYVYe3Q_960_960_mask.png
cropped_0000_label_WgYVYe3Q_3840_1920.png,cropped_0000_label_WgYVYe3Q_3840_1920_mask.png
cropped_0000_label_WgYVYe3Q_2880_960.png,cropped_0000_label_WgYVYe3Q_2880_960_mask.png
cropped_0000_label_WgYVYe3Q_0_2880.png,cropped_0000_label_WgYVYe3Q_0_2880_mask.png
cropped_0000_label_WgYVYe3Q_0_1440.png,cropped_0000_label_WgYVYe3Q_0_1440_mask.png
cropped_0000_label_WgYVYe3Q_2880_0.png,cropped_0000_label_WgYVYe3Q_2880_0_mask.png
cropped_0013_label_ckrYP90D_960_960.png,cropped_0013_label_ckrYP90D_960_960_mask.png
cropped_0013_label_ckrYP90D_1440_2880.png,cropped_0013_label_ckrYP90D_1440_2880_mask.png
cropped_0013_label_ckrYP90D_3840_2880.png,cropped_0013_label_ckrYP90D_3840_2880_mask.png
cropped_0013_label_ckrYP90D_1440_960.png,cropped_0013_label_ckrYP90D_1440_960_mask.png
cropped_0013_label_ckrYP90D_0_1920.png,cropped_0013_label_ckrYP90D_0_1920_mask.png
cropped_0013_label_ckrYP90D_1440_2400.png,cropped_0013_label_ckrYP90D_1440_2400_mask.png
cropped_0013_label_ckrYP90D_1920_1920.png,cropped_0013_label_ckrYP90D_1920_1920_mask.png
cropped_0013_label_ckrYP90D_0_2400.png,cropped_0013_label_ckrYP90D_0_2400_mask.png
cropped_0013_label_ckrYP90D_960_2400.png,cropped_0013_label_ckrYP90D_960_2400_mask.png
cropped_0013_label_ckrYP90D_2400_2880.png,cropped_0013_label_ckrYP90D_2400_2880_mask.png
cropped_0013_label_ckrYP90D_3360_2400.png,cropped_0013_label_ckrYP90D_3360_2400_mask.png
cropped_0013_label_ckrYP90D_1440_0.png,cropped_0013_label_ckrYP90D_1440_0_mask.png
cropped_0013_label_ckrYP90D_2880_960.png,cropped_0013_label_ckrYP90D_2880_960_mask.png
cropped_0013_label_ckrYP90D_2400_2400.png,cropped_0013_label_ckrYP90D_2400_2400_mask.png
cropped_0002_label_0xjUoY7D_1_1440_1440.png,cropped_0002_label_0xjUoY7D_1_1440_1440_mask.png
cropped_0002_label_0xjUoY7D_1_960_1440.png,cropped_0002_label_0xjUoY7D_1_960_1440_mask.png
cropped_0002_label_0xjUoY7D_1_3840_1920.png,cropped_0002_label_0xjUoY7D_1_3840_1920_mask.png
cropped_0002_label_0xjUoY7D_1_3360_0.png,cropped_0002_label_0xjUoY7D_1_3360_0_mask.png
cropped_0002_label_0xjUoY7D_1_0_1920.png,cropped_0002_label_0xjUoY7D_1_0_1920_mask.png
cropped_0002_label_0xjUoY7D_1_3840_1440.png,cropped_0002_label_0xjUoY7D_1_3840_1440_mask.png
cropped_0002_label_0xjUoY7D_1_2400_1440.png,cropped_0002_label_0xjUoY7D_1_2400_1440_mask.png
cropped_0002_label_0xjUoY7D_1_0_960.png,cropped_0002_label_0xjUoY7D_1_0_960_mask.png
cropped_0002_label_0xjUoY7D_1_3360_2880.png,cropped_0002_label_0xjUoY7D_1_3360_2880_mask.png
cropped_0002_label_0xjUoY7D_1_0_2880.png,cropped_0002_label_0xjUoY7D_1_0_2880_mask.png
cropped_0002_label_0xjUoY7D_1_480_1440.png,cropped_0002_label_0xjUoY7D_1_480_1440_mask.png
cropped_0002_label_0xjUoY7D_1_2880_1440.png,cropped_0002_label_0xjUoY7D_1_2880_1440_mask.png
cropped_0002_label_0xjUoY7D_1_2400_0.png,cropped_0002_label_0xjUoY7D_1_2400_0_mask.png
cropped_0002_label_0xjUoY7D_1_2880_1920.png,cropped_0002_label_0xjUoY7D_1_2880_1920_mask.png
cropped_0002_label_0xjUoY7D_1_1920_960.png,cropped_0002_label_0xjUoY7D_1_1920_960_mask.png
cropped_0002_label_0xjUoY7D_1_480_2880.png,cropped_0002_label_0xjUoY7D_1_480_2880_mask.png
cropped_0002_label_0xjUoY7D_1_1440_2400.png,cropped_0002_label_0xjUoY7D_1_1440_2400_mask.png
cropped_0002_label_0xjUoY7D_1_960_0.png,cropped_0002_label_0xjUoY7D_1_960_0_mask.png
cropped_0002_label_0xjUoY7D_1_960_480.png,cropped_0002_label_0xjUoY7D_1_960_480_mask.png
cropped_0002_label_0xjUoY7D_1_0_1440.png,cropped_0002_label_0xjUoY7D_1_0_1440_mask.png
cropped_0002_label_0xjUoY7D_1_480_2400.png,cropped_0002_label_0xjUoY7D_1_480_2400_mask.png
cropped_0002_label_0xjUoY7D_1_3360_1920.png,cropped_0002_label_0xjUoY7D_1_3360_1920_mask.png
cropped_0002_label_0xjUoY7D_1_1440_0.png,cropped_0002_label_0xjUoY7D_1_1440_0_mask.png
cropped_0002_label_0xjUoY7D_1_1440_2880.png,cropped_0002_label_0xjUoY7D_1_1440_2880_mask.png
cropped_0002_label_0xjUoY7D_1_1440_480.png,cropped_0002_label_0xjUoY7D_1_1440_480_mask.png
cropped_0002_label_0xjUoY7D_1_1440_960.png,cropped_0002_label_0xjUoY7D_1_1440_960_mask.png
cropped_0002_label_0xjUoY7D_1_2880_2880.png,cropped_0002_label_0xjUoY7D_1_2880_2880_mask.png
cropped_0002_label_0xjUoY7D_1_2880_960.png,cropped_0002_label_0xjUoY7D_1_2880_960_mask.png
cropped_0002_label_0xjUoY7D_1_2400_1920.png,cropped_0002_label_0xjUoY7D_1_2400_1920_mask.png
cropped_0002_label_0xjUoY7D_1_480_480.png,cropped_0002_label_0xjUoY7D_1_480_480_mask.png
cropped_0002_label_0xjUoY7D_1_1920_0.png,cropped_0002_label_0xjUoY7D_1_1920_0_mask.png
cropped_0002_label_0xjUoY7D_1_2400_2880.png,cropped_0002_label_0xjUoY7D_1_2400_2880_mask.png
cropped_0002_label_0xjUoY7D_1_2400_2400.png,cropped_0002_label_0xjUoY7D_1_2400_2400_mask.png
cropped_0002_label_0xjUoY7D_1_0_480.png,cropped_0002_label_0xjUoY7D_1_0_480_mask.png
cropped_0002_label_0xjUoY7D_1_3360_1440.png,cropped_0002_label_0xjUoY7D_1_3360_1440_mask.png
cropped_0002_label_0xjUoY7D_1_3360_960.png,cropped_0002_label_0xjUoY7D_1_3360_960_mask.png
cropped_00000045_3_1440_1920.png,cropped_00000045_3_1440_1920_mask.png
cropped_00000045_3_2400_0.png,cropped_00000045_3_2400_0_mask.png
cropped_00000045_3_3360_2880.png,cropped_00000045_3_3360_2880_mask.png
cropped_00000045_3_3840_480.png,cropped_00000045_3_3840_480_mask.png
cropped_00000045_3_480_2880.png,cropped_00000045_3_480_2880_mask.png
cropped_00000045_3_2400_1920.png,cropped_00000045_3_2400_1920_mask.png
cropped_00000045_3_2400_1440.png,cropped_00000045_3_2400_1440_mask.png
cropped_00000045_3_3360_480.png,cropped_00000045_3_3360_480_mask.png
cropped_00000045_3_3840_2400.png,cropped_00000045_3_3840_2400_mask.png
cropped_00000045_3_3360_1440.png,cropped_00000045_3_3360_1440_mask.png
cropped_00000045_3_960_960.png,cropped_00000045_3_960_960_mask.png
cropped_00000045_3_1920_1920.png,cropped_00000045_3_1920_1920_mask.png
cropped_00000045_3_1920_2400.png,cropped_00000045_3_1920_2400_mask.png
cropped_00000045_3_3840_2880.png,cropped_00000045_3_3840_2880_mask.png
cropped_00000045_3_1440_2880.png,cropped_00000045_3_1440_2880_mask.png
cropped_00000045_3_2400_960.png,cropped_00000045_3_2400_960_mask.png
cropped_00000045_3_0_2880.png,cropped_00000045_3_0_2880_mask.png
cropped_0008_label_egaPlFje_960_1440.png,cropped_0008_label_egaPlFje_960_1440_mask.png
cropped_0008_label_egaPlFje_2880_1440.png,cropped_0008_label_egaPlFje_2880_1440_mask.png
cropped_0008_label_egaPlFje_3840_1920.png,cropped_0008_label_egaPlFje_3840_1920_mask.png
cropped_0008_label_egaPlFje_3840_1440.png,cropped_0008_label_egaPlFje_3840_1440_mask.png
cropped_0008_label_egaPlFje_2400_1920.png,cropped_0008_label_egaPlFje_2400_1920_mask.png
cropped_0008_label_egaPlFje_1920_960.png,cropped_0008_label_egaPlFje_1920_960_mask.png
cropped_0008_label_egaPlFje_0_2880.png,cropped_0008_label_egaPlFje_0_2880_mask.png
cropped_0008_label_egaPlFje_3360_1920.png,cropped_0008_label_egaPlFje_3360_1920_mask.png
cropped_0008_label_egaPlFje_3840_2880.png,cropped_0008_label_egaPlFje_3840_2880_mask.png
cropped_0008_label_egaPlFje_1440_1440.png,cropped_0008_label_egaPlFje_1440_1440_mask.png
cropped_0008_label_egaPlFje_0_2400.png,cropped_0008_label_egaPlFje_0_2400_mask.png
cropped_0008_label_egaPlFje_2400_1440.png,cropped_0008_label_egaPlFje_2400_1440_mask.png
cropped_0008_label_egaPlFje_1440_1920.png,cropped_0008_label_egaPlFje_1440_1920_mask.png
cropped_0008_label_egaPlFje_2880_480.png,cropped_0008_label_egaPlFje_2880_480_mask.png
cropped_0008_label_egaPlFje_480_2880.png,cropped_0008_label_egaPlFje_480_2880_mask.png
cropped_0008_label_egaPlFje_1920_2880.png,cropped_0008_label_egaPlFje_1920_2880_mask.png
cropped_0008_label_egaPlFje_0_1440.png,cropped_0008_label_egaPlFje_0_1440_mask.png
cropped_0008_label_egaPlFje_2400_960.png,cropped_0008_label_egaPlFje_2400_960_mask.png
cropped_0008_label_egaPlFje_960_0.png,cropped_0008_label_egaPlFje_960_0_mask.png
cropped_0008_label_egaPlFje_3360_1440.png,cropped_0008_label_egaPlFje_3360_1440_mask.png
cropped_0008_label_egaPlFje_0_480.png,cropped_0008_label_egaPlFje_0_480_mask.png
